gw_key,sensor_key,distance_threshold,outlier_threshold,remove_intersections,sensor_latitude,sensor_longitude,sensor_altitude
0,A,500.0,0,0,61.49124555555557,23.75823291666667,0.0
1,B,500.0,0,0,61.4876,23.72447716666667,0.0
2,C,500.0,0,0,61.4876,23.72447716666667,0.0
3,D,500.0,0,0,61.4876,23.72447716666667,0.0
4,E,500.0,0,0,61.473642777777776,23.597026805555554,0.0
5,F,500.0,0,0,61.442388333333334,23.4855235,0.0
6,G,500.0,0,0,61.47026555555557,23.52483741666667,0.0
7,H,500.0,0,0,61.4632775,23.437638638888888,0.0
8,R,500.0,0,0,61.476639722222224,23.33223580555555,0.0
9,S,500.0,0,0,61.40298666666666,23.07322130555556,0.0
10,K,500.0,0,0,61.34970305555557,22.967151277777766,0.0
11,L,500.0,0,0,61.32881833333334,22.84736944444445,0.0
12,M,500.0,0,0,61.26642444444445,22.696800444444445,0.0
13,N,500.0,0,0,61.21319611111112,22.67778783333333,0.0
14,O,500.0,0,0,61.1977488888889,22.64844913888889,0.0
15,P,500.0,0,0,61.27355583333333,22.355416138888888,0.0
0,A,500.0,0,1,61.49124555555557,23.75823291666667,0.0
4,E,500.0,0,1,61.473642777777776,23.597026805555554,0.0
5,F,500.0,0,1,61.442388333333334,23.4855235,0.0
6,G,500.0,0,1,61.47026555555557,23.52483741666667,0.0
7,H,500.0,0,1,61.463277500000004,23.437638638888888,0.0
8,R,500.0,0,1,61.476639722222224,23.33223580555555,0.0
9,S,500.0,0,1,61.40298666666666,23.07322130555556,0.0
10,K,500.0,0,1,61.34970305555557,22.967151277777766,0.0
11,L,500.0,0,1,61.32881833333334,22.84736944444445,0.0
12,M,500.0,0,1,61.26642444444445,22.696800444444445,0.0
13,N,500.0,0,1,61.21319611111112,22.67778783333333,0.0
14,O,500.0,0,1,61.1977488888889,22.64844913888889,0.0
15,P,500.0,0,1,61.27355583333333,22.355416138888888,0.0
0,A,1000.0,0,0,61.49124555555557,23.75823291666667,0.0
0,B,1000.0,0,0,61.4876,23.72447716666667,0.0
0,C,1000.0,0,0,61.4876,23.72447716666667,0.0
0,D,1000.0,0,0,61.4876,23.72447716666667,0.0
6,E,1000.0,0,0,61.473642777777776,23.597026805555554,0.0
7,F,1000.0,0,0,61.442388333333334,23.4855235,0.0
8,G,1000.0,0,0,61.47026555555557,23.52483741666667,0.0
9,H,1000.0,0,0,61.4632775,23.437638638888888,0.0
10,R,1000.0,0,0,61.476639722222224,23.33223580555555,0.0
11,S,1000.0,0,0,61.40298666666666,23.07322130555556,0.0
12,K,1000.0,0,0,61.34970305555557,22.967151277777766,0.0
13,L,1000.0,0,0,61.32881833333334,22.84736944444445,0.0
14,M,1000.0,0,0,61.26642444444445,22.696800444444445,0.0
15,N,1000.0,0,0,61.21319611111112,22.67778783333333,0.0
16,O,1000.0,0,0,61.1977488888889,22.64844913888889,0.0
17,P,1000.0,0,0,61.27355583333333,22.355416138888888,0.0
0,A,1000.0,1,0,61.49124555555557,23.75823291666667,0.0
0,B,1000.0,1,0,61.4876,23.72447716666667,0.0
0,C,1000.0,1,0,61.4876,23.72447716666667,0.0
0,D,1000.0,1,0,61.4876,23.72447716666667,0.0
0,A,1000.0,2,0,61.49124555555557,23.75823291666667,0.0
0,B,1000.0,2,0,61.4876,23.72447716666667,0.0
0,C,1000.0,2,0,61.4876,23.72447716666667,0.0
0,D,1000.0,2,0,61.4876,23.72447716666667,0.0
0,A,1000.0,3,0,61.49124555555557,23.75823291666667,0.0
0,B,1000.0,3,0,61.4876,23.72447716666667,0.0
0,C,1000.0,3,0,61.4876,23.72447716666667,0.0
0,D,1000.0,3,0,61.4876,23.72447716666667,0.0
0,A,1000.0,0,1,61.49124555555557,23.75823291666667,0.0
0,B,1000.0,0,1,61.4876,23.72447716666667,0.0
0,C,1000.0,0,1,61.4876,23.72447716666667,0.0
0,D,1000.0,0,1,61.4876,23.72447716666667,0.0
6,E,1000.0,0,1,61.473642777777776,23.597026805555554,0.0
7,F,1000.0,0,1,61.442388333333334,23.4855235,0.0
8,G,1000.0,0,1,61.47026555555557,23.52483741666667,0.0
9,H,1000.0,0,1,61.4632775,23.437638638888888,0.0
10,R,1000.0,0,1,61.476639722222224,23.33223580555555,0.0
11,S,1000.0,0,1,61.40298666666666,23.07322130555556,0.0
12,K,1000.0,0,1,61.34970305555557,22.967151277777766,0.0
13,L,1000.0,0,1,61.32881833333334,22.84736944444445,0.0
14,M,1000.0,0,1,61.26642444444445,22.696800444444445,0.0
15,N,1000.0,0,1,61.21319611111112,22.67778783333333,0.0
16,O,1000.0,0,1,61.1977488888889,22.64844913888889,0.0
17,P,1000.0,0,1,61.27355583333333,22.355416138888888,0.0
0,A,1000.0,1,1,61.49124555555557,23.75823291666667,0.0
0,B,1000.0,1,1,61.4876,23.72447716666667,0.0
0,C,1000.0,1,1,61.4876,23.72447716666667,0.0
0,D,1000.0,1,1,61.4876,23.72447716666667,0.0
0,A,1000.0,2,1,61.49124555555557,23.75823291666667,0.0
0,B,1000.0,2,1,61.4876,23.72447716666667,0.0
0,C,1000.0,2,1,61.4876,23.72447716666667,0.0
0,D,1000.0,2,1,61.4876,23.72447716666667,0.0
0,A,1000.0,3,1,61.49124555555557,23.75823291666667,0.0
0,B,1000.0,3,1,61.4876,23.72447716666667,0.0
0,C,1000.0,3,1,61.4876,23.72447716666667,0.0
0,D,1000.0,3,1,61.4876,23.72447716666667,0.0
0,A,1500.0,0,0,61.49124555555557,23.75823291666667,0.0
0,B,1500.0,0,0,61.4876,23.72447716666667,0.0
0,C,1500.0,0,0,61.4876,23.72447716666667,0.0
0,D,1500.0,0,0,61.4876,23.72447716666667,0.0
8,E,1500.0,0,0,61.473642777777776,23.597026805555554,0.0
9,F,1500.0,0,0,61.442388333333334,23.4855235,0.0
10,G,1500.0,0,0,61.47026555555557,23.52483741666667,0.0
11,H,1500.0,0,0,61.4632775,23.437638638888888,0.0
12,R,1500.0,0,0,61.476639722222224,23.33223580555555,0.0
13,S,1500.0,0,0,61.40298666666666,23.07322130555556,0.0
14,K,1500.0,0,0,61.34970305555557,22.967151277777766,0.0
15,L,1500.0,0,0,61.32881833333334,22.84736944444445,0.0
16,M,1500.0,0,0,61.26642444444445,22.696800444444445,0.0
6,N,1500.0,0,0,61.21319611111112,22.67778783333333,0.0
6,O,1500.0,0,0,61.1977488888889,22.64844913888889,0.0
17,P,1500.0,0,0,61.27355583333333,22.355416138888888,0.0
0,A,1500.0,1,0,61.49124555555557,23.75823291666667,0.0
0,B,1500.0,1,0,61.4876,23.72447716666667,0.0
0,C,1500.0,1,0,61.4876,23.72447716666667,0.0
0,D,1500.0,1,0,61.4876,23.72447716666667,0.0
6,N,1500.0,1,0,61.21319611111112,22.67778783333333,0.0
6,O,1500.0,1,0,61.1977488888889,22.64844913888889,0.0
0,A,1500.0,2,0,61.49124555555557,23.75823291666667,0.0
0,B,1500.0,2,0,61.4876,23.72447716666667,0.0
0,C,1500.0,2,0,61.4876,23.72447716666667,0.0
0,D,1500.0,2,0,61.4876,23.72447716666667,0.0
0,A,1500.0,3,0,61.49124555555557,23.75823291666667,0.0
0,B,1500.0,3,0,61.4876,23.72447716666667,0.0
0,C,1500.0,3,0,61.4876,23.72447716666667,0.0
0,D,1500.0,3,0,61.4876,23.72447716666667,0.0
0,A,1500.0,0,1,61.49124555555557,23.75823291666667,0.0
0,B,1500.0,0,1,61.4876,23.72447716666667,0.0
0,C,1500.0,0,1,61.4876,23.72447716666667,0.0
0,D,1500.0,0,1,61.4876,23.72447716666667,0.0
8,E,1500.0,0,1,61.473642777777776,23.597026805555554,0.0
9,F,1500.0,0,1,61.442388333333334,23.4855235,0.0
10,G,1500.0,0,1,61.47026555555557,23.52483741666667,0.0
11,H,1500.0,0,1,61.4632775,23.437638638888888,0.0
12,R,1500.0,0,1,61.476639722222224,23.33223580555555,0.0
13,S,1500.0,0,1,61.40298666666666,23.07322130555556,0.0
14,K,1500.0,0,1,61.34970305555557,22.967151277777766,0.0
15,L,1500.0,0,1,61.32881833333334,22.84736944444445,0.0
16,M,1500.0,0,1,61.26642444444445,22.696800444444445,0.0
6,N,1500.0,0,1,61.21319611111112,22.67778783333333,0.0
6,O,1500.0,0,1,61.1977488888889,22.64844913888889,0.0
17,P,1500.0,0,1,61.27355583333333,22.355416138888888,0.0
0,A,1500.0,1,1,61.49124555555557,23.75823291666667,0.0
0,B,1500.0,1,1,61.4876,23.72447716666667,0.0
0,C,1500.0,1,1,61.4876,23.72447716666667,0.0
0,D,1500.0,1,1,61.4876,23.72447716666667,0.0
6,N,1500.0,1,1,61.21319611111112,22.67778783333333,0.0
6,O,1500.0,1,1,61.1977488888889,22.64844913888889,0.0
0,A,1500.0,2,1,61.49124555555557,23.75823291666667,0.0
0,B,1500.0,2,1,61.4876,23.72447716666667,0.0
0,C,1500.0,2,1,61.4876,23.72447716666667,0.0
0,D,1500.0,2,1,61.4876,23.72447716666667,0.0
0,A,1500.0,3,1,61.49124555555557,23.75823291666667,0.0
0,B,1500.0,3,1,61.4876,23.72447716666667,0.0
0,C,1500.0,3,1,61.4876,23.72447716666667,0.0
0,D,1500.0,3,1,61.4876,23.72447716666667,0.0
0,A,2000.0,0,0,61.49124555555557,23.75823291666667,0.0
0,B,2000.0,0,0,61.4876,23.72447716666667,0.0
0,C,2000.0,0,0,61.4876,23.72447716666667,0.0
0,D,2000.0,0,0,61.4876,23.72447716666667,0.0
6,E,2000.0,0,0,61.473642777777776,23.597026805555554,0.0
8,F,2000.0,0,0,61.442388333333334,23.4855235,0.0
6,G,2000.0,0,0,61.47026555555557,23.52483741666667,0.0
10,H,2000.0,0,0,61.4632775,23.437638638888888,0.0
14,R,2000.0,0,0,61.476639722222224,23.33223580555555,0.0
15,S,2000.0,0,0,61.40298666666666,23.07322130555556,0.0
16,K,2000.0,0,0,61.34970305555557,22.967151277777766,0.0
17,L,2000.0,0,0,61.32881833333334,22.84736944444445,0.0
18,M,2000.0,0,0,61.26642444444445,22.696800444444445,0.0
12,N,2000.0,0,0,61.21319611111112,22.67778783333333,0.0
12,O,2000.0,0,0,61.1977488888889,22.64844913888889,0.0
19,P,2000.0,0,0,61.27355583333333,22.355416138888888,0.0
0,A,2000.0,1,0,61.49124555555557,23.75823291666667,0.0
0,B,2000.0,1,0,61.4876,23.72447716666667,0.0
0,C,2000.0,1,0,61.4876,23.72447716666667,0.0
0,D,2000.0,1,0,61.4876,23.72447716666667,0.0
6,E,2000.0,1,0,61.473642777777776,23.597026805555554,0.0
6,G,2000.0,1,0,61.47026555555557,23.52483741666667,0.0
12,N,2000.0,1,0,61.21319611111112,22.67778783333333,0.0
12,O,2000.0,1,0,61.1977488888889,22.64844913888889,0.0
0,A,2000.0,2,0,61.49124555555557,23.75823291666667,0.0
0,B,2000.0,2,0,61.4876,23.72447716666667,0.0
0,C,2000.0,2,0,61.4876,23.72447716666667,0.0
0,D,2000.0,2,0,61.4876,23.72447716666667,0.0
0,A,2000.0,3,0,61.49124555555557,23.75823291666667,0.0
0,B,2000.0,3,0,61.4876,23.72447716666667,0.0
0,C,2000.0,3,0,61.4876,23.72447716666667,0.0
0,D,2000.0,3,0,61.4876,23.72447716666667,0.0
0,A,2000.0,0,1,61.49124555555557,23.75823291666667,0.0
0,B,2000.0,0,1,61.4876,23.72447716666667,0.0
0,C,2000.0,0,1,61.4876,23.72447716666667,0.0
0,D,2000.0,0,1,61.4876,23.72447716666667,0.0
6,E,2000.0,0,1,61.473642777777776,23.597026805555554,0.0
8,F,2000.0,0,1,61.442388333333334,23.4855235,0.0
6,G,2000.0,0,1,61.47026555555557,23.52483741666667,0.0
10,H,2000.0,0,1,61.4632775,23.437638638888888,0.0
14,R,2000.0,0,1,61.476639722222224,23.33223580555555,0.0
15,S,2000.0,0,1,61.40298666666666,23.07322130555556,0.0
16,K,2000.0,0,1,61.34970305555557,22.967151277777766,0.0
17,L,2000.0,0,1,61.32881833333334,22.84736944444445,0.0
18,M,2000.0,0,1,61.26642444444445,22.696800444444445,0.0
12,N,2000.0,0,1,61.21319611111112,22.67778783333333,0.0
12,O,2000.0,0,1,61.1977488888889,22.64844913888889,0.0
19,P,2000.0,0,1,61.27355583333333,22.355416138888888,0.0
0,A,2000.0,1,1,61.49124555555557,23.75823291666667,0.0
0,B,2000.0,1,1,61.4876,23.72447716666667,0.0
0,C,2000.0,1,1,61.4876,23.72447716666667,0.0
0,D,2000.0,1,1,61.4876,23.72447716666667,0.0
6,E,2000.0,1,1,61.473642777777776,23.597026805555554,0.0
6,G,2000.0,1,1,61.47026555555557,23.52483741666667,0.0
12,N,2000.0,1,1,61.21319611111112,22.67778783333333,0.0
12,O,2000.0,1,1,61.1977488888889,22.64844913888889,0.0
0,A,2000.0,2,1,61.49124555555557,23.75823291666667,0.0
0,B,2000.0,2,1,61.4876,23.72447716666667,0.0
0,C,2000.0,2,1,61.4876,23.72447716666667,0.0
0,D,2000.0,2,1,61.4876,23.72447716666667,0.0
0,A,2000.0,3,1,61.49124555555557,23.75823291666667,0.0
0,B,2000.0,3,1,61.4876,23.72447716666667,0.0
0,C,2000.0,3,1,61.4876,23.72447716666667,0.0
0,D,2000.0,3,1,61.4876,23.72447716666667,0.0
0,A,2500.0,0,0,61.49124555555557,23.75823291666667,0.0
0,B,2500.0,0,0,61.4876,23.72447716666667,0.0
0,C,2500.0,0,0,61.4876,23.72447716666667,0.0
0,D,2500.0,0,0,61.4876,23.72447716666667,0.0
6,E,2500.0,0,0,61.473642777777776,23.597026805555554,0.0
8,F,2500.0,0,0,61.442388333333334,23.4855235,0.0
8,G,2500.0,0,0,61.47026555555557,23.52483741666667,0.0
8,H,2500.0,0,0,61.4632775,23.437638638888888,0.0
16,R,2500.0,0,0,61.476639722222224,23.33223580555555,0.0
17,S,2500.0,0,0,61.40298666666666,23.07322130555556,0.0
18,K,2500.0,0,0,61.34970305555557,22.967151277777766,0.0
19,L,2500.0,0,0,61.32881833333334,22.84736944444445,0.0
20,M,2500.0,0,0,61.26642444444445,22.696800444444445,0.0
14,N,2500.0,0,0,61.21319611111112,22.67778783333333,0.0
14,O,2500.0,0,0,61.1977488888889,22.64844913888889,0.0
21,P,2500.0,0,0,61.27355583333333,22.355416138888888,0.0
0,A,2500.0,1,0,61.49124555555557,23.75823291666667,0.0
0,B,2500.0,1,0,61.4876,23.72447716666667,0.0
0,C,2500.0,1,0,61.4876,23.72447716666667,0.0
0,D,2500.0,1,0,61.4876,23.72447716666667,0.0
8,F,2500.0,1,0,61.442388333333334,23.4855235,0.0
8,G,2500.0,1,0,61.47026555555557,23.52483741666667,0.0
8,H,2500.0,1,0,61.463277500000004,23.437638638888888,0.0
14,N,2500.0,1,0,61.21319611111112,22.67778783333333,0.0
14,O,2500.0,1,0,61.1977488888889,22.64844913888889,0.0
0,A,2500.0,2,0,61.49124555555557,23.75823291666667,0.0
0,B,2500.0,2,0,61.4876,23.72447716666667,0.0
0,C,2500.0,2,0,61.4876,23.72447716666667,0.0
0,D,2500.0,2,0,61.4876,23.72447716666667,0.0
8,F,2500.0,2,0,61.442388333333334,23.4855235,0.0
8,G,2500.0,2,0,61.47026555555557,23.52483741666667,0.0
8,H,2500.0,2,0,61.4632775,23.437638638888888,0.0
0,A,2500.0,3,0,61.49124555555557,23.75823291666667,0.0
0,B,2500.0,3,0,61.4876,23.72447716666667,0.0
0,C,2500.0,3,0,61.4876,23.72447716666667,0.0
0,D,2500.0,3,0,61.4876,23.72447716666667,0.0
0,A,2500.0,0,1,61.49124555555557,23.75823291666667,0.0
0,B,2500.0,0,1,61.4876,23.72447716666667,0.0
0,C,2500.0,0,1,61.4876,23.72447716666667,0.0
0,D,2500.0,0,1,61.4876,23.72447716666667,0.0
6,E,2500.0,0,1,61.473642777777776,23.597026805555554,0.0
8,F,2500.0,0,1,61.442388333333334,23.4855235,0.0
8,G,2500.0,0,1,61.47026555555557,23.52483741666667,0.0
8,H,2500.0,0,1,61.4632775,23.437638638888888,0.0
16,R,2500.0,0,1,61.476639722222224,23.33223580555555,0.0
17,S,2500.0,0,1,61.40298666666666,23.07322130555556,0.0
18,K,2500.0,0,1,61.34970305555557,22.967151277777766,0.0
19,L,2500.0,0,1,61.32881833333334,22.84736944444445,0.0
20,M,2500.0,0,1,61.26642444444445,22.696800444444445,0.0
14,N,2500.0,0,1,61.21319611111112,22.67778783333333,0.0
14,O,2500.0,0,1,61.1977488888889,22.64844913888889,0.0
21,P,2500.0,0,1,61.27355583333333,22.355416138888888,0.0
0,A,2500.0,1,1,61.49124555555557,23.75823291666667,0.0
0,B,2500.0,1,1,61.4876,23.72447716666667,0.0
0,C,2500.0,1,1,61.4876,23.72447716666667,0.0
0,D,2500.0,1,1,61.4876,23.72447716666667,0.0
8,F,2500.0,1,1,61.442388333333334,23.4855235,0.0
8,G,2500.0,1,1,61.47026555555557,23.52483741666667,0.0
8,H,2500.0,1,1,61.463277500000004,23.437638638888888,0.0
14,N,2500.0,1,1,61.21319611111112,22.67778783333333,0.0
14,O,2500.0,1,1,61.1977488888889,22.64844913888889,0.0
0,A,2500.0,2,1,61.49124555555557,23.75823291666667,0.0
0,B,2500.0,2,1,61.4876,23.72447716666667,0.0
0,C,2500.0,2,1,61.4876,23.72447716666667,0.0
0,D,2500.0,2,1,61.4876,23.72447716666667,0.0
8,F,2500.0,2,1,61.442388333333334,23.4855235,0.0
8,G,2500.0,2,1,61.47026555555557,23.52483741666667,0.0
8,H,2500.0,2,1,61.4632775,23.437638638888888,0.0
0,A,2500.0,3,1,61.49124555555557,23.75823291666667,0.0
0,B,2500.0,3,1,61.4876,23.72447716666667,0.0
0,C,2500.0,3,1,61.4876,23.72447716666667,0.0
0,D,2500.0,3,1,61.4876,23.72447716666667,0.0
0,A,3000.0,0,0,61.49124555555557,23.75823291666667,0.0
0,B,3000.0,0,0,61.4876,23.72447716666667,0.0
0,C,3000.0,0,0,61.4876,23.72447716666667,0.0
0,D,3000.0,0,0,61.4876,23.72447716666667,0.0
6,E,3000.0,0,0,61.473642777777776,23.597026805555554,0.0
8,F,3000.0,0,0,61.442388333333334,23.4855235,0.0
8,G,3000.0,0,0,61.47026555555557,23.52483741666667,0.0
8,H,3000.0,0,0,61.4632775,23.437638638888888,0.0
14,R,3000.0,0,0,61.476639722222224,23.33223580555555,0.0
18,S,3000.0,0,0,61.40298666666666,23.07322130555556,0.0
19,K,3000.0,0,0,61.34970305555557,22.967151277777766,0.0
20,L,3000.0,0,0,61.32881833333334,22.84736944444445,0.0
21,M,3000.0,0,0,61.26642444444445,22.696800444444445,0.0
16,N,3000.0,0,0,61.21319611111112,22.67778783333333,0.0
16,O,3000.0,0,0,61.1977488888889,22.64844913888889,0.0
22,P,3000.0,0,0,61.27355583333333,22.355416138888888,0.0
0,A,3000.0,1,0,61.49124555555557,23.75823291666667,0.0
0,B,3000.0,1,0,61.4876,23.72447716666667,0.0
0,C,3000.0,1,0,61.4876,23.72447716666667,0.0
0,D,3000.0,1,0,61.4876,23.72447716666667,0.0
8,F,3000.0,1,0,61.442388333333334,23.4855235,0.0
8,G,3000.0,1,0,61.47026555555557,23.52483741666667,0.0
8,H,3000.0,1,0,61.463277500000004,23.437638638888888,0.0
16,N,3000.0,1,0,61.21319611111112,22.67778783333333,0.0
16,O,3000.0,1,0,61.1977488888889,22.64844913888889,0.0
0,A,3000.0,2,0,61.49124555555557,23.75823291666667,0.0
0,B,3000.0,2,0,61.4876,23.72447716666667,0.0
0,C,3000.0,2,0,61.4876,23.72447716666667,0.0
0,D,3000.0,2,0,61.4876,23.72447716666667,0.0
8,F,3000.0,2,0,61.442388333333334,23.4855235,0.0
8,G,3000.0,2,0,61.47026555555557,23.52483741666667,0.0
8,H,3000.0,2,0,61.4632775,23.437638638888888,0.0
0,A,3000.0,3,0,61.49124555555557,23.75823291666667,0.0
0,B,3000.0,3,0,61.4876,23.72447716666667,0.0
0,C,3000.0,3,0,61.4876,23.72447716666667,0.0
0,D,3000.0,3,0,61.4876,23.72447716666667,0.0
0,A,3000.0,0,1,61.49124555555557,23.75823291666667,0.0
0,B,3000.0,0,1,61.4876,23.72447716666667,0.0
0,C,3000.0,0,1,61.4876,23.72447716666667,0.0
0,D,3000.0,0,1,61.4876,23.72447716666667,0.0
6,E,3000.0,0,1,61.473642777777776,23.597026805555554,0.0
8,F,3000.0,0,1,61.442388333333334,23.4855235,0.0
8,G,3000.0,0,1,61.47026555555557,23.52483741666667,0.0
8,H,3000.0,0,1,61.4632775,23.437638638888888,0.0
14,R,3000.0,0,1,61.476639722222224,23.33223580555555,0.0
18,S,3000.0,0,1,61.40298666666666,23.07322130555556,0.0
19,K,3000.0,0,1,61.34970305555557,22.967151277777766,0.0
20,L,3000.0,0,1,61.32881833333334,22.84736944444445,0.0
21,M,3000.0,0,1,61.26642444444445,22.696800444444445,0.0
16,N,3000.0,0,1,61.21319611111112,22.67778783333333,0.0
16,O,3000.0,0,1,61.1977488888889,22.64844913888889,0.0
22,P,3000.0,0,1,61.27355583333333,22.355416138888888,0.0
0,A,3000.0,1,1,61.49124555555557,23.75823291666667,0.0
0,B,3000.0,1,1,61.4876,23.72447716666667,0.0
0,C,3000.0,1,1,61.4876,23.72447716666667,0.0
0,D,3000.0,1,1,61.4876,23.72447716666667,0.0
8,F,3000.0,1,1,61.442388333333334,23.4855235,0.0
8,G,3000.0,1,1,61.47026555555557,23.52483741666667,0.0
8,H,3000.0,1,1,61.463277500000004,23.437638638888888,0.0
16,N,3000.0,1,1,61.21319611111112,22.67778783333333,0.0
16,O,3000.0,1,1,61.1977488888889,22.64844913888889,0.0
0,A,3000.0,2,1,61.49124555555557,23.75823291666667,0.0
0,B,3000.0,2,1,61.4876,23.72447716666667,0.0
0,C,3000.0,2,1,61.4876,23.72447716666667,0.0
0,D,3000.0,2,1,61.4876,23.72447716666667,0.0
8,F,3000.0,2,1,61.442388333333334,23.4855235,0.0
8,G,3000.0,2,1,61.47026555555557,23.52483741666667,0.0
8,H,3000.0,2,1,61.4632775,23.437638638888888,0.0
0,A,3000.0,3,1,61.49124555555557,23.75823291666667,0.0
0,B,3000.0,3,1,61.4876,23.72447716666667,0.0
0,C,3000.0,3,1,61.4876,23.72447716666667,0.0
0,D,3000.0,3,1,61.4876,23.72447716666667,0.0
0,A,3500.0,0,0,61.49124555555557,23.75823291666667,0.0
0,B,3500.0,0,0,61.4876,23.72447716666667,0.0
0,C,3500.0,0,0,61.4876,23.72447716666667,0.0
0,D,3500.0,0,0,61.4876,23.72447716666667,0.0
6,E,3500.0,0,0,61.473642777777776,23.597026805555554,0.0
12,F,3500.0,0,0,61.442388333333334,23.4855235,0.0
12,G,3500.0,0,0,61.47026555555557,23.52483741666667,0.0
16,H,3500.0,0,0,61.4632775,23.437638638888888,0.0
22,R,3500.0,0,0,61.476639722222224,23.33223580555555,0.0
30,S,3500.0,0,0,61.40298666666666,23.07322130555556,0.0
24,K,3500.0,0,0,61.34970305555557,22.967151277777766,0.0
24,L,3500.0,0,0,61.32881833333334,22.84736944444445,0.0
26,M,3500.0,0,0,61.26642444444445,22.696800444444445,0.0
26,N,3500.0,0,0,61.21319611111112,22.67778783333333,0.0
28,O,3500.0,0,0,61.1977488888889,22.64844913888889,0.0
31,P,3500.0,0,0,61.27355583333333,22.355416138888888,0.0
0,A,3500.0,1,0,61.49124555555557,23.75823291666667,0.0
0,B,3500.0,1,0,61.4876,23.72447716666667,0.0
0,C,3500.0,1,0,61.4876,23.72447716666667,0.0
0,D,3500.0,1,0,61.4876,23.72447716666667,0.0
12,F,3500.0,1,0,61.442388333333334,23.4855235,0.0
12,G,3500.0,1,0,61.47026555555557,23.52483741666667,0.0
24,K,3500.0,1,0,61.34970305555557,22.967151277777766,0.0
24,L,3500.0,1,0,61.32881833333334,22.84736944444445,0.0
26,M,3500.0,1,0,61.26642444444445,22.696800444444445,0.0
26,N,3500.0,1,0,61.21319611111112,22.67778783333333,0.0
0,A,3500.0,2,0,61.49124555555557,23.75823291666667,0.0
0,B,3500.0,2,0,61.4876,23.72447716666667,0.0
0,C,3500.0,2,0,61.4876,23.72447716666667,0.0
0,D,3500.0,2,0,61.4876,23.72447716666667,0.0
0,A,3500.0,3,0,61.49124555555557,23.75823291666667,0.0
0,B,3500.0,3,0,61.4876,23.72447716666667,0.0
0,C,3500.0,3,0,61.4876,23.72447716666667,0.0
0,D,3500.0,3,0,61.4876,23.72447716666667,0.0
0,A,3500.0,0,1,61.49124555555557,23.75823291666667,0.0
0,B,3500.0,0,1,61.4876,23.72447716666667,0.0
0,C,3500.0,0,1,61.4876,23.72447716666667,0.0
0,D,3500.0,0,1,61.4876,23.72447716666667,0.0
6,E,3500.0,0,1,61.473642777777776,23.597026805555554,0.0
12,G,3500.0,0,1,61.47026555555557,23.52483741666667,0.0
16,H,3500.0,0,1,61.4632775,23.437638638888888,0.0
22,R,3500.0,0,1,61.476639722222224,23.33223580555555,0.0
30,S,3500.0,0,1,61.40298666666666,23.07322130555556,0.0
24,K,3500.0,0,1,61.34970305555557,22.967151277777766,0.0
24,L,3500.0,0,1,61.32881833333334,22.84736944444445,0.0
26,M,3500.0,0,1,61.26642444444445,22.696800444444445,0.0
28,O,3500.0,0,1,61.1977488888889,22.64844913888889,0.0
31,P,3500.0,0,1,61.27355583333333,22.355416138888888,0.0
0,A,3500.0,1,1,61.49124555555557,23.75823291666667,0.0
0,B,3500.0,1,1,61.4876,23.72447716666667,0.0
0,C,3500.0,1,1,61.4876,23.72447716666667,0.0
0,D,3500.0,1,1,61.4876,23.72447716666667,0.0
12,F,3500.0,1,1,61.442388333333334,23.4855235,0.0
12,G,3500.0,1,1,61.47026555555557,23.52483741666667,0.0
24,K,3500.0,1,1,61.34970305555557,22.967151277777766,0.0
24,L,3500.0,1,1,61.32881833333334,22.84736944444445,0.0
26,M,3500.0,1,1,61.26642444444445,22.696800444444445,0.0
26,N,3500.0,1,1,61.21319611111112,22.67778783333333,0.0
0,A,3500.0,2,1,61.49124555555557,23.75823291666667,0.0
0,B,3500.0,2,1,61.4876,23.72447716666667,0.0
0,C,3500.0,2,1,61.4876,23.72447716666667,0.0
0,D,3500.0,2,1,61.4876,23.72447716666667,0.0
0,A,3500.0,3,1,61.49124555555557,23.75823291666667,0.0
0,B,3500.0,3,1,61.4876,23.72447716666667,0.0
0,C,3500.0,3,1,61.4876,23.72447716666667,0.0
0,D,3500.0,3,1,61.4876,23.72447716666667,0.0
0,A,4000.0,0,0,61.49124555555557,23.75823291666667,0.0
0,B,4000.0,0,0,61.4876,23.72447716666667,0.0
0,C,4000.0,0,0,61.4876,23.72447716666667,0.0
0,D,4000.0,0,0,61.4876,23.72447716666667,0.0
6,E,4000.0,0,0,61.473642777777776,23.597026805555554,0.0
12,F,4000.0,0,0,61.442388333333334,23.4855235,0.0
12,G,4000.0,0,0,61.47026555555557,23.52483741666667,0.0
16,H,4000.0,0,0,61.4632775,23.437638638888888,0.0
22,R,4000.0,0,0,61.476639722222224,23.33223580555555,0.0
30,S,4000.0,0,0,61.40298666666666,23.07322130555556,0.0
24,K,4000.0,0,0,61.34970305555557,22.967151277777766,0.0
24,L,4000.0,0,0,61.32881833333334,22.84736944444445,0.0
26,M,4000.0,0,0,61.26642444444445,22.696800444444445,0.0
26,N,4000.0,0,0,61.21319611111112,22.67778783333333,0.0
28,O,4000.0,0,0,61.1977488888889,22.64844913888889,0.0
31,P,4000.0,0,0,61.27355583333333,22.355416138888888,0.0
0,A,4000.0,1,0,61.49124555555557,23.75823291666667,0.0
0,B,4000.0,1,0,61.4876,23.72447716666667,0.0
0,C,4000.0,1,0,61.4876,23.72447716666667,0.0
0,D,4000.0,1,0,61.4876,23.72447716666667,0.0
12,F,4000.0,1,0,61.442388333333334,23.4855235,0.0
12,G,4000.0,1,0,61.47026555555557,23.52483741666667,0.0
24,K,4000.0,1,0,61.34970305555557,22.967151277777766,0.0
24,L,4000.0,1,0,61.32881833333334,22.84736944444445,0.0
26,M,4000.0,1,0,61.26642444444445,22.696800444444445,0.0
26,N,4000.0,1,0,61.21319611111112,22.67778783333333,0.0
0,A,4000.0,2,0,61.49124555555557,23.75823291666667,0.0
0,B,4000.0,2,0,61.4876,23.72447716666667,0.0
0,C,4000.0,2,0,61.4876,23.72447716666667,0.0
0,D,4000.0,2,0,61.4876,23.72447716666667,0.0
0,A,4000.0,3,0,61.49124555555557,23.75823291666667,0.0
0,B,4000.0,3,0,61.4876,23.72447716666667,0.0
0,C,4000.0,3,0,61.4876,23.72447716666667,0.0
0,D,4000.0,3,0,61.4876,23.72447716666667,0.0
0,A,4000.0,0,1,61.49124555555557,23.75823291666667,0.0
0,B,4000.0,0,1,61.4876,23.72447716666667,0.0
0,C,4000.0,0,1,61.4876,23.72447716666667,0.0
0,D,4000.0,0,1,61.4876,23.72447716666667,0.0
6,E,4000.0,0,1,61.473642777777776,23.597026805555554,0.0
22,R,4000.0,0,1,61.476639722222224,23.33223580555555,0.0
30,S,4000.0,0,1,61.40298666666666,23.07322130555556,0.0
24,K,4000.0,0,1,61.34970305555557,22.967151277777766,0.0
24,L,4000.0,0,1,61.32881833333334,22.84736944444445,0.0
26,M,4000.0,0,1,61.26642444444445,22.696800444444445,0.0
28,O,4000.0,0,1,61.1977488888889,22.64844913888889,0.0
31,P,4000.0,0,1,61.27355583333333,22.355416138888888,0.0
0,A,4000.0,1,1,61.49124555555557,23.75823291666667,0.0
0,B,4000.0,1,1,61.4876,23.72447716666667,0.0
0,C,4000.0,1,1,61.4876,23.72447716666667,0.0
0,D,4000.0,1,1,61.4876,23.72447716666667,0.0
12,F,4000.0,1,1,61.442388333333334,23.4855235,0.0
12,G,4000.0,1,1,61.47026555555557,23.52483741666667,0.0
24,K,4000.0,1,1,61.34970305555557,22.967151277777766,0.0
24,L,4000.0,1,1,61.32881833333334,22.84736944444445,0.0
26,M,4000.0,1,1,61.26642444444445,22.696800444444445,0.0
26,N,4000.0,1,1,61.21319611111112,22.67778783333333,0.0
0,A,4000.0,2,1,61.49124555555557,23.75823291666667,0.0
0,B,4000.0,2,1,61.4876,23.72447716666667,0.0
0,C,4000.0,2,1,61.4876,23.72447716666667,0.0
0,D,4000.0,2,1,61.4876,23.72447716666667,0.0
0,A,4000.0,3,1,61.49124555555557,23.75823291666667,0.0
0,B,4000.0,3,1,61.4876,23.72447716666667,0.0
0,C,4000.0,3,1,61.4876,23.72447716666667,0.0
0,D,4000.0,3,1,61.4876,23.72447716666667,0.0
6,A,4500.0,0,0,61.49124555555557,23.75823291666667,0.0
6,B,4500.0,0,0,61.4876,23.72447716666667,0.0
6,C,4500.0,0,0,61.4876,23.72447716666667,0.0
6,D,4500.0,0,0,61.4876,23.72447716666667,0.0
6,E,4500.0,0,0,61.473642777777776,23.597026805555554,0.0
15,F,4500.0,0,0,61.442388333333334,23.4855235,0.0
15,G,4500.0,0,0,61.47026555555557,23.52483741666667,0.0
15,H,4500.0,0,0,61.4632775,23.437638638888888,0.0
24,R,4500.0,0,0,61.476639722222224,23.33223580555555,0.0
30,S,4500.0,0,0,61.40298666666666,23.07322130555556,0.0
30,K,4500.0,0,0,61.34970305555557,22.967151277777766,0.0
32,L,4500.0,0,0,61.32881833333334,22.84736944444445,0.0
36,M,4500.0,0,0,61.26642444444445,22.696800444444445,0.0
36,N,4500.0,0,0,61.21319611111112,22.67778783333333,0.0
36,O,4500.0,0,0,61.1977488888889,22.64844913888889,0.0
40,P,4500.0,0,0,61.27355583333333,22.355416138888888,0.0
6,A,4500.0,1,0,61.49124555555557,23.75823291666667,0.0
6,B,4500.0,1,0,61.4876,23.72447716666667,0.0
6,C,4500.0,1,0,61.4876,23.72447716666667,0.0
6,D,4500.0,1,0,61.4876,23.72447716666667,0.0
6,E,4500.0,1,0,61.473642777777776,23.597026805555554,0.0
15,F,4500.0,1,0,61.442388333333334,23.4855235,0.0
15,G,4500.0,1,0,61.47026555555557,23.52483741666667,0.0
15,H,4500.0,1,0,61.463277500000004,23.437638638888888,0.0
30,S,4500.0,1,0,61.40298666666666,23.07322130555556,0.0
30,K,4500.0,1,0,61.34970305555557,22.967151277777766,0.0
36,M,4500.0,1,0,61.26642444444445,22.696800444444445,0.0
36,N,4500.0,1,0,61.21319611111112,22.67778783333333,0.0
36,O,4500.0,1,0,61.1977488888889,22.64844913888889,0.0
6,A,4500.0,2,0,61.49124555555557,23.75823291666667,0.0
6,B,4500.0,2,0,61.4876,23.72447716666667,0.0
6,C,4500.0,2,0,61.4876,23.72447716666667,0.0
6,D,4500.0,2,0,61.4876,23.72447716666667,0.0
6,E,4500.0,2,0,61.473642777777776,23.597026805555554,0.0
15,F,4500.0,2,0,61.442388333333334,23.4855235,0.0
15,G,4500.0,2,0,61.47026555555557,23.52483741666667,0.0
15,H,4500.0,2,0,61.4632775,23.437638638888888,0.0
36,M,4500.0,2,0,61.26642444444445,22.696800444444445,0.0
36,N,4500.0,2,0,61.21319611111112,22.67778783333333,0.0
36,O,4500.0,2,0,61.1977488888889,22.64844913888889,0.0
6,A,4500.0,3,0,61.49124555555557,23.75823291666667,0.0
6,B,4500.0,3,0,61.4876,23.72447716666667,0.0
6,C,4500.0,3,0,61.4876,23.72447716666667,0.0
6,D,4500.0,3,0,61.4876,23.72447716666667,0.0
6,E,4500.0,3,0,61.473642777777776,23.597026805555554,0.0
6,A,4500.0,0,1,61.49124555555557,23.75823291666667,0.0
6,B,4500.0,0,1,61.4876,23.72447716666667,0.0
6,C,4500.0,0,1,61.4876,23.72447716666667,0.0
6,D,4500.0,0,1,61.4876,23.72447716666667,0.0
6,E,4500.0,0,1,61.473642777777776,23.597026805555554,0.0
15,F,4500.0,0,1,61.442388333333334,23.4855235,0.0
15,G,4500.0,0,1,61.47026555555557,23.52483741666667,0.0
15,H,4500.0,0,1,61.4632775,23.437638638888888,0.0
24,R,4500.0,0,1,61.476639722222224,23.33223580555555,0.0
30,S,4500.0,0,1,61.40298666666666,23.07322130555556,0.0
30,K,4500.0,0,1,61.34970305555557,22.967151277777766,0.0
32,L,4500.0,0,1,61.32881833333334,22.84736944444445,0.0
36,M,4500.0,0,1,61.26642444444445,22.696800444444445,0.0
36,N,4500.0,0,1,61.21319611111112,22.67778783333333,0.0
36,O,4500.0,0,1,61.1977488888889,22.64844913888889,0.0
40,P,4500.0,0,1,61.27355583333333,22.355416138888888,0.0
6,A,4500.0,1,1,61.49124555555557,23.75823291666667,0.0
6,B,4500.0,1,1,61.4876,23.72447716666667,0.0
6,C,4500.0,1,1,61.4876,23.72447716666667,0.0
6,D,4500.0,1,1,61.4876,23.72447716666667,0.0
6,E,4500.0,1,1,61.473642777777776,23.597026805555554,0.0
15,F,4500.0,1,1,61.442388333333334,23.4855235,0.0
15,G,4500.0,1,1,61.47026555555557,23.52483741666667,0.0
15,H,4500.0,1,1,61.463277500000004,23.437638638888888,0.0
30,S,4500.0,1,1,61.40298666666666,23.07322130555556,0.0
30,K,4500.0,1,1,61.34970305555557,22.967151277777766,0.0
36,M,4500.0,1,1,61.26642444444445,22.696800444444445,0.0
36,N,4500.0,1,1,61.21319611111112,22.67778783333333,0.0
36,O,4500.0,1,1,61.1977488888889,22.64844913888889,0.0
6,A,4500.0,2,1,61.49124555555557,23.75823291666667,0.0
6,B,4500.0,2,1,61.4876,23.72447716666667,0.0
6,C,4500.0,2,1,61.4876,23.72447716666667,0.0
6,D,4500.0,2,1,61.4876,23.72447716666667,0.0
6,E,4500.0,2,1,61.473642777777776,23.597026805555554,0.0
15,F,4500.0,2,1,61.442388333333334,23.4855235,0.0
15,G,4500.0,2,1,61.47026555555557,23.52483741666667,0.0
15,H,4500.0,2,1,61.4632775,23.437638638888888,0.0
36,M,4500.0,2,1,61.26642444444445,22.696800444444445,0.0
36,N,4500.0,2,1,61.21319611111112,22.67778783333333,0.0
36,O,4500.0,2,1,61.1977488888889,22.64844913888889,0.0
6,A,4500.0,3,1,61.49124555555557,23.75823291666667,0.0
6,B,4500.0,3,1,61.4876,23.72447716666667,0.0
6,C,4500.0,3,1,61.4876,23.72447716666667,0.0
6,D,4500.0,3,1,61.4876,23.72447716666667,0.0
6,E,4500.0,3,1,61.473642777777776,23.597026805555554,0.0
6,A,5000.0,0,0,61.49124555555557,23.75823291666667,0.0
6,B,5000.0,0,0,61.4876,23.72447716666667,0.0
6,C,5000.0,0,0,61.4876,23.72447716666667,0.0
6,D,5000.0,0,0,61.4876,23.72447716666667,0.0
6,E,5000.0,0,0,61.473642777777776,23.597026805555554,0.0
15,F,5000.0,0,0,61.442388333333334,23.4855235,0.0
15,G,5000.0,0,0,61.47026555555557,23.52483741666667,0.0
15,H,5000.0,0,0,61.4632775,23.437638638888888,0.0
24,R,5000.0,0,0,61.476639722222224,23.33223580555555,0.0
30,S,5000.0,0,0,61.40298666666666,23.07322130555556,0.0
30,K,5000.0,0,0,61.34970305555557,22.967151277777766,0.0
32,L,5000.0,0,0,61.32881833333334,22.84736944444445,0.0
36,M,5000.0,0,0,61.26642444444445,22.696800444444445,0.0
36,N,5000.0,0,0,61.21319611111112,22.67778783333333,0.0
36,O,5000.0,0,0,61.1977488888889,22.64844913888889,0.0
40,P,5000.0,0,0,61.27355583333333,22.355416138888888,0.0
6,A,5000.0,1,0,61.49124555555557,23.75823291666667,0.0
6,B,5000.0,1,0,61.4876,23.72447716666667,0.0
6,C,5000.0,1,0,61.4876,23.72447716666667,0.0
6,D,5000.0,1,0,61.4876,23.72447716666667,0.0
6,E,5000.0,1,0,61.473642777777776,23.597026805555554,0.0
15,F,5000.0,1,0,61.442388333333334,23.4855235,0.0
15,G,5000.0,1,0,61.47026555555557,23.52483741666667,0.0
15,H,5000.0,1,0,61.463277500000004,23.437638638888888,0.0
30,S,5000.0,1,0,61.40298666666666,23.07322130555556,0.0
30,K,5000.0,1,0,61.34970305555557,22.967151277777766,0.0
36,M,5000.0,1,0,61.26642444444445,22.696800444444445,0.0
36,N,5000.0,1,0,61.21319611111112,22.67778783333333,0.0
36,O,5000.0,1,0,61.1977488888889,22.64844913888889,0.0
6,A,5000.0,2,0,61.49124555555557,23.75823291666667,0.0
6,B,5000.0,2,0,61.4876,23.72447716666667,0.0
6,C,5000.0,2,0,61.4876,23.72447716666667,0.0
6,D,5000.0,2,0,61.4876,23.72447716666667,0.0
6,E,5000.0,2,0,61.473642777777776,23.597026805555554,0.0
15,F,5000.0,2,0,61.442388333333334,23.4855235,0.0
15,G,5000.0,2,0,61.47026555555557,23.52483741666667,0.0
15,H,5000.0,2,0,61.4632775,23.437638638888888,0.0
36,M,5000.0,2,0,61.26642444444445,22.696800444444445,0.0
36,N,5000.0,2,0,61.21319611111112,22.67778783333333,0.0
36,O,5000.0,2,0,61.1977488888889,22.64844913888889,0.0
6,A,5000.0,3,0,61.49124555555557,23.75823291666667,0.0
6,B,5000.0,3,0,61.4876,23.72447716666667,0.0
6,C,5000.0,3,0,61.4876,23.72447716666667,0.0
6,D,5000.0,3,0,61.4876,23.72447716666667,0.0
6,E,5000.0,3,0,61.473642777777776,23.597026805555554,0.0
6,A,5000.0,0,1,61.49124555555557,23.75823291666667,0.0
6,B,5000.0,0,1,61.4876,23.72447716666667,0.0
6,C,5000.0,0,1,61.4876,23.72447716666667,0.0
6,D,5000.0,0,1,61.4876,23.72447716666667,0.0
6,E,5000.0,0,1,61.473642777777776,23.597026805555554,0.0
15,F,5000.0,0,1,61.442388333333334,23.4855235,0.0
15,G,5000.0,0,1,61.47026555555557,23.52483741666667,0.0
15,H,5000.0,0,1,61.4632775,23.437638638888888,0.0
24,R,5000.0,0,1,61.476639722222224,23.33223580555555,0.0
30,S,5000.0,0,1,61.40298666666666,23.07322130555556,0.0
30,K,5000.0,0,1,61.34970305555557,22.967151277777766,0.0
32,L,5000.0,0,1,61.32881833333334,22.84736944444445,0.0
36,M,5000.0,0,1,61.26642444444445,22.696800444444445,0.0
36,N,5000.0,0,1,61.21319611111112,22.67778783333333,0.0
36,O,5000.0,0,1,61.1977488888889,22.64844913888889,0.0
40,P,5000.0,0,1,61.27355583333333,22.355416138888888,0.0
6,A,5000.0,1,1,61.49124555555557,23.75823291666667,0.0
6,B,5000.0,1,1,61.4876,23.72447716666667,0.0
6,C,5000.0,1,1,61.4876,23.72447716666667,0.0
6,D,5000.0,1,1,61.4876,23.72447716666667,0.0
6,E,5000.0,1,1,61.473642777777776,23.597026805555554,0.0
15,F,5000.0,1,1,61.442388333333334,23.4855235,0.0
15,G,5000.0,1,1,61.47026555555557,23.52483741666667,0.0
15,H,5000.0,1,1,61.463277500000004,23.437638638888888,0.0
30,S,5000.0,1,1,61.40298666666666,23.07322130555556,0.0
30,K,5000.0,1,1,61.34970305555557,22.967151277777766,0.0
36,M,5000.0,1,1,61.26642444444445,22.696800444444445,0.0
36,N,5000.0,1,1,61.21319611111112,22.67778783333333,0.0
36,O,5000.0,1,1,61.1977488888889,22.64844913888889,0.0
6,A,5000.0,2,1,61.49124555555557,23.75823291666667,0.0
6,B,5000.0,2,1,61.4876,23.72447716666667,0.0
6,C,5000.0,2,1,61.4876,23.72447716666667,0.0
6,D,5000.0,2,1,61.4876,23.72447716666667,0.0
6,E,5000.0,2,1,61.473642777777776,23.597026805555554,0.0
15,F,5000.0,2,1,61.442388333333334,23.4855235,0.0
15,G,5000.0,2,1,61.47026555555557,23.52483741666667,0.0
15,H,5000.0,2,1,61.4632775,23.437638638888888,0.0
36,M,5000.0,2,1,61.26642444444445,22.696800444444445,0.0
36,N,5000.0,2,1,61.21319611111112,22.67778783333333,0.0
36,O,5000.0,2,1,61.1977488888889,22.64844913888889,0.0
6,A,5000.0,3,1,61.49124555555557,23.75823291666667,0.0
6,B,5000.0,3,1,61.4876,23.72447716666667,0.0
6,C,5000.0,3,1,61.4876,23.72447716666667,0.0
6,D,5000.0,3,1,61.4876,23.72447716666667,0.0
6,E,5000.0,3,1,61.473642777777776,23.597026805555554,0.0
6,A,5500.0,0,0,61.49124555555557,23.75823291666667,0.0
6,B,5500.0,0,0,61.4876,23.72447716666667,0.0
6,C,5500.0,0,0,61.4876,23.72447716666667,0.0
6,D,5500.0,0,0,61.4876,23.72447716666667,0.0
6,E,5500.0,0,0,61.473642777777776,23.597026805555554,0.0
21,F,5500.0,0,0,61.442388333333334,23.4855235,0.0
10,G,5500.0,0,0,61.47026555555557,23.52483741666667,0.0
21,H,5500.0,0,0,61.4632775,23.437638638888888,0.0
26,R,5500.0,0,0,61.476639722222224,23.33223580555555,0.0
38,S,5500.0,0,0,61.40298666666666,23.07322130555556,0.0
38,K,5500.0,0,0,61.34970305555557,22.967151277777766,0.0
40,L,5500.0,0,0,61.32881833333334,22.84736944444445,0.0
46,M,5500.0,0,0,61.26642444444445,22.696800444444445,0.0
46,N,5500.0,0,0,61.21319611111112,22.67778783333333,0.0
46,O,5500.0,0,0,61.1977488888889,22.64844913888889,0.0
50,P,5500.0,0,0,61.27355583333333,22.355416138888888,0.0
6,A,5500.0,1,0,61.49124555555557,23.75823291666667,0.0
6,B,5500.0,1,0,61.4876,23.72447716666667,0.0
6,C,5500.0,1,0,61.4876,23.72447716666667,0.0
6,D,5500.0,1,0,61.4876,23.72447716666667,0.0
6,E,5500.0,1,0,61.473642777777776,23.597026805555554,0.0
21,F,5500.0,1,0,61.442388333333334,23.4855235,0.0
21,H,5500.0,1,0,61.463277500000004,23.437638638888888,0.0
38,S,5500.0,1,0,61.40298666666666,23.07322130555556,0.0
38,K,5500.0,1,0,61.34970305555557,22.967151277777766,0.0
46,M,5500.0,1,0,61.26642444444445,22.696800444444445,0.0
46,N,5500.0,1,0,61.21319611111112,22.67778783333333,0.0
46,O,5500.0,1,0,61.1977488888889,22.64844913888889,0.0
6,A,5500.0,2,0,61.49124555555557,23.75823291666667,0.0
6,B,5500.0,2,0,61.4876,23.72447716666667,0.0
6,C,5500.0,2,0,61.4876,23.72447716666667,0.0
6,D,5500.0,2,0,61.4876,23.72447716666667,0.0
6,E,5500.0,2,0,61.473642777777776,23.597026805555554,0.0
46,M,5500.0,2,0,61.26642444444445,22.696800444444445,0.0
46,N,5500.0,2,0,61.21319611111112,22.67778783333333,0.0
46,O,5500.0,2,0,61.1977488888889,22.64844913888889,0.0
6,A,5500.0,3,0,61.49124555555557,23.75823291666667,0.0
6,B,5500.0,3,0,61.4876,23.72447716666667,0.0
6,C,5500.0,3,0,61.4876,23.72447716666667,0.0
6,D,5500.0,3,0,61.4876,23.72447716666667,0.0
6,E,5500.0,3,0,61.473642777777776,23.597026805555554,0.0
6,A,5500.0,0,1,61.49124555555557,23.75823291666667,0.0
6,B,5500.0,0,1,61.4876,23.72447716666667,0.0
6,C,5500.0,0,1,61.4876,23.72447716666667,0.0
6,D,5500.0,0,1,61.4876,23.72447716666667,0.0
26,R,5500.0,0,1,61.476639722222224,23.33223580555555,0.0
38,S,5500.0,0,1,61.40298666666666,23.07322130555556,0.0
38,K,5500.0,0,1,61.34970305555557,22.967151277777766,0.0
40,L,5500.0,0,1,61.32881833333334,22.84736944444445,0.0
46,M,5500.0,0,1,61.26642444444445,22.696800444444445,0.0
46,N,5500.0,0,1,61.21319611111112,22.67778783333333,0.0
46,O,5500.0,0,1,61.1977488888889,22.64844913888889,0.0
50,P,5500.0,0,1,61.27355583333333,22.355416138888888,0.0
6,A,5500.0,1,1,61.49124555555557,23.75823291666667,0.0
6,B,5500.0,1,1,61.4876,23.72447716666667,0.0
6,C,5500.0,1,1,61.4876,23.72447716666667,0.0
6,D,5500.0,1,1,61.4876,23.72447716666667,0.0
6,E,5500.0,1,1,61.473642777777776,23.597026805555554,0.0
21,F,5500.0,1,1,61.442388333333334,23.4855235,0.0
21,H,5500.0,1,1,61.463277500000004,23.437638638888888,0.0
38,S,5500.0,1,1,61.40298666666666,23.07322130555556,0.0
38,K,5500.0,1,1,61.34970305555557,22.967151277777766,0.0
46,M,5500.0,1,1,61.26642444444445,22.696800444444445,0.0
46,N,5500.0,1,1,61.21319611111112,22.67778783333333,0.0
46,O,5500.0,1,1,61.1977488888889,22.64844913888889,0.0
6,A,5500.0,2,1,61.49124555555557,23.75823291666667,0.0
6,B,5500.0,2,1,61.4876,23.72447716666667,0.0
6,C,5500.0,2,1,61.4876,23.72447716666667,0.0
6,D,5500.0,2,1,61.4876,23.72447716666667,0.0
6,E,5500.0,2,1,61.473642777777776,23.597026805555554,0.0
46,M,5500.0,2,1,61.26642444444445,22.696800444444445,0.0
46,N,5500.0,2,1,61.21319611111112,22.67778783333333,0.0
46,O,5500.0,2,1,61.1977488888889,22.64844913888889,0.0
6,A,5500.0,3,1,61.49124555555557,23.75823291666667,0.0
6,B,5500.0,3,1,61.4876,23.72447716666667,0.0
6,C,5500.0,3,1,61.4876,23.72447716666667,0.0
6,D,5500.0,3,1,61.4876,23.72447716666667,0.0
6,E,5500.0,3,1,61.473642777777776,23.597026805555554,0.0
6,A,6000.0,0,0,61.49124555555557,23.75823291666667,0.0
6,B,6000.0,0,0,61.4876,23.72447716666667,0.0
6,C,6000.0,0,0,61.4876,23.72447716666667,0.0
6,D,6000.0,0,0,61.4876,23.72447716666667,0.0
6,E,6000.0,0,0,61.473642777777776,23.597026805555554,0.0
21,F,6000.0,0,0,61.442388333333334,23.4855235,0.0
10,G,6000.0,0,0,61.47026555555557,23.52483741666667,0.0
21,H,6000.0,0,0,61.4632775,23.437638638888888,0.0
26,R,6000.0,0,0,61.476639722222224,23.33223580555555,0.0
38,S,6000.0,0,0,61.40298666666666,23.07322130555556,0.0
38,K,6000.0,0,0,61.34970305555557,22.967151277777766,0.0
40,L,6000.0,0,0,61.32881833333334,22.84736944444445,0.0
46,M,6000.0,0,0,61.26642444444445,22.696800444444445,0.0
46,N,6000.0,0,0,61.21319611111112,22.67778783333333,0.0
46,O,6000.0,0,0,61.1977488888889,22.64844913888889,0.0
50,P,6000.0,0,0,61.27355583333333,22.355416138888888,0.0
6,A,6000.0,1,0,61.49124555555557,23.75823291666667,0.0
6,B,6000.0,1,0,61.4876,23.72447716666667,0.0
6,C,6000.0,1,0,61.4876,23.72447716666667,0.0
6,D,6000.0,1,0,61.4876,23.72447716666667,0.0
6,E,6000.0,1,0,61.473642777777776,23.597026805555554,0.0
21,F,6000.0,1,0,61.442388333333334,23.4855235,0.0
21,H,6000.0,1,0,61.463277500000004,23.437638638888888,0.0
38,S,6000.0,1,0,61.40298666666666,23.07322130555556,0.0
38,K,6000.0,1,0,61.34970305555557,22.967151277777766,0.0
46,M,6000.0,1,0,61.26642444444445,22.696800444444445,0.0
46,N,6000.0,1,0,61.21319611111112,22.67778783333333,0.0
46,O,6000.0,1,0,61.1977488888889,22.64844913888889,0.0
6,A,6000.0,2,0,61.49124555555557,23.75823291666667,0.0
6,B,6000.0,2,0,61.4876,23.72447716666667,0.0
6,C,6000.0,2,0,61.4876,23.72447716666667,0.0
6,D,6000.0,2,0,61.4876,23.72447716666667,0.0
6,E,6000.0,2,0,61.473642777777776,23.597026805555554,0.0
46,M,6000.0,2,0,61.26642444444445,22.696800444444445,0.0
46,N,6000.0,2,0,61.21319611111112,22.67778783333333,0.0
46,O,6000.0,2,0,61.1977488888889,22.64844913888889,0.0
6,A,6000.0,3,0,61.49124555555557,23.75823291666667,0.0
6,B,6000.0,3,0,61.4876,23.72447716666667,0.0
6,C,6000.0,3,0,61.4876,23.72447716666667,0.0
6,D,6000.0,3,0,61.4876,23.72447716666667,0.0
6,E,6000.0,3,0,61.473642777777776,23.597026805555554,0.0
6,A,6000.0,0,1,61.49124555555557,23.75823291666667,0.0
6,B,6000.0,0,1,61.4876,23.72447716666667,0.0
6,C,6000.0,0,1,61.4876,23.72447716666667,0.0
6,D,6000.0,0,1,61.4876,23.72447716666667,0.0
26,R,6000.0,0,1,61.476639722222224,23.33223580555555,0.0
38,S,6000.0,0,1,61.40298666666666,23.07322130555556,0.0
38,K,6000.0,0,1,61.34970305555557,22.967151277777766,0.0
40,L,6000.0,0,1,61.32881833333334,22.84736944444445,0.0
46,M,6000.0,0,1,61.26642444444445,22.696800444444445,0.0
46,N,6000.0,0,1,61.21319611111112,22.67778783333333,0.0
46,O,6000.0,0,1,61.1977488888889,22.64844913888889,0.0
50,P,6000.0,0,1,61.27355583333333,22.355416138888888,0.0
6,A,6000.0,1,1,61.49124555555557,23.75823291666667,0.0
6,B,6000.0,1,1,61.4876,23.72447716666667,0.0
6,C,6000.0,1,1,61.4876,23.72447716666667,0.0
6,D,6000.0,1,1,61.4876,23.72447716666667,0.0
6,E,6000.0,1,1,61.473642777777776,23.597026805555554,0.0
21,F,6000.0,1,1,61.442388333333334,23.4855235,0.0
21,H,6000.0,1,1,61.463277500000004,23.437638638888888,0.0
38,S,6000.0,1,1,61.40298666666666,23.07322130555556,0.0
38,K,6000.0,1,1,61.34970305555557,22.967151277777766,0.0
46,M,6000.0,1,1,61.26642444444445,22.696800444444445,0.0
46,N,6000.0,1,1,61.21319611111112,22.67778783333333,0.0
46,O,6000.0,1,1,61.1977488888889,22.64844913888889,0.0
6,A,6000.0,2,1,61.49124555555557,23.75823291666667,0.0
6,B,6000.0,2,1,61.4876,23.72447716666667,0.0
6,C,6000.0,2,1,61.4876,23.72447716666667,0.0
6,D,6000.0,2,1,61.4876,23.72447716666667,0.0
6,E,6000.0,2,1,61.473642777777776,23.597026805555554,0.0
46,M,6000.0,2,1,61.26642444444445,22.696800444444445,0.0
46,N,6000.0,2,1,61.21319611111112,22.67778783333333,0.0
46,O,6000.0,2,1,61.1977488888889,22.64844913888889,0.0
6,A,6000.0,3,1,61.49124555555557,23.75823291666667,0.0
6,B,6000.0,3,1,61.4876,23.72447716666667,0.0
6,C,6000.0,3,1,61.4876,23.72447716666667,0.0
6,D,6000.0,3,1,61.4876,23.72447716666667,0.0
6,E,6000.0,3,1,61.473642777777776,23.597026805555554,0.0
8,A,6500.0,0,0,61.49124555555557,23.75823291666667,0.0
8,B,6500.0,0,0,61.4876,23.72447716666667,0.0
8,C,6500.0,0,0,61.4876,23.72447716666667,0.0
8,D,6500.0,0,0,61.4876,23.72447716666667,0.0
8,E,6500.0,0,0,61.473642777777776,23.597026805555554,0.0
23,F,6500.0,0,0,61.442388333333334,23.4855235,0.0
8,G,6500.0,0,0,61.47026555555557,23.52483741666667,0.0
23,H,6500.0,0,0,61.4632775,23.437638638888888,0.0
28,R,6500.0,0,0,61.476639722222224,23.33223580555555,0.0
40,S,6500.0,0,0,61.40298666666666,23.07322130555556,0.0
40,K,6500.0,0,0,61.34970305555557,22.967151277777766,0.0
42,L,6500.0,0,0,61.32881833333334,22.84736944444445,0.0
48,M,6500.0,0,0,61.26642444444445,22.696800444444445,0.0
48,N,6500.0,0,0,61.21319611111112,22.67778783333333,0.0
48,O,6500.0,0,0,61.1977488888889,22.64844913888889,0.0
52,P,6500.0,0,0,61.27355583333333,22.355416138888888,0.0
8,A,6500.0,1,0,61.49124555555557,23.75823291666667,0.0
8,B,6500.0,1,0,61.4876,23.72447716666667,0.0
8,C,6500.0,1,0,61.4876,23.72447716666667,0.0
8,D,6500.0,1,0,61.4876,23.72447716666667,0.0
8,E,6500.0,1,0,61.473642777777776,23.597026805555554,0.0
23,F,6500.0,1,0,61.442388333333334,23.4855235,0.0
8,G,6500.0,1,0,61.47026555555557,23.52483741666667,0.0
23,H,6500.0,1,0,61.463277500000004,23.437638638888888,0.0
40,S,6500.0,1,0,61.40298666666666,23.07322130555556,0.0
40,K,6500.0,1,0,61.34970305555557,22.967151277777766,0.0
48,M,6500.0,1,0,61.26642444444445,22.696800444444445,0.0
48,N,6500.0,1,0,61.21319611111112,22.67778783333333,0.0
48,O,6500.0,1,0,61.1977488888889,22.64844913888889,0.0
8,A,6500.0,2,0,61.49124555555557,23.75823291666667,0.0
8,B,6500.0,2,0,61.4876,23.72447716666667,0.0
8,C,6500.0,2,0,61.4876,23.72447716666667,0.0
8,D,6500.0,2,0,61.4876,23.72447716666667,0.0
8,E,6500.0,2,0,61.473642777777776,23.597026805555554,0.0
8,G,6500.0,2,0,61.47026555555557,23.52483741666667,0.0
48,M,6500.0,2,0,61.26642444444445,22.696800444444445,0.0
48,N,6500.0,2,0,61.21319611111112,22.67778783333333,0.0
48,O,6500.0,2,0,61.1977488888889,22.64844913888889,0.0
8,A,6500.0,3,0,61.49124555555557,23.75823291666667,0.0
8,B,6500.0,3,0,61.4876,23.72447716666667,0.0
8,C,6500.0,3,0,61.4876,23.72447716666667,0.0
8,D,6500.0,3,0,61.4876,23.72447716666667,0.0
8,E,6500.0,3,0,61.473642777777776,23.597026805555554,0.0
8,G,6500.0,3,0,61.47026555555557,23.52483741666667,0.0
8,A,6500.0,0,1,61.49124555555557,23.75823291666667,0.0
8,B,6500.0,0,1,61.4876,23.72447716666667,0.0
8,C,6500.0,0,1,61.4876,23.72447716666667,0.0
8,D,6500.0,0,1,61.4876,23.72447716666667,0.0
8,E,6500.0,0,1,61.473642777777776,23.597026805555554,0.0
23,F,6500.0,0,1,61.442388333333334,23.4855235,0.0
28,R,6500.0,0,1,61.476639722222224,23.33223580555555,0.0
40,S,6500.0,0,1,61.40298666666666,23.07322130555556,0.0
40,K,6500.0,0,1,61.34970305555557,22.967151277777766,0.0
42,L,6500.0,0,1,61.32881833333334,22.84736944444445,0.0
48,M,6500.0,0,1,61.26642444444445,22.696800444444445,0.0
48,N,6500.0,0,1,61.21319611111112,22.67778783333333,0.0
48,O,6500.0,0,1,61.1977488888889,22.64844913888889,0.0
52,P,6500.0,0,1,61.27355583333333,22.355416138888888,0.0
8,A,6500.0,1,1,61.49124555555557,23.75823291666667,0.0
8,B,6500.0,1,1,61.4876,23.72447716666667,0.0
8,C,6500.0,1,1,61.4876,23.72447716666667,0.0
8,D,6500.0,1,1,61.4876,23.72447716666667,0.0
8,E,6500.0,1,1,61.473642777777776,23.597026805555554,0.0
23,F,6500.0,1,1,61.442388333333334,23.4855235,0.0
23,H,6500.0,1,1,61.463277500000004,23.437638638888888,0.0
40,S,6500.0,1,1,61.40298666666666,23.07322130555556,0.0
40,K,6500.0,1,1,61.34970305555557,22.967151277777766,0.0
48,M,6500.0,1,1,61.26642444444445,22.696800444444445,0.0
48,N,6500.0,1,1,61.21319611111112,22.67778783333333,0.0
48,O,6500.0,1,1,61.1977488888889,22.64844913888889,0.0
8,A,6500.0,2,1,61.49124555555557,23.75823291666667,0.0
8,B,6500.0,2,1,61.4876,23.72447716666667,0.0
8,C,6500.0,2,1,61.4876,23.72447716666667,0.0
8,D,6500.0,2,1,61.4876,23.72447716666667,0.0
8,E,6500.0,2,1,61.473642777777776,23.597026805555554,0.0
8,G,6500.0,2,1,61.47026555555557,23.52483741666667,0.0
48,M,6500.0,2,1,61.26642444444445,22.696800444444445,0.0
48,N,6500.0,2,1,61.21319611111112,22.67778783333333,0.0
48,O,6500.0,2,1,61.1977488888889,22.64844913888889,0.0
8,A,6500.0,3,1,61.49124555555557,23.75823291666667,0.0
8,B,6500.0,3,1,61.4876,23.72447716666667,0.0
8,C,6500.0,3,1,61.4876,23.72447716666667,0.0
8,D,6500.0,3,1,61.4876,23.72447716666667,0.0
8,E,6500.0,3,1,61.473642777777776,23.597026805555554,0.0
8,G,6500.0,3,1,61.47026555555557,23.52483741666667,0.0
8,A,7000.0,0,0,61.49124555555557,23.75823291666667,0.0
8,B,7000.0,0,0,61.4876,23.72447716666667,0.0
8,C,7000.0,0,0,61.4876,23.72447716666667,0.0
8,D,7000.0,0,0,61.4876,23.72447716666667,0.0
8,E,7000.0,0,0,61.473642777777776,23.597026805555554,0.0
12,F,7000.0,0,0,61.442388333333334,23.4855235,0.0
8,G,7000.0,0,0,61.47026555555557,23.52483741666667,0.0
29,H,7000.0,0,0,61.4632775,23.437638638888888,0.0
34,R,7000.0,0,0,61.476639722222224,23.33223580555555,0.0
46,S,7000.0,0,0,61.40298666666666,23.07322130555556,0.0
46,K,7000.0,0,0,61.34970305555557,22.967151277777766,0.0
48,L,7000.0,0,0,61.32881833333334,22.84736944444445,0.0
54,M,7000.0,0,0,61.26642444444445,22.696800444444445,0.0
54,N,7000.0,0,0,61.21319611111112,22.67778783333333,0.0
54,O,7000.0,0,0,61.1977488888889,22.64844913888889,0.0
58,P,7000.0,0,0,61.27355583333333,22.355416138888888,0.0
8,A,7000.0,1,0,61.49124555555557,23.75823291666667,0.0
8,B,7000.0,1,0,61.4876,23.72447716666667,0.0
8,C,7000.0,1,0,61.4876,23.72447716666667,0.0
8,D,7000.0,1,0,61.4876,23.72447716666667,0.0
8,E,7000.0,1,0,61.473642777777776,23.597026805555554,0.0
8,G,7000.0,1,0,61.47026555555557,23.52483741666667,0.0
46,S,7000.0,1,0,61.40298666666666,23.07322130555556,0.0
46,K,7000.0,1,0,61.34970305555557,22.967151277777766,0.0
54,M,7000.0,1,0,61.26642444444445,22.696800444444445,0.0
54,N,7000.0,1,0,61.21319611111112,22.67778783333333,0.0
54,O,7000.0,1,0,61.1977488888889,22.64844913888889,0.0
8,A,7000.0,2,0,61.49124555555557,23.75823291666667,0.0
8,B,7000.0,2,0,61.4876,23.72447716666667,0.0
8,C,7000.0,2,0,61.4876,23.72447716666667,0.0
8,D,7000.0,2,0,61.4876,23.72447716666667,0.0
8,E,7000.0,2,0,61.473642777777776,23.597026805555554,0.0
8,G,7000.0,2,0,61.47026555555557,23.52483741666667,0.0
54,M,7000.0,2,0,61.26642444444445,22.696800444444445,0.0
54,N,7000.0,2,0,61.21319611111112,22.67778783333333,0.0
54,O,7000.0,2,0,61.1977488888889,22.64844913888889,0.0
8,A,7000.0,3,0,61.49124555555557,23.75823291666667,0.0
8,B,7000.0,3,0,61.4876,23.72447716666667,0.0
8,C,7000.0,3,0,61.4876,23.72447716666667,0.0
8,D,7000.0,3,0,61.4876,23.72447716666667,0.0
8,E,7000.0,3,0,61.473642777777776,23.597026805555554,0.0
8,G,7000.0,3,0,61.47026555555557,23.52483741666667,0.0
8,A,7000.0,0,1,61.49124555555557,23.75823291666667,0.0
8,B,7000.0,0,1,61.4876,23.72447716666667,0.0
8,C,7000.0,0,1,61.4876,23.72447716666667,0.0
8,D,7000.0,0,1,61.4876,23.72447716666667,0.0
46,S,7000.0,0,1,61.40298666666666,23.07322130555556,0.0
48,L,7000.0,0,1,61.32881833333334,22.84736944444445,0.0
54,M,7000.0,0,1,61.26642444444445,22.696800444444445,0.0
54,N,7000.0,0,1,61.21319611111112,22.67778783333333,0.0
54,O,7000.0,0,1,61.1977488888889,22.64844913888889,0.0
58,P,7000.0,0,1,61.27355583333333,22.355416138888888,0.0
8,A,7000.0,1,1,61.49124555555557,23.75823291666667,0.0
8,B,7000.0,1,1,61.4876,23.72447716666667,0.0
8,C,7000.0,1,1,61.4876,23.72447716666667,0.0
8,D,7000.0,1,1,61.4876,23.72447716666667,0.0
8,E,7000.0,1,1,61.473642777777776,23.597026805555554,0.0
8,G,7000.0,1,1,61.47026555555557,23.52483741666667,0.0
46,S,7000.0,1,1,61.40298666666666,23.07322130555556,0.0
46,K,7000.0,1,1,61.34970305555557,22.967151277777766,0.0
54,M,7000.0,1,1,61.26642444444445,22.696800444444445,0.0
54,N,7000.0,1,1,61.21319611111112,22.67778783333333,0.0
54,O,7000.0,1,1,61.1977488888889,22.64844913888889,0.0
8,A,7000.0,2,1,61.49124555555557,23.75823291666667,0.0
8,B,7000.0,2,1,61.4876,23.72447716666667,0.0
8,C,7000.0,2,1,61.4876,23.72447716666667,0.0
8,D,7000.0,2,1,61.4876,23.72447716666667,0.0
8,E,7000.0,2,1,61.473642777777776,23.597026805555554,0.0
8,G,7000.0,2,1,61.47026555555557,23.52483741666667,0.0
54,M,7000.0,2,1,61.26642444444445,22.696800444444445,0.0
54,N,7000.0,2,1,61.21319611111112,22.67778783333333,0.0
54,O,7000.0,2,1,61.1977488888889,22.64844913888889,0.0
8,A,7000.0,3,1,61.49124555555557,23.75823291666667,0.0
8,B,7000.0,3,1,61.4876,23.72447716666667,0.0
8,C,7000.0,3,1,61.4876,23.72447716666667,0.0
8,D,7000.0,3,1,61.4876,23.72447716666667,0.0
8,E,7000.0,3,1,61.473642777777776,23.597026805555554,0.0
8,G,7000.0,3,1,61.47026555555557,23.52483741666667,0.0
8,A,7500.0,0,0,61.49124555555557,23.75823291666667,0.0
8,B,7500.0,0,0,61.4876,23.72447716666667,0.0
8,C,7500.0,0,0,61.4876,23.72447716666667,0.0
8,D,7500.0,0,0,61.4876,23.72447716666667,0.0
8,E,7500.0,0,0,61.473642777777776,23.597026805555554,0.0
12,F,7500.0,0,0,61.442388333333334,23.4855235,0.0
8,G,7500.0,0,0,61.47026555555557,23.52483741666667,0.0
34,H,7500.0,0,0,61.4632775,23.437638638888888,0.0
34,R,7500.0,0,0,61.476639722222224,23.33223580555555,0.0
50,S,7500.0,0,0,61.40298666666666,23.07322130555556,0.0
50,K,7500.0,0,0,61.34970305555557,22.967151277777766,0.0
50,L,7500.0,0,0,61.32881833333334,22.84736944444445,0.0
57,M,7500.0,0,0,61.26642444444445,22.696800444444445,0.0
57,N,7500.0,0,0,61.21319611111112,22.67778783333333,0.0
57,O,7500.0,0,0,61.1977488888889,22.64844913888889,0.0
62,P,7500.0,0,0,61.27355583333333,22.355416138888888,0.0
8,A,7500.0,1,0,61.49124555555557,23.75823291666667,0.0
8,B,7500.0,1,0,61.4876,23.72447716666667,0.0
8,C,7500.0,1,0,61.4876,23.72447716666667,0.0
8,D,7500.0,1,0,61.4876,23.72447716666667,0.0
8,E,7500.0,1,0,61.473642777777776,23.597026805555554,0.0
8,G,7500.0,1,0,61.47026555555557,23.52483741666667,0.0
34,H,7500.0,1,0,61.463277500000004,23.437638638888888,0.0
34,R,7500.0,1,0,61.476639722222224,23.33223580555555,0.0
50,S,7500.0,1,0,61.40298666666666,23.07322130555556,0.0
50,K,7500.0,1,0,61.34970305555557,22.967151277777766,0.0
50,L,7500.0,1,0,61.32881833333334,22.84736944444445,0.0
57,M,7500.0,1,0,61.26642444444445,22.696800444444445,0.0
57,N,7500.0,1,0,61.21319611111112,22.67778783333333,0.0
57,O,7500.0,1,0,61.1977488888889,22.64844913888889,0.0
8,A,7500.0,2,0,61.49124555555557,23.75823291666667,0.0
8,B,7500.0,2,0,61.4876,23.72447716666667,0.0
8,C,7500.0,2,0,61.4876,23.72447716666667,0.0
8,D,7500.0,2,0,61.4876,23.72447716666667,0.0
8,E,7500.0,2,0,61.473642777777776,23.597026805555554,0.0
8,G,7500.0,2,0,61.47026555555557,23.52483741666667,0.0
50,S,7500.0,2,0,61.40298666666666,23.07322130555556,0.0
50,K,7500.0,2,0,61.34970305555557,22.967151277777766,0.0
50,L,7500.0,2,0,61.32881833333334,22.84736944444445,0.0
57,M,7500.0,2,0,61.26642444444445,22.696800444444445,0.0
57,N,7500.0,2,0,61.21319611111112,22.67778783333333,0.0
57,O,7500.0,2,0,61.1977488888889,22.64844913888889,0.0
8,A,7500.0,3,0,61.49124555555557,23.75823291666667,0.0
8,B,7500.0,3,0,61.4876,23.72447716666667,0.0
8,C,7500.0,3,0,61.4876,23.72447716666667,0.0
8,D,7500.0,3,0,61.4876,23.72447716666667,0.0
8,E,7500.0,3,0,61.473642777777776,23.597026805555554,0.0
8,G,7500.0,3,0,61.47026555555557,23.52483741666667,0.0
8,A,7500.0,0,1,61.49124555555557,23.75823291666667,0.0
8,B,7500.0,0,1,61.4876,23.72447716666667,0.0
8,C,7500.0,0,1,61.4876,23.72447716666667,0.0
8,D,7500.0,0,1,61.4876,23.72447716666667,0.0
34,R,7500.0,0,1,61.476639722222224,23.33223580555555,0.0
50,S,7500.0,0,1,61.40298666666666,23.07322130555556,0.0
50,K,7500.0,0,1,61.34970305555557,22.967151277777766,0.0
50,L,7500.0,0,1,61.32881833333334,22.84736944444445,0.0
57,M,7500.0,0,1,61.26642444444445,22.696800444444445,0.0
57,N,7500.0,0,1,61.21319611111112,22.67778783333333,0.0
57,O,7500.0,0,1,61.1977488888889,22.64844913888889,0.0
62,P,7500.0,0,1,61.27355583333333,22.355416138888888,0.0
8,A,7500.0,1,1,61.49124555555557,23.75823291666667,0.0
8,B,7500.0,1,1,61.4876,23.72447716666667,0.0
8,C,7500.0,1,1,61.4876,23.72447716666667,0.0
8,D,7500.0,1,1,61.4876,23.72447716666667,0.0
8,E,7500.0,1,1,61.473642777777776,23.597026805555554,0.0
34,H,7500.0,1,1,61.463277500000004,23.437638638888888,0.0
34,R,7500.0,1,1,61.476639722222224,23.33223580555555,0.0
50,S,7500.0,1,1,61.40298666666666,23.07322130555556,0.0
50,K,7500.0,1,1,61.34970305555557,22.967151277777766,0.0
50,L,7500.0,1,1,61.32881833333334,22.84736944444445,0.0
57,M,7500.0,1,1,61.26642444444445,22.696800444444445,0.0
57,N,7500.0,1,1,61.21319611111112,22.67778783333333,0.0
57,O,7500.0,1,1,61.1977488888889,22.64844913888889,0.0
8,A,7500.0,2,1,61.49124555555557,23.75823291666667,0.0
8,B,7500.0,2,1,61.4876,23.72447716666667,0.0
8,C,7500.0,2,1,61.4876,23.72447716666667,0.0
8,D,7500.0,2,1,61.4876,23.72447716666667,0.0
8,E,7500.0,2,1,61.473642777777776,23.597026805555554,0.0
8,G,7500.0,2,1,61.47026555555557,23.52483741666667,0.0
50,S,7500.0,2,1,61.40298666666666,23.07322130555556,0.0
50,K,7500.0,2,1,61.34970305555557,22.967151277777766,0.0
50,L,7500.0,2,1,61.32881833333334,22.84736944444445,0.0
57,M,7500.0,2,1,61.26642444444445,22.696800444444445,0.0
57,N,7500.0,2,1,61.21319611111112,22.67778783333333,0.0
57,O,7500.0,2,1,61.1977488888889,22.64844913888889,0.0
8,A,7500.0,3,1,61.49124555555557,23.75823291666667,0.0
8,B,7500.0,3,1,61.4876,23.72447716666667,0.0
8,C,7500.0,3,1,61.4876,23.72447716666667,0.0
8,D,7500.0,3,1,61.4876,23.72447716666667,0.0
8,E,7500.0,3,1,61.473642777777776,23.597026805555554,0.0
8,G,7500.0,3,1,61.47026555555557,23.52483741666667,0.0
8,A,8000.0,0,0,61.49124555555557,23.75823291666667,0.0
8,B,8000.0,0,0,61.4876,23.72447716666667,0.0
8,C,8000.0,0,0,61.4876,23.72447716666667,0.0
8,D,8000.0,0,0,61.4876,23.72447716666667,0.0
8,E,8000.0,0,0,61.473642777777776,23.597026805555554,0.0
8,F,8000.0,0,0,61.442388333333334,23.4855235,0.0
8,G,8000.0,0,0,61.47026555555557,23.52483741666667,0.0
18,H,8000.0,0,0,61.4632775,23.437638638888888,0.0
42,R,8000.0,0,0,61.476639722222224,23.33223580555555,0.0
58,S,8000.0,0,0,61.40298666666666,23.07322130555556,0.0
58,K,8000.0,0,0,61.34970305555557,22.967151277777766,0.0
58,L,8000.0,0,0,61.32881833333334,22.84736944444445,0.0
64,M,8000.0,0,0,61.26642444444445,22.696800444444445,0.0
64,N,8000.0,0,0,61.21319611111112,22.67778783333333,0.0
67,O,8000.0,0,0,61.1977488888889,22.64844913888889,0.0
72,P,8000.0,0,0,61.27355583333333,22.355416138888888,0.0
8,A,8000.0,1,0,61.49124555555557,23.75823291666667,0.0
8,B,8000.0,1,0,61.4876,23.72447716666667,0.0
8,C,8000.0,1,0,61.4876,23.72447716666667,0.0
8,D,8000.0,1,0,61.4876,23.72447716666667,0.0
8,E,8000.0,1,0,61.473642777777776,23.597026805555554,0.0
8,F,8000.0,1,0,61.442388333333334,23.4855235,0.0
8,G,8000.0,1,0,61.47026555555557,23.52483741666667,0.0
58,S,8000.0,1,0,61.40298666666666,23.07322130555556,0.0
58,K,8000.0,1,0,61.34970305555557,22.967151277777766,0.0
58,L,8000.0,1,0,61.32881833333334,22.84736944444445,0.0
64,M,8000.0,1,0,61.26642444444445,22.696800444444445,0.0
64,N,8000.0,1,0,61.21319611111112,22.67778783333333,0.0
8,A,8000.0,2,0,61.49124555555557,23.75823291666667,0.0
8,B,8000.0,2,0,61.4876,23.72447716666667,0.0
8,C,8000.0,2,0,61.4876,23.72447716666667,0.0
8,D,8000.0,2,0,61.4876,23.72447716666667,0.0
8,E,8000.0,2,0,61.473642777777776,23.597026805555554,0.0
8,F,8000.0,2,0,61.442388333333334,23.4855235,0.0
8,G,8000.0,2,0,61.47026555555557,23.52483741666667,0.0
58,S,8000.0,2,0,61.40298666666666,23.07322130555556,0.0
58,K,8000.0,2,0,61.34970305555557,22.967151277777766,0.0
58,L,8000.0,2,0,61.32881833333334,22.84736944444445,0.0
8,A,8000.0,3,0,61.49124555555557,23.75823291666667,0.0
8,B,8000.0,3,0,61.4876,23.72447716666667,0.0
8,C,8000.0,3,0,61.4876,23.72447716666667,0.0
8,D,8000.0,3,0,61.4876,23.72447716666667,0.0
8,E,8000.0,3,0,61.473642777777776,23.597026805555554,0.0
8,F,8000.0,3,0,61.442388333333334,23.4855235,0.0
8,G,8000.0,3,0,61.47026555555557,23.52483741666667,0.0
8,A,8000.0,0,1,61.49124555555557,23.75823291666667,0.0
8,B,8000.0,0,1,61.4876,23.72447716666667,0.0
8,C,8000.0,0,1,61.4876,23.72447716666667,0.0
8,D,8000.0,0,1,61.4876,23.72447716666667,0.0
8,E,8000.0,0,1,61.473642777777776,23.597026805555554,0.0
58,S,8000.0,0,1,61.40298666666666,23.07322130555556,0.0
58,K,8000.0,0,1,61.34970305555557,22.967151277777766,0.0
58,L,8000.0,0,1,61.32881833333334,22.84736944444445,0.0
72,P,8000.0,0,1,61.27355583333333,22.355416138888888,0.0
8,A,8000.0,1,1,61.49124555555557,23.75823291666667,0.0
8,B,8000.0,1,1,61.4876,23.72447716666667,0.0
8,C,8000.0,1,1,61.4876,23.72447716666667,0.0
8,D,8000.0,1,1,61.4876,23.72447716666667,0.0
8,E,8000.0,1,1,61.473642777777776,23.597026805555554,0.0
8,F,8000.0,1,1,61.442388333333334,23.4855235,0.0
8,G,8000.0,1,1,61.47026555555557,23.52483741666667,0.0
58,S,8000.0,1,1,61.40298666666666,23.07322130555556,0.0
58,K,8000.0,1,1,61.34970305555557,22.967151277777766,0.0
58,L,8000.0,1,1,61.32881833333334,22.84736944444445,0.0
64,M,8000.0,1,1,61.26642444444445,22.696800444444445,0.0
64,N,8000.0,1,1,61.21319611111112,22.67778783333333,0.0
8,A,8000.0,2,1,61.49124555555557,23.75823291666667,0.0
8,B,8000.0,2,1,61.4876,23.72447716666667,0.0
8,C,8000.0,2,1,61.4876,23.72447716666667,0.0
8,D,8000.0,2,1,61.4876,23.72447716666667,0.0
8,E,8000.0,2,1,61.473642777777776,23.597026805555554,0.0
8,F,8000.0,2,1,61.442388333333334,23.4855235,0.0
8,G,8000.0,2,1,61.47026555555557,23.52483741666667,0.0
58,S,8000.0,2,1,61.40298666666666,23.07322130555556,0.0
58,K,8000.0,2,1,61.34970305555557,22.967151277777766,0.0
58,L,8000.0,2,1,61.32881833333334,22.84736944444445,0.0
8,A,8000.0,3,1,61.49124555555557,23.75823291666667,0.0
8,B,8000.0,3,1,61.4876,23.72447716666667,0.0
8,C,8000.0,3,1,61.4876,23.72447716666667,0.0
8,D,8000.0,3,1,61.4876,23.72447716666667,0.0
8,E,8000.0,3,1,61.473642777777776,23.597026805555554,0.0
8,F,8000.0,3,1,61.442388333333334,23.4855235,0.0
8,G,8000.0,3,1,61.47026555555557,23.52483741666667,0.0
8,A,8500.0,0,0,61.49124555555557,23.75823291666667,0.0
8,B,8500.0,0,0,61.4876,23.72447716666667,0.0
8,C,8500.0,0,0,61.4876,23.72447716666667,0.0
8,D,8500.0,0,0,61.4876,23.72447716666667,0.0
8,E,8500.0,0,0,61.473642777777776,23.597026805555554,0.0
8,F,8500.0,0,0,61.442388333333334,23.4855235,0.0
8,G,8500.0,0,0,61.47026555555557,23.52483741666667,0.0
15,H,8500.0,0,0,61.4632775,23.437638638888888,0.0
37,R,8500.0,0,0,61.476639722222224,23.33223580555555,0.0
60,S,8500.0,0,0,61.40298666666666,23.07322130555556,0.0
60,K,8500.0,0,0,61.34970305555557,22.967151277777766,0.0
60,L,8500.0,0,0,61.32881833333334,22.84736944444445,0.0
66,M,8500.0,0,0,61.26642444444445,22.696800444444445,0.0
66,N,8500.0,0,0,61.21319611111112,22.67778783333333,0.0
69,O,8500.0,0,0,61.1977488888889,22.64844913888889,0.0
74,P,8500.0,0,0,61.27355583333333,22.355416138888888,0.0
8,A,8500.0,1,0,61.49124555555557,23.75823291666667,0.0
8,B,8500.0,1,0,61.4876,23.72447716666667,0.0
8,C,8500.0,1,0,61.4876,23.72447716666667,0.0
8,D,8500.0,1,0,61.4876,23.72447716666667,0.0
8,E,8500.0,1,0,61.473642777777776,23.597026805555554,0.0
8,F,8500.0,1,0,61.442388333333334,23.4855235,0.0
8,G,8500.0,1,0,61.47026555555557,23.52483741666667,0.0
60,S,8500.0,1,0,61.40298666666666,23.07322130555556,0.0
60,K,8500.0,1,0,61.34970305555557,22.967151277777766,0.0
60,L,8500.0,1,0,61.32881833333334,22.84736944444445,0.0
66,M,8500.0,1,0,61.26642444444445,22.696800444444445,0.0
66,N,8500.0,1,0,61.21319611111112,22.67778783333333,0.0
8,A,8500.0,2,0,61.49124555555557,23.75823291666667,0.0
8,B,8500.0,2,0,61.4876,23.72447716666667,0.0
8,C,8500.0,2,0,61.4876,23.72447716666667,0.0
8,D,8500.0,2,0,61.4876,23.72447716666667,0.0
8,E,8500.0,2,0,61.473642777777776,23.597026805555554,0.0
8,F,8500.0,2,0,61.442388333333334,23.4855235,0.0
8,G,8500.0,2,0,61.47026555555557,23.52483741666667,0.0
60,S,8500.0,2,0,61.40298666666666,23.07322130555556,0.0
60,K,8500.0,2,0,61.34970305555557,22.967151277777766,0.0
60,L,8500.0,2,0,61.32881833333334,22.84736944444445,0.0
8,A,8500.0,3,0,61.49124555555557,23.75823291666667,0.0
8,B,8500.0,3,0,61.4876,23.72447716666667,0.0
8,C,8500.0,3,0,61.4876,23.72447716666667,0.0
8,D,8500.0,3,0,61.4876,23.72447716666667,0.0
8,E,8500.0,3,0,61.473642777777776,23.597026805555554,0.0
8,F,8500.0,3,0,61.442388333333334,23.4855235,0.0
8,G,8500.0,3,0,61.47026555555557,23.52483741666667,0.0
8,A,8500.0,0,1,61.49124555555557,23.75823291666667,0.0
8,B,8500.0,0,1,61.4876,23.72447716666667,0.0
8,C,8500.0,0,1,61.4876,23.72447716666667,0.0
8,D,8500.0,0,1,61.4876,23.72447716666667,0.0
60,S,8500.0,0,1,61.40298666666666,23.07322130555556,0.0
60,K,8500.0,0,1,61.34970305555557,22.967151277777766,0.0
60,L,8500.0,0,1,61.32881833333334,22.84736944444445,0.0
74,P,8500.0,0,1,61.27355583333333,22.355416138888888,0.0
8,A,8500.0,1,1,61.49124555555557,23.75823291666667,0.0
8,B,8500.0,1,1,61.4876,23.72447716666667,0.0
8,C,8500.0,1,1,61.4876,23.72447716666667,0.0
8,D,8500.0,1,1,61.4876,23.72447716666667,0.0
8,E,8500.0,1,1,61.473642777777776,23.597026805555554,0.0
8,F,8500.0,1,1,61.442388333333334,23.4855235,0.0
8,G,8500.0,1,1,61.47026555555557,23.52483741666667,0.0
60,S,8500.0,1,1,61.40298666666666,23.07322130555556,0.0
60,K,8500.0,1,1,61.34970305555557,22.967151277777766,0.0
60,L,8500.0,1,1,61.32881833333334,22.84736944444445,0.0
66,M,8500.0,1,1,61.26642444444445,22.696800444444445,0.0
66,N,8500.0,1,1,61.21319611111112,22.67778783333333,0.0
8,A,8500.0,2,1,61.49124555555557,23.75823291666667,0.0
8,B,8500.0,2,1,61.4876,23.72447716666667,0.0
8,C,8500.0,2,1,61.4876,23.72447716666667,0.0
8,D,8500.0,2,1,61.4876,23.72447716666667,0.0
8,E,8500.0,2,1,61.473642777777776,23.597026805555554,0.0
8,F,8500.0,2,1,61.442388333333334,23.4855235,0.0
8,G,8500.0,2,1,61.47026555555557,23.52483741666667,0.0
60,S,8500.0,2,1,61.40298666666666,23.07322130555556,0.0
60,K,8500.0,2,1,61.34970305555557,22.967151277777766,0.0
60,L,8500.0,2,1,61.32881833333334,22.84736944444445,0.0
8,A,8500.0,3,1,61.49124555555557,23.75823291666667,0.0
8,B,8500.0,3,1,61.4876,23.72447716666667,0.0
8,C,8500.0,3,1,61.4876,23.72447716666667,0.0
8,D,8500.0,3,1,61.4876,23.72447716666667,0.0
8,E,8500.0,3,1,61.473642777777776,23.597026805555554,0.0
8,F,8500.0,3,1,61.442388333333334,23.4855235,0.0
8,G,8500.0,3,1,61.47026555555557,23.52483741666667,0.0
12,A,9000.0,0,0,61.49124555555557,23.75823291666667,0.0
12,B,9000.0,0,0,61.4876,23.72447716666667,0.0
12,C,9000.0,0,0,61.4876,23.72447716666667,0.0
12,D,9000.0,0,0,61.4876,23.72447716666667,0.0
12,E,9000.0,0,0,61.473642777777776,23.597026805555554,0.0
12,F,9000.0,0,0,61.442388333333334,23.4855235,0.0
12,G,9000.0,0,0,61.47026555555557,23.52483741666667,0.0
12,H,9000.0,0,0,61.4632775,23.437638638888888,0.0
39,R,9000.0,0,0,61.476639722222224,23.33223580555555,0.0
62,S,9000.0,0,0,61.40298666666666,23.07322130555556,0.0
62,K,9000.0,0,0,61.34970305555557,22.967151277777766,0.0
62,L,9000.0,0,0,61.32881833333334,22.84736944444445,0.0
66,M,9000.0,0,0,61.26642444444445,22.696800444444445,0.0
70,N,9000.0,0,0,61.21319611111112,22.67778783333333,0.0
73,O,9000.0,0,0,61.1977488888889,22.64844913888889,0.0
78,P,9000.0,0,0,61.27355583333333,22.355416138888888,0.0
12,A,9000.0,1,0,61.49124555555557,23.75823291666667,0.0
12,B,9000.0,1,0,61.4876,23.72447716666667,0.0
12,C,9000.0,1,0,61.4876,23.72447716666667,0.0
12,D,9000.0,1,0,61.4876,23.72447716666667,0.0
12,E,9000.0,1,0,61.473642777777776,23.597026805555554,0.0
12,F,9000.0,1,0,61.442388333333334,23.4855235,0.0
12,G,9000.0,1,0,61.47026555555557,23.52483741666667,0.0
12,H,9000.0,1,0,61.463277500000004,23.437638638888888,0.0
62,S,9000.0,1,0,61.40298666666666,23.07322130555556,0.0
62,K,9000.0,1,0,61.34970305555557,22.967151277777766,0.0
62,L,9000.0,1,0,61.32881833333334,22.84736944444445,0.0
12,A,9000.0,2,0,61.49124555555557,23.75823291666667,0.0
12,B,9000.0,2,0,61.4876,23.72447716666667,0.0
12,C,9000.0,2,0,61.4876,23.72447716666667,0.0
12,D,9000.0,2,0,61.4876,23.72447716666667,0.0
12,E,9000.0,2,0,61.473642777777776,23.597026805555554,0.0
12,F,9000.0,2,0,61.442388333333334,23.4855235,0.0
12,G,9000.0,2,0,61.47026555555557,23.52483741666667,0.0
12,H,9000.0,2,0,61.4632775,23.437638638888888,0.0
62,S,9000.0,2,0,61.40298666666666,23.07322130555556,0.0
62,K,9000.0,2,0,61.34970305555557,22.967151277777766,0.0
62,L,9000.0,2,0,61.32881833333334,22.84736944444445,0.0
12,A,9000.0,3,0,61.49124555555557,23.75823291666667,0.0
12,B,9000.0,3,0,61.4876,23.72447716666667,0.0
12,C,9000.0,3,0,61.4876,23.72447716666667,0.0
12,D,9000.0,3,0,61.4876,23.72447716666667,0.0
12,E,9000.0,3,0,61.473642777777776,23.597026805555554,0.0
12,F,9000.0,3,0,61.442388333333334,23.4855235,0.0
12,G,9000.0,3,0,61.47026555555557,23.52483741666667,0.0
12,H,9000.0,3,0,61.463277500000004,23.437638638888888,0.0
12,A,9000.0,0,1,61.49124555555557,23.75823291666667,0.0
12,B,9000.0,0,1,61.4876,23.72447716666667,0.0
12,C,9000.0,0,1,61.4876,23.72447716666667,0.0
12,D,9000.0,0,1,61.4876,23.72447716666667,0.0
12,E,9000.0,0,1,61.473642777777776,23.597026805555554,0.0
12,G,9000.0,0,1,61.47026555555557,23.52483741666667,0.0
39,R,9000.0,0,1,61.476639722222224,23.33223580555555,0.0
62,S,9000.0,0,1,61.40298666666666,23.07322130555556,0.0
62,K,9000.0,0,1,61.34970305555557,22.967151277777766,0.0
62,L,9000.0,0,1,61.32881833333334,22.84736944444445,0.0
78,P,9000.0,0,1,61.27355583333333,22.355416138888888,0.0
12,A,9000.0,1,1,61.49124555555557,23.75823291666667,0.0
12,B,9000.0,1,1,61.4876,23.72447716666667,0.0
12,C,9000.0,1,1,61.4876,23.72447716666667,0.0
12,D,9000.0,1,1,61.4876,23.72447716666667,0.0
12,E,9000.0,1,1,61.473642777777776,23.597026805555554,0.0
12,F,9000.0,1,1,61.442388333333334,23.4855235,0.0
12,G,9000.0,1,1,61.47026555555557,23.52483741666667,0.0
12,H,9000.0,1,1,61.463277500000004,23.437638638888888,0.0
62,S,9000.0,1,1,61.40298666666666,23.07322130555556,0.0
62,K,9000.0,1,1,61.34970305555557,22.967151277777766,0.0
62,L,9000.0,1,1,61.32881833333334,22.84736944444445,0.0
12,A,9000.0,2,1,61.49124555555557,23.75823291666667,0.0
12,B,9000.0,2,1,61.4876,23.72447716666667,0.0
12,C,9000.0,2,1,61.4876,23.72447716666667,0.0
12,D,9000.0,2,1,61.4876,23.72447716666667,0.0
12,E,9000.0,2,1,61.473642777777776,23.597026805555554,0.0
12,F,9000.0,2,1,61.442388333333334,23.4855235,0.0
12,G,9000.0,2,1,61.47026555555557,23.52483741666667,0.0
12,H,9000.0,2,1,61.4632775,23.437638638888888,0.0
62,S,9000.0,2,1,61.40298666666666,23.07322130555556,0.0
62,K,9000.0,2,1,61.34970305555557,22.967151277777766,0.0
62,L,9000.0,2,1,61.32881833333334,22.84736944444445,0.0
12,A,9000.0,3,1,61.49124555555557,23.75823291666667,0.0
12,B,9000.0,3,1,61.4876,23.72447716666667,0.0
12,C,9000.0,3,1,61.4876,23.72447716666667,0.0
12,D,9000.0,3,1,61.4876,23.72447716666667,0.0
12,E,9000.0,3,1,61.473642777777776,23.597026805555554,0.0
12,F,9000.0,3,1,61.442388333333334,23.4855235,0.0
12,G,9000.0,3,1,61.47026555555557,23.52483741666667,0.0
12,H,9000.0,3,1,61.463277500000004,23.437638638888888,0.0
12,A,9500.0,0,0,61.49124555555557,23.75823291666667,0.0
12,B,9500.0,0,0,61.4876,23.72447716666667,0.0
12,C,9500.0,0,0,61.4876,23.72447716666667,0.0
12,D,9500.0,0,0,61.4876,23.72447716666667,0.0
12,E,9500.0,0,0,61.473642777777776,23.597026805555554,0.0
12,F,9500.0,0,0,61.442388333333334,23.4855235,0.0
12,G,9500.0,0,0,61.47026555555557,23.52483741666667,0.0
12,H,9500.0,0,0,61.4632775,23.437638638888888,0.0
39,R,9500.0,0,0,61.476639722222224,23.33223580555555,0.0
62,S,9500.0,0,0,61.40298666666666,23.07322130555556,0.0
62,K,9500.0,0,0,61.34970305555557,22.967151277777766,0.0
72,L,9500.0,0,0,61.32881833333334,22.84736944444445,0.0
72,M,9500.0,0,0,61.26642444444445,22.696800444444445,0.0
72,N,9500.0,0,0,61.21319611111112,22.67778783333333,0.0
72,O,9500.0,0,0,61.1977488888889,22.64844913888889,0.0
75,P,9500.0,0,0,61.27355583333333,22.355416138888888,0.0
12,A,9500.0,1,0,61.49124555555557,23.75823291666667,0.0
12,B,9500.0,1,0,61.4876,23.72447716666667,0.0
12,C,9500.0,1,0,61.4876,23.72447716666667,0.0
12,D,9500.0,1,0,61.4876,23.72447716666667,0.0
12,E,9500.0,1,0,61.473642777777776,23.597026805555554,0.0
12,F,9500.0,1,0,61.442388333333334,23.4855235,0.0
12,G,9500.0,1,0,61.47026555555557,23.52483741666667,0.0
12,H,9500.0,1,0,61.463277500000004,23.437638638888888,0.0
62,S,9500.0,1,0,61.40298666666666,23.07322130555556,0.0
62,K,9500.0,1,0,61.34970305555557,22.967151277777766,0.0
72,L,9500.0,1,0,61.32881833333334,22.84736944444445,0.0
72,M,9500.0,1,0,61.26642444444445,22.696800444444445,0.0
72,N,9500.0,1,0,61.21319611111112,22.67778783333333,0.0
72,O,9500.0,1,0,61.1977488888889,22.64844913888889,0.0
12,A,9500.0,2,0,61.49124555555557,23.75823291666667,0.0
12,B,9500.0,2,0,61.4876,23.72447716666667,0.0
12,C,9500.0,2,0,61.4876,23.72447716666667,0.0
12,D,9500.0,2,0,61.4876,23.72447716666667,0.0
12,E,9500.0,2,0,61.473642777777776,23.597026805555554,0.0
12,F,9500.0,2,0,61.442388333333334,23.4855235,0.0
12,G,9500.0,2,0,61.47026555555557,23.52483741666667,0.0
12,H,9500.0,2,0,61.4632775,23.437638638888888,0.0
72,L,9500.0,2,0,61.32881833333334,22.84736944444445,0.0
72,M,9500.0,2,0,61.26642444444445,22.696800444444445,0.0
72,N,9500.0,2,0,61.21319611111112,22.67778783333333,0.0
72,O,9500.0,2,0,61.1977488888889,22.64844913888889,0.0
12,A,9500.0,3,0,61.49124555555557,23.75823291666667,0.0
12,B,9500.0,3,0,61.4876,23.72447716666667,0.0
12,C,9500.0,3,0,61.4876,23.72447716666667,0.0
12,D,9500.0,3,0,61.4876,23.72447716666667,0.0
12,E,9500.0,3,0,61.473642777777776,23.597026805555554,0.0
12,F,9500.0,3,0,61.442388333333334,23.4855235,0.0
12,G,9500.0,3,0,61.47026555555557,23.52483741666667,0.0
12,H,9500.0,3,0,61.463277500000004,23.437638638888888,0.0
72,L,9500.0,3,0,61.32881833333334,22.84736944444445,0.0
72,M,9500.0,3,0,61.26642444444445,22.696800444444445,0.0
72,N,9500.0,3,0,61.21319611111112,22.67778783333333,0.0
72,O,9500.0,3,0,61.1977488888889,22.64844913888889,0.0
12,A,9500.0,0,1,61.49124555555557,23.75823291666667,0.0
12,B,9500.0,0,1,61.4876,23.72447716666667,0.0
12,C,9500.0,0,1,61.4876,23.72447716666667,0.0
12,D,9500.0,0,1,61.4876,23.72447716666667,0.0
12,E,9500.0,0,1,61.473642777777776,23.597026805555554,0.0
12,G,9500.0,0,1,61.47026555555557,23.52483741666667,0.0
39,R,9500.0,0,1,61.476639722222224,23.33223580555555,0.0
62,S,9500.0,0,1,61.40298666666666,23.07322130555556,0.0
62,K,9500.0,0,1,61.34970305555557,22.967151277777766,0.0
72,L,9500.0,0,1,61.32881833333334,22.84736944444445,0.0
72,M,9500.0,0,1,61.26642444444445,22.696800444444445,0.0
72,N,9500.0,0,1,61.21319611111112,22.67778783333333,0.0
72,O,9500.0,0,1,61.1977488888889,22.64844913888889,0.0
75,P,9500.0,0,1,61.27355583333333,22.355416138888888,0.0
12,A,9500.0,1,1,61.49124555555557,23.75823291666667,0.0
12,B,9500.0,1,1,61.4876,23.72447716666667,0.0
12,C,9500.0,1,1,61.4876,23.72447716666667,0.0
12,D,9500.0,1,1,61.4876,23.72447716666667,0.0
12,E,9500.0,1,1,61.473642777777776,23.597026805555554,0.0
12,F,9500.0,1,1,61.442388333333334,23.4855235,0.0
12,G,9500.0,1,1,61.47026555555557,23.52483741666667,0.0
12,H,9500.0,1,1,61.463277500000004,23.437638638888888,0.0
62,S,9500.0,1,1,61.40298666666666,23.07322130555556,0.0
62,K,9500.0,1,1,61.34970305555557,22.967151277777766,0.0
72,L,9500.0,1,1,61.32881833333334,22.84736944444445,0.0
72,M,9500.0,1,1,61.26642444444445,22.696800444444445,0.0
72,N,9500.0,1,1,61.21319611111112,22.67778783333333,0.0
72,O,9500.0,1,1,61.1977488888889,22.64844913888889,0.0
12,A,9500.0,2,1,61.49124555555557,23.75823291666667,0.0
12,B,9500.0,2,1,61.4876,23.72447716666667,0.0
12,C,9500.0,2,1,61.4876,23.72447716666667,0.0
12,D,9500.0,2,1,61.4876,23.72447716666667,0.0
12,E,9500.0,2,1,61.473642777777776,23.597026805555554,0.0
12,F,9500.0,2,1,61.442388333333334,23.4855235,0.0
12,G,9500.0,2,1,61.47026555555557,23.52483741666667,0.0
12,H,9500.0,2,1,61.4632775,23.437638638888888,0.0
72,L,9500.0,2,1,61.32881833333334,22.84736944444445,0.0
72,M,9500.0,2,1,61.26642444444445,22.696800444444445,0.0
72,N,9500.0,2,1,61.21319611111112,22.67778783333333,0.0
72,O,9500.0,2,1,61.1977488888889,22.64844913888889,0.0
12,A,9500.0,3,1,61.49124555555557,23.75823291666667,0.0
12,B,9500.0,3,1,61.4876,23.72447716666667,0.0
12,C,9500.0,3,1,61.4876,23.72447716666667,0.0
12,D,9500.0,3,1,61.4876,23.72447716666667,0.0
12,E,9500.0,3,1,61.473642777777776,23.597026805555554,0.0
12,F,9500.0,3,1,61.442388333333334,23.4855235,0.0
12,G,9500.0,3,1,61.47026555555557,23.52483741666667,0.0
12,H,9500.0,3,1,61.463277500000004,23.437638638888888,0.0
72,L,9500.0,3,1,61.32881833333334,22.84736944444445,0.0
72,M,9500.0,3,1,61.26642444444445,22.696800444444445,0.0
72,N,9500.0,3,1,61.21319611111112,22.67778783333333,0.0
72,O,9500.0,3,1,61.1977488888889,22.64844913888889,0.0
9,A,10000.0,0,0,61.49124555555557,23.75823291666667,0.0
9,B,10000.0,0,0,61.4876,23.72447716666667,0.0
9,C,10000.0,0,0,61.4876,23.72447716666667,0.0
9,D,10000.0,0,0,61.4876,23.72447716666667,0.0
9,E,10000.0,0,0,61.473642777777776,23.597026805555554,0.0
9,F,10000.0,0,0,61.442388333333334,23.4855235,0.0
9,G,10000.0,0,0,61.47026555555557,23.52483741666667,0.0
9,H,10000.0,0,0,61.4632775,23.437638638888888,0.0
39,R,10000.0,0,0,61.476639722222224,23.33223580555555,0.0
62,S,10000.0,0,0,61.40298666666666,23.07322130555556,0.0
62,K,10000.0,0,0,61.34970305555557,22.967151277777766,0.0
72,L,10000.0,0,0,61.32881833333334,22.84736944444445,0.0
72,M,10000.0,0,0,61.26642444444445,22.696800444444445,0.0
72,N,10000.0,0,0,61.21319611111112,22.67778783333333,0.0
72,O,10000.0,0,0,61.1977488888889,22.64844913888889,0.0
75,P,10000.0,0,0,61.27355583333333,22.355416138888888,0.0
9,A,10000.0,1,0,61.49124555555557,23.75823291666667,0.0
9,B,10000.0,1,0,61.4876,23.72447716666667,0.0
9,C,10000.0,1,0,61.4876,23.72447716666667,0.0
9,D,10000.0,1,0,61.4876,23.72447716666667,0.0
9,E,10000.0,1,0,61.473642777777776,23.597026805555554,0.0
9,F,10000.0,1,0,61.442388333333334,23.4855235,0.0
9,G,10000.0,1,0,61.47026555555557,23.52483741666667,0.0
9,H,10000.0,1,0,61.463277500000004,23.437638638888888,0.0
62,S,10000.0,1,0,61.40298666666666,23.07322130555556,0.0
62,K,10000.0,1,0,61.34970305555557,22.967151277777766,0.0
72,L,10000.0,1,0,61.32881833333334,22.84736944444445,0.0
72,M,10000.0,1,0,61.26642444444445,22.696800444444445,0.0
72,N,10000.0,1,0,61.21319611111112,22.67778783333333,0.0
72,O,10000.0,1,0,61.1977488888889,22.64844913888889,0.0
9,A,10000.0,2,0,61.49124555555557,23.75823291666667,0.0
9,B,10000.0,2,0,61.4876,23.72447716666667,0.0
9,C,10000.0,2,0,61.4876,23.72447716666667,0.0
9,D,10000.0,2,0,61.4876,23.72447716666667,0.0
9,E,10000.0,2,0,61.473642777777776,23.597026805555554,0.0
9,F,10000.0,2,0,61.442388333333334,23.4855235,0.0
9,G,10000.0,2,0,61.47026555555557,23.52483741666667,0.0
9,H,10000.0,2,0,61.4632775,23.437638638888888,0.0
72,L,10000.0,2,0,61.32881833333334,22.84736944444445,0.0
72,M,10000.0,2,0,61.26642444444445,22.696800444444445,0.0
72,N,10000.0,2,0,61.21319611111112,22.67778783333333,0.0
72,O,10000.0,2,0,61.1977488888889,22.64844913888889,0.0
9,A,10000.0,3,0,61.49124555555557,23.75823291666667,0.0
9,B,10000.0,3,0,61.4876,23.72447716666667,0.0
9,C,10000.0,3,0,61.4876,23.72447716666667,0.0
9,D,10000.0,3,0,61.4876,23.72447716666667,0.0
9,E,10000.0,3,0,61.473642777777776,23.597026805555554,0.0
9,F,10000.0,3,0,61.442388333333334,23.4855235,0.0
9,G,10000.0,3,0,61.47026555555557,23.52483741666667,0.0
9,H,10000.0,3,0,61.463277500000004,23.437638638888888,0.0
72,L,10000.0,3,0,61.32881833333334,22.84736944444445,0.0
72,M,10000.0,3,0,61.26642444444445,22.696800444444445,0.0
72,N,10000.0,3,0,61.21319611111112,22.67778783333333,0.0
72,O,10000.0,3,0,61.1977488888889,22.64844913888889,0.0
9,A,10000.0,0,1,61.49124555555557,23.75823291666667,0.0
9,B,10000.0,0,1,61.4876,23.72447716666667,0.0
9,C,10000.0,0,1,61.4876,23.72447716666667,0.0
9,D,10000.0,0,1,61.4876,23.72447716666667,0.0
9,E,10000.0,0,1,61.473642777777776,23.597026805555554,0.0
9,G,10000.0,0,1,61.47026555555557,23.52483741666667,0.0
39,R,10000.0,0,1,61.476639722222224,23.33223580555555,0.0
62,S,10000.0,0,1,61.40298666666666,23.07322130555556,0.0
62,K,10000.0,0,1,61.34970305555557,22.967151277777766,0.0
72,L,10000.0,0,1,61.32881833333334,22.84736944444445,0.0
72,M,10000.0,0,1,61.26642444444445,22.696800444444445,0.0
72,N,10000.0,0,1,61.21319611111112,22.67778783333333,0.0
72,O,10000.0,0,1,61.1977488888889,22.64844913888889,0.0
75,P,10000.0,0,1,61.27355583333333,22.355416138888888,0.0
9,A,10000.0,1,1,61.49124555555557,23.75823291666667,0.0
9,B,10000.0,1,1,61.4876,23.72447716666667,0.0
9,C,10000.0,1,1,61.4876,23.72447716666667,0.0
9,D,10000.0,1,1,61.4876,23.72447716666667,0.0
9,E,10000.0,1,1,61.473642777777776,23.597026805555554,0.0
9,F,10000.0,1,1,61.442388333333334,23.4855235,0.0
9,G,10000.0,1,1,61.47026555555557,23.52483741666667,0.0
9,H,10000.0,1,1,61.463277500000004,23.437638638888888,0.0
62,S,10000.0,1,1,61.40298666666666,23.07322130555556,0.0
62,K,10000.0,1,1,61.34970305555557,22.967151277777766,0.0
72,L,10000.0,1,1,61.32881833333334,22.84736944444445,0.0
72,M,10000.0,1,1,61.26642444444445,22.696800444444445,0.0
72,N,10000.0,1,1,61.21319611111112,22.67778783333333,0.0
72,O,10000.0,1,1,61.1977488888889,22.64844913888889,0.0
9,A,10000.0,2,1,61.491245555555565,23.75823291666667,0.0
9,B,10000.0,2,1,61.4876,23.72447716666667,0.0
9,C,10000.0,2,1,61.4876,23.72447716666667,0.0
9,D,10000.0,2,1,61.4876,23.72447716666667,0.0
9,E,10000.0,2,1,61.473642777777776,23.597026805555554,0.0
9,F,10000.0,2,1,61.442388333333334,23.4855235,0.0
9,G,10000.0,2,1,61.470265555555564,23.52483741666667,0.0
9,H,10000.0,2,1,61.4632775,23.437638638888888,0.0
72,L,10000.0,2,1,61.32881833333334,22.847369444444446,0.0
72,M,10000.0,2,1,61.26642444444445,22.696800444444445,0.0
72,N,10000.0,2,1,61.21319611111112,22.67778783333333,0.0
72,O,10000.0,2,1,61.197748888888896,22.64844913888889,0.0
9,A,10000.0,3,1,61.49124555555556,23.758232916666667,0.0
9,B,10000.0,3,1,61.4876,23.724477166666667,0.0
9,C,10000.0,3,1,61.4876,23.724477166666667,0.0
9,D,10000.0,3,1,61.4876,23.724477166666667,0.0
9,E,10000.0,3,1,61.473642777777776,23.597026805555554,0.0
9,F,10000.0,3,1,61.44238833333333,23.4855235,0.0
9,G,10000.0,3,1,61.47026555555556,23.524837416666667,0.0
9,H,10000.0,3,1,61.463277500000004,23.437638638888888,0.0
72,L,10000.0,3,1,61.32881833333334,22.847369444444443,0.0
72,M,10000.0,3,1,61.266424444444446,22.696800444444445,0.0
72,N,10000.0,3,1,61.21319611111112,22.677787833333333,0.0
72,O,10000.0,3,1,61.19774888888889,22.64844913888889,0.0
