gw_key,sensor_key,distance_threshold,outlier_threshold,remove_intersections,score_threshold,sensor_latitude,sensor_longitude,sensor_altitude
2,D01A008,500.0,0,0,0.0,41.350833,27.35166700000001,43.0
0,D01A020,500.0,0,0,0.0,41.202222,27.476667,64.0
3,D01A031,500.0,0,0,0.0,41.634722,27.653889000000003,276.0
4,D01A052,500.0,0,0,0.0,41.4,27.966667,141.0
5,D01A057,500.0,0,0,0.0,40.863889,26.238889000000004,4.0
6,D01A063,500.0,0,0,0.0,41.497222,27.944444,189.0
7,E01A001,500.0,0,0,0.0,41.427778,27.1,48.0
8,E01A006,500.0,0,0,0.0,41.21,27.11805600000001,41.0
9,E01A011,500.0,0,0,0.0,41.305556,27.608056,78.0
10,E01A012,500.0,0,0,0.0,41.129721999999994,26.48,8.0
11,E01A018,500.0,0,0,0.0,41.31,27.7875,103.0
12,17634,500.0,0,0,0.0,40.8873,26.908,202.0
13,17632,500.0,0,0,0.0,40.774871999999995,26.345046000000004,32.0
14,17631,500.0,0,0,0.0,41.3513,27.3108,44.0
15,17608,500.0,0,0,0.0,41.2726,26.7056,44.0
16,17056,500.0,0,0,0.0,40.95850000000001,27.496500000000005,4.0
17,17054,500.0,0,0,0.0,41.1798,27.816,142.0
18,17052,500.0,0,0,0.0,41.7382,27.2178,228.0
19,17050,500.0,0,0,0.0,41.6767,26.5508,48.0
0,1048,500.0,0,0,0.0,41.20344200000001,27.469848,70.0
20,943,500.0,0,0,0.0,41.288187,27.994754000000004,162.0
21,934,500.0,0,0,0.0,41.04362499999999,27.093532,73.0
22,766,500.0,0,0,0.0,41.34999400000001,27.703401,99.0
23,643,500.0,0,0,0.0,41.627037,27.511929,182.0
24,648,500.0,0,0,0.0,41.63612,28.092597999999995,15.0
0,D01A020,500.0,1,0,0.0,41.202222,27.476667,64.0
0,1048,500.0,1,0,0.0,41.20344200000001,27.469848,70.0
2,D01A008,500.0,0,1,0.0,41.350833,27.35166700000001,43.0
0,D01A020,500.0,0,1,0.0,41.202222,27.476667,64.0
3,D01A031,500.0,0,1,0.0,41.634722,27.653889000000003,276.0
4,D01A052,500.0,0,1,0.0,41.4,27.966667,141.0
5,D01A057,500.0,0,1,0.0,40.863889,26.238889000000004,4.0
6,D01A063,500.0,0,1,0.0,41.497222,27.944444,189.0
7,E01A001,500.0,0,1,0.0,41.427778,27.1,48.0
8,E01A006,500.0,0,1,0.0,41.21,27.11805600000001,41.0
9,E01A011,500.0,0,1,0.0,41.305556,27.608056,78.0
10,E01A012,500.0,0,1,0.0,41.129721999999994,26.48,8.0
11,E01A018,500.0,0,1,0.0,41.31,27.7875,103.0
12,17634,500.0,0,1,0.0,40.8873,26.908,202.0
13,17632,500.0,0,1,0.0,40.774871999999995,26.345046000000004,32.0
14,17631,500.0,0,1,0.0,41.3513,27.3108,44.0
15,17608,500.0,0,1,0.0,41.2726,26.7056,44.0
16,17056,500.0,0,1,0.0,40.95850000000001,27.496500000000005,4.0
17,17054,500.0,0,1,0.0,41.1798,27.816,142.0
18,17052,500.0,0,1,0.0,41.7382,27.2178,228.0
19,17050,500.0,0,1,0.0,41.6767,26.5508,48.0
0,1048,500.0,0,1,0.0,41.20344200000001,27.469848,70.0
20,943,500.0,0,1,0.0,41.288187,27.994754000000004,162.0
21,934,500.0,0,1,0.0,41.04362499999999,27.093532,73.0
22,766,500.0,0,1,0.0,41.34999400000001,27.703401,99.0
23,643,500.0,0,1,0.0,41.627037,27.511929,182.0
24,648,500.0,0,1,0.0,41.63612,28.092597999999995,15.0
0,D01A020,500.0,1,1,0.0,41.202222,27.476667,64.0
0,1048,500.0,1,1,0.0,41.20344200000001,27.469848,70.0
2,D01A008,1000.0,0,0,0.0,41.350833,27.35166700000001,43.0
0,D01A020,1000.0,0,0,0.0,41.202222,27.476667,64.0
3,D01A031,1000.0,0,0,0.0,41.634722,27.653889000000003,276.0
4,D01A052,1000.0,0,0,0.0,41.4,27.966667,141.0
5,D01A057,1000.0,0,0,0.0,40.863889,26.238889000000004,4.0
6,D01A063,1000.0,0,0,0.0,41.497222,27.944444,189.0
7,E01A001,1000.0,0,0,0.0,41.427778,27.1,48.0
8,E01A006,1000.0,0,0,0.0,41.21,27.11805600000001,41.0
9,E01A011,1000.0,0,0,0.0,41.305556,27.608056,78.0
10,E01A012,1000.0,0,0,0.0,41.129721999999994,26.48,8.0
11,E01A018,1000.0,0,0,0.0,41.31,27.7875,103.0
12,17634,1000.0,0,0,0.0,40.8873,26.908,202.0
13,17632,1000.0,0,0,0.0,40.774871999999995,26.345046000000004,32.0
14,17631,1000.0,0,0,0.0,41.3513,27.3108,44.0
15,17608,1000.0,0,0,0.0,41.2726,26.7056,44.0
16,17056,1000.0,0,0,0.0,40.95850000000001,27.496500000000005,4.0
17,17054,1000.0,0,0,0.0,41.1798,27.816,142.0
18,17052,1000.0,0,0,0.0,41.7382,27.2178,228.0
19,17050,1000.0,0,0,0.0,41.6767,26.5508,48.0
0,1048,1000.0,0,0,0.0,41.20344200000001,27.469848,70.0
20,943,1000.0,0,0,0.0,41.288187,27.994754000000004,162.0
21,934,1000.0,0,0,0.0,41.04362499999999,27.093532,73.0
22,766,1000.0,0,0,0.0,41.34999400000001,27.703401,99.0
23,643,1000.0,0,0,0.0,41.627037,27.511929,182.0
24,648,1000.0,0,0,0.0,41.63612,28.092597999999995,15.0
0,D01A020,1000.0,1,0,0.0,41.202222,27.476667,64.0
0,1048,1000.0,1,0,0.0,41.20344200000001,27.469848,70.0
2,D01A008,1000.0,0,1,0.0,41.350833,27.35166700000001,43.0
0,D01A020,1000.0,0,1,0.0,41.202222,27.476667,64.0
3,D01A031,1000.0,0,1,0.0,41.634722,27.653889000000003,276.0
4,D01A052,1000.0,0,1,0.0,41.4,27.966667,141.0
5,D01A057,1000.0,0,1,0.0,40.863889,26.238889000000004,4.0
6,D01A063,1000.0,0,1,0.0,41.497222,27.944444,189.0
7,E01A001,1000.0,0,1,0.0,41.427778,27.1,48.0
8,E01A006,1000.0,0,1,0.0,41.21,27.11805600000001,41.0
9,E01A011,1000.0,0,1,0.0,41.305556,27.608056,78.0
10,E01A012,1000.0,0,1,0.0,41.129721999999994,26.48,8.0
11,E01A018,1000.0,0,1,0.0,41.31,27.7875,103.0
12,17634,1000.0,0,1,0.0,40.8873,26.908,202.0
13,17632,1000.0,0,1,0.0,40.774871999999995,26.345046000000004,32.0
14,17631,1000.0,0,1,0.0,41.3513,27.3108,44.0
15,17608,1000.0,0,1,0.0,41.2726,26.7056,44.0
16,17056,1000.0,0,1,0.0,40.95850000000001,27.496500000000005,4.0
17,17054,1000.0,0,1,0.0,41.1798,27.816,142.0
18,17052,1000.0,0,1,0.0,41.7382,27.2178,228.0
19,17050,1000.0,0,1,0.0,41.6767,26.5508,48.0
0,1048,1000.0,0,1,0.0,41.20344200000001,27.469848,70.0
20,943,1000.0,0,1,0.0,41.288187,27.994754000000004,162.0
21,934,1000.0,0,1,0.0,41.04362499999999,27.093532,73.0
22,766,1000.0,0,1,0.0,41.34999400000001,27.703401,99.0
23,643,1000.0,0,1,0.0,41.627037,27.511929,182.0
24,648,1000.0,0,1,0.0,41.63612,28.092597999999995,15.0
0,D01A020,1000.0,1,1,0.0,41.202222,27.476667,64.0
0,1048,1000.0,1,1,0.0,41.20344200000001,27.469848,70.0
2,D01A008,1500.0,0,0,0.0,41.350833,27.35166700000001,43.0
0,D01A020,1500.0,0,0,0.0,41.202222,27.476667,64.0
3,D01A031,1500.0,0,0,0.0,41.634722,27.653889000000003,276.0
4,D01A052,1500.0,0,0,0.0,41.4,27.966667,141.0
5,D01A057,1500.0,0,0,0.0,40.863889,26.238889000000004,4.0
6,D01A063,1500.0,0,0,0.0,41.497222,27.944444,189.0
7,E01A001,1500.0,0,0,0.0,41.427778,27.1,48.0
8,E01A006,1500.0,0,0,0.0,41.21,27.11805600000001,41.0
9,E01A011,1500.0,0,0,0.0,41.305556,27.608056,78.0
10,E01A012,1500.0,0,0,0.0,41.129721999999994,26.48,8.0
11,E01A018,1500.0,0,0,0.0,41.31,27.7875,103.0
12,17634,1500.0,0,0,0.0,40.8873,26.908,202.0
13,17632,1500.0,0,0,0.0,40.774871999999995,26.345046000000004,32.0
14,17631,1500.0,0,0,0.0,41.3513,27.3108,44.0
15,17608,1500.0,0,0,0.0,41.2726,26.7056,44.0
16,17056,1500.0,0,0,0.0,40.95850000000001,27.496500000000005,4.0
17,17054,1500.0,0,0,0.0,41.1798,27.816,142.0
18,17052,1500.0,0,0,0.0,41.7382,27.2178,228.0
19,17050,1500.0,0,0,0.0,41.6767,26.5508,48.0
0,1048,1500.0,0,0,0.0,41.20344200000001,27.469848,70.0
20,943,1500.0,0,0,0.0,41.288187,27.994754000000004,162.0
21,934,1500.0,0,0,0.0,41.04362499999999,27.093532,73.0
22,766,1500.0,0,0,0.0,41.34999400000001,27.703401,99.0
23,643,1500.0,0,0,0.0,41.627037,27.511929,182.0
24,648,1500.0,0,0,0.0,41.63612,28.092597999999995,15.0
0,D01A020,1500.0,1,0,0.0,41.202222,27.476667,64.0
0,1048,1500.0,1,0,0.0,41.20344200000001,27.469848,70.0
2,D01A008,1500.0,0,1,0.0,41.350833,27.35166700000001,43.0
0,D01A020,1500.0,0,1,0.0,41.202222,27.476667,64.0
3,D01A031,1500.0,0,1,0.0,41.634722,27.653889000000003,276.0
4,D01A052,1500.0,0,1,0.0,41.4,27.966667,141.0
5,D01A057,1500.0,0,1,0.0,40.863889,26.238889000000004,4.0
6,D01A063,1500.0,0,1,0.0,41.497222,27.944444,189.0
7,E01A001,1500.0,0,1,0.0,41.427778,27.1,48.0
8,E01A006,1500.0,0,1,0.0,41.21,27.11805600000001,41.0
9,E01A011,1500.0,0,1,0.0,41.305556,27.608056,78.0
10,E01A012,1500.0,0,1,0.0,41.129721999999994,26.48,8.0
11,E01A018,1500.0,0,1,0.0,41.31,27.7875,103.0
12,17634,1500.0,0,1,0.0,40.8873,26.908,202.0
13,17632,1500.0,0,1,0.0,40.774871999999995,26.345046000000004,32.0
14,17631,1500.0,0,1,0.0,41.3513,27.3108,44.0
15,17608,1500.0,0,1,0.0,41.2726,26.7056,44.0
16,17056,1500.0,0,1,0.0,40.95850000000001,27.496500000000005,4.0
17,17054,1500.0,0,1,0.0,41.1798,27.816,142.0
18,17052,1500.0,0,1,0.0,41.7382,27.2178,228.0
19,17050,1500.0,0,1,0.0,41.6767,26.5508,48.0
0,1048,1500.0,0,1,0.0,41.20344200000001,27.469848,70.0
20,943,1500.0,0,1,0.0,41.288187,27.994754000000004,162.0
21,934,1500.0,0,1,0.0,41.04362499999999,27.093532,73.0
22,766,1500.0,0,1,0.0,41.34999400000001,27.703401,99.0
23,643,1500.0,0,1,0.0,41.627037,27.511929,182.0
24,648,1500.0,0,1,0.0,41.63612,28.092597999999995,15.0
0,D01A020,1500.0,1,1,0.0,41.202222,27.476667,64.0
0,1048,1500.0,1,1,0.0,41.20344200000001,27.469848,70.0
0,D01A008,2000.0,0,0,0.0,41.350833,27.35166700000001,43.0
2,D01A020,2000.0,0,0,0.0,41.202222,27.476667,64.0
4,D01A031,2000.0,0,0,0.0,41.634722,27.653889000000003,276.0
5,D01A052,2000.0,0,0,0.0,41.4,27.966667,141.0
6,D01A057,2000.0,0,0,0.0,40.863889,26.238889000000004,4.0
7,D01A063,2000.0,0,0,0.0,41.497222,27.944444,189.0
8,E01A001,2000.0,0,0,0.0,41.427778,27.1,48.0
9,E01A006,2000.0,0,0,0.0,41.21,27.11805600000001,41.0
10,E01A011,2000.0,0,0,0.0,41.305556,27.608056,78.0
11,E01A012,2000.0,0,0,0.0,41.129721999999994,26.48,8.0
12,E01A018,2000.0,0,0,0.0,41.31,27.7875,103.0
13,17634,2000.0,0,0,0.0,40.8873,26.908,202.0
14,17632,2000.0,0,0,0.0,40.774871999999995,26.345046000000004,32.0
0,17631,2000.0,0,0,0.0,41.3513,27.3108,44.0
15,17608,2000.0,0,0,0.0,41.2726,26.7056,44.0
16,17056,2000.0,0,0,0.0,40.95850000000001,27.496500000000005,4.0
17,17054,2000.0,0,0,0.0,41.1798,27.816,142.0
18,17052,2000.0,0,0,0.0,41.7382,27.2178,228.0
19,17050,2000.0,0,0,0.0,41.6767,26.5508,48.0
2,1048,2000.0,0,0,0.0,41.20344200000001,27.469848,70.0
20,943,2000.0,0,0,0.0,41.288187,27.994754000000004,162.0
21,934,2000.0,0,0,0.0,41.04362499999999,27.093532,73.0
22,766,2000.0,0,0,0.0,41.34999400000001,27.703401,99.0
23,643,2000.0,0,0,0.0,41.627037,27.511929,182.0
24,648,2000.0,0,0,0.0,41.63612,28.092597999999995,15.0
0,D01A008,2000.0,1,0,0.0,41.350833,27.35166700000001,43.0
2,D01A020,2000.0,1,0,0.0,41.202222,27.476667,64.0
0,17631,2000.0,1,0,0.0,41.3513,27.3108,44.0
2,1048,2000.0,1,0,0.0,41.20344200000001,27.469848,70.0
0,D01A008,2000.0,0,1,0.0,41.350833,27.35166700000001,43.0
2,D01A020,2000.0,0,1,0.0,41.202222,27.476667,64.0
4,D01A031,2000.0,0,1,0.0,41.634722,27.653889000000003,276.0
5,D01A052,2000.0,0,1,0.0,41.4,27.966667,141.0
6,D01A057,2000.0,0,1,0.0,40.863889,26.238889000000004,4.0
7,D01A063,2000.0,0,1,0.0,41.497222,27.944444,189.0
8,E01A001,2000.0,0,1,0.0,41.427778,27.1,48.0
9,E01A006,2000.0,0,1,0.0,41.21,27.11805600000001,41.0
10,E01A011,2000.0,0,1,0.0,41.305556,27.608056,78.0
11,E01A012,2000.0,0,1,0.0,41.129721999999994,26.48,8.0
12,E01A018,2000.0,0,1,0.0,41.31,27.7875,103.0
13,17634,2000.0,0,1,0.0,40.8873,26.908,202.0
14,17632,2000.0,0,1,0.0,40.774871999999995,26.345046000000004,32.0
0,17631,2000.0,0,1,0.0,41.3513,27.3108,44.0
15,17608,2000.0,0,1,0.0,41.2726,26.7056,44.0
16,17056,2000.0,0,1,0.0,40.95850000000001,27.496500000000005,4.0
17,17054,2000.0,0,1,0.0,41.1798,27.816,142.0
18,17052,2000.0,0,1,0.0,41.7382,27.2178,228.0
19,17050,2000.0,0,1,0.0,41.6767,26.5508,48.0
2,1048,2000.0,0,1,0.0,41.20344200000001,27.469848,70.0
20,943,2000.0,0,1,0.0,41.288187,27.994754000000004,162.0
21,934,2000.0,0,1,0.0,41.04362499999999,27.093532,73.0
22,766,2000.0,0,1,0.0,41.34999400000001,27.703401,99.0
23,643,2000.0,0,1,0.0,41.627037,27.511929,182.0
24,648,2000.0,0,1,0.0,41.63612,28.092597999999995,15.0
0,D01A008,2000.0,1,1,0.0,41.350833,27.35166700000001,43.0
2,D01A020,2000.0,1,1,0.0,41.202222,27.476667,64.0
0,17631,2000.0,1,1,0.0,41.3513,27.3108,44.0
2,1048,2000.0,1,1,0.0,41.20344200000001,27.469848,70.0
0,D01A008,2500.0,0,0,0.0,41.350833,27.35166700000001,43.0
2,D01A020,2500.0,0,0,0.0,41.202222,27.476667,64.0
4,D01A031,2500.0,0,0,0.0,41.634722,27.653889000000003,276.0
5,D01A052,2500.0,0,0,0.0,41.4,27.966667,141.0
6,D01A057,2500.0,0,0,0.0,40.863889,26.238889000000004,4.0
7,D01A063,2500.0,0,0,0.0,41.497222,27.944444,189.0
8,E01A001,2500.0,0,0,0.0,41.427778,27.1,48.0
9,E01A006,2500.0,0,0,0.0,41.21,27.11805600000001,41.0
10,E01A011,2500.0,0,0,0.0,41.305556,27.608056,78.0
11,E01A012,2500.0,0,0,0.0,41.129721999999994,26.48,8.0
12,E01A018,2500.0,0,0,0.0,41.31,27.7875,103.0
13,17634,2500.0,0,0,0.0,40.8873,26.908,202.0
14,17632,2500.0,0,0,0.0,40.774871999999995,26.345046000000004,32.0
0,17631,2500.0,0,0,0.0,41.3513,27.3108,44.0
15,17608,2500.0,0,0,0.0,41.2726,26.7056,44.0
16,17056,2500.0,0,0,0.0,40.95850000000001,27.496500000000005,4.0
17,17054,2500.0,0,0,0.0,41.1798,27.816,142.0
18,17052,2500.0,0,0,0.0,41.7382,27.2178,228.0
19,17050,2500.0,0,0,0.0,41.6767,26.5508,48.0
2,1048,2500.0,0,0,0.0,41.20344200000001,27.469848,70.0
20,943,2500.0,0,0,0.0,41.288187,27.994754000000004,162.0
21,934,2500.0,0,0,0.0,41.04362499999999,27.093532,73.0
22,766,2500.0,0,0,0.0,41.34999400000001,27.703401,99.0
23,643,2500.0,0,0,0.0,41.627037,27.511929,182.0
24,648,2500.0,0,0,0.0,41.63612,28.092597999999995,15.0
0,D01A008,2500.0,1,0,0.0,41.350833,27.35166700000001,43.0
2,D01A020,2500.0,1,0,0.0,41.202222,27.476667,64.0
0,17631,2500.0,1,0,0.0,41.3513,27.3108,44.0
2,1048,2500.0,1,0,0.0,41.20344200000001,27.469848,70.0
0,D01A008,2500.0,0,1,0.0,41.350833,27.35166700000001,43.0
2,D01A020,2500.0,0,1,0.0,41.202222,27.476667,64.0
4,D01A031,2500.0,0,1,0.0,41.634722,27.653889000000003,276.0
5,D01A052,2500.0,0,1,0.0,41.4,27.966667,141.0
6,D01A057,2500.0,0,1,0.0,40.863889,26.238889000000004,4.0
7,D01A063,2500.0,0,1,0.0,41.497222,27.944444,189.0
8,E01A001,2500.0,0,1,0.0,41.427778,27.1,48.0
9,E01A006,2500.0,0,1,0.0,41.21,27.11805600000001,41.0
10,E01A011,2500.0,0,1,0.0,41.305556,27.608056,78.0
11,E01A012,2500.0,0,1,0.0,41.129721999999994,26.48,8.0
12,E01A018,2500.0,0,1,0.0,41.31,27.7875,103.0
13,17634,2500.0,0,1,0.0,40.8873,26.908,202.0
14,17632,2500.0,0,1,0.0,40.774871999999995,26.345046000000004,32.0
0,17631,2500.0,0,1,0.0,41.3513,27.3108,44.0
15,17608,2500.0,0,1,0.0,41.2726,26.7056,44.0
16,17056,2500.0,0,1,0.0,40.95850000000001,27.496500000000005,4.0
17,17054,2500.0,0,1,0.0,41.1798,27.816,142.0
18,17052,2500.0,0,1,0.0,41.7382,27.2178,228.0
19,17050,2500.0,0,1,0.0,41.6767,26.5508,48.0
2,1048,2500.0,0,1,0.0,41.20344200000001,27.469848,70.0
20,943,2500.0,0,1,0.0,41.288187,27.994754000000004,162.0
21,934,2500.0,0,1,0.0,41.04362499999999,27.093532,73.0
22,766,2500.0,0,1,0.0,41.34999400000001,27.703401,99.0
23,643,2500.0,0,1,0.0,41.627037,27.511929,182.0
24,648,2500.0,0,1,0.0,41.63612,28.092597999999995,15.0
0,D01A008,2500.0,1,1,0.0,41.350833,27.35166700000001,43.0
2,D01A020,2500.0,1,1,0.0,41.202222,27.476667,64.0
0,17631,2500.0,1,1,0.0,41.3513,27.3108,44.0
2,1048,2500.0,1,1,0.0,41.20344200000001,27.469848,70.0
0,D01A008,3000.0,0,0,0.0,41.350833,27.35166700000001,43.0
2,D01A020,3000.0,0,0,0.0,41.202222,27.476667,64.0
4,D01A031,3000.0,0,0,0.0,41.634722,27.653889000000003,276.0
5,D01A052,3000.0,0,0,0.0,41.4,27.966667,141.0
6,D01A057,3000.0,0,0,0.0,40.863889,26.238889000000004,4.0
7,D01A063,3000.0,0,0,0.0,41.497222,27.944444,189.0
8,E01A001,3000.0,0,0,0.0,41.427778,27.1,48.0
9,E01A006,3000.0,0,0,0.0,41.21,27.11805600000001,41.0
10,E01A011,3000.0,0,0,0.0,41.305556,27.608056,78.0
11,E01A012,3000.0,0,0,0.0,41.129721999999994,26.48,8.0
12,E01A018,3000.0,0,0,0.0,41.31,27.7875,103.0
13,17634,3000.0,0,0,0.0,40.8873,26.908,202.0
14,17632,3000.0,0,0,0.0,40.774871999999995,26.345046000000004,32.0
0,17631,3000.0,0,0,0.0,41.3513,27.3108,44.0
15,17608,3000.0,0,0,0.0,41.2726,26.7056,44.0
16,17056,3000.0,0,0,0.0,40.95850000000001,27.496500000000005,4.0
17,17054,3000.0,0,0,0.0,41.1798,27.816,142.0
18,17052,3000.0,0,0,0.0,41.7382,27.2178,228.0
19,17050,3000.0,0,0,0.0,41.6767,26.5508,48.0
2,1048,3000.0,0,0,0.0,41.20344200000001,27.469848,70.0
20,943,3000.0,0,0,0.0,41.288187,27.994754000000004,162.0
21,934,3000.0,0,0,0.0,41.04362499999999,27.093532,73.0
22,766,3000.0,0,0,0.0,41.34999400000001,27.703401,99.0
23,643,3000.0,0,0,0.0,41.627037,27.511929,182.0
24,648,3000.0,0,0,0.0,41.63612,28.092597999999995,15.0
0,D01A008,3000.0,1,0,0.0,41.350833,27.35166700000001,43.0
2,D01A020,3000.0,1,0,0.0,41.202222,27.476667,64.0
0,17631,3000.0,1,0,0.0,41.3513,27.3108,44.0
2,1048,3000.0,1,0,0.0,41.20344200000001,27.469848,70.0
0,D01A008,3000.0,0,1,0.0,41.350833,27.35166700000001,43.0
2,D01A020,3000.0,0,1,0.0,41.202222,27.476667,64.0
4,D01A031,3000.0,0,1,0.0,41.634722,27.653889000000003,276.0
5,D01A052,3000.0,0,1,0.0,41.4,27.966667,141.0
6,D01A057,3000.0,0,1,0.0,40.863889,26.238889000000004,4.0
7,D01A063,3000.0,0,1,0.0,41.497222,27.944444,189.0
8,E01A001,3000.0,0,1,0.0,41.427778,27.1,48.0
9,E01A006,3000.0,0,1,0.0,41.21,27.11805600000001,41.0
10,E01A011,3000.0,0,1,0.0,41.305556,27.608056,78.0
11,E01A012,3000.0,0,1,0.0,41.129721999999994,26.48,8.0
12,E01A018,3000.0,0,1,0.0,41.31,27.7875,103.0
13,17634,3000.0,0,1,0.0,40.8873,26.908,202.0
14,17632,3000.0,0,1,0.0,40.774871999999995,26.345046000000004,32.0
0,17631,3000.0,0,1,0.0,41.3513,27.3108,44.0
15,17608,3000.0,0,1,0.0,41.2726,26.7056,44.0
16,17056,3000.0,0,1,0.0,40.95850000000001,27.496500000000005,4.0
17,17054,3000.0,0,1,0.0,41.1798,27.816,142.0
18,17052,3000.0,0,1,0.0,41.7382,27.2178,228.0
19,17050,3000.0,0,1,0.0,41.6767,26.5508,48.0
2,1048,3000.0,0,1,0.0,41.20344200000001,27.469848,70.0
20,943,3000.0,0,1,0.0,41.288187,27.994754000000004,162.0
21,934,3000.0,0,1,0.0,41.04362499999999,27.093532,73.0
22,766,3000.0,0,1,0.0,41.34999400000001,27.703401,99.0
23,643,3000.0,0,1,0.0,41.627037,27.511929,182.0
24,648,3000.0,0,1,0.0,41.63612,28.092597999999995,15.0
0,D01A008,3000.0,1,1,0.0,41.350833,27.35166700000001,43.0
2,D01A020,3000.0,1,1,0.0,41.202222,27.476667,64.0
0,17631,3000.0,1,1,0.0,41.3513,27.3108,44.0
2,1048,3000.0,1,1,0.0,41.20344200000001,27.469848,70.0
0,D01A008,3500.0,0,0,0.0,41.350833,27.35166700000001,43.0
2,D01A020,3500.0,0,0,0.0,41.202222,27.476667,64.0
4,D01A031,3500.0,0,0,0.0,41.634722,27.653889000000003,276.0
5,D01A052,3500.0,0,0,0.0,41.4,27.966667,141.0
6,D01A057,3500.0,0,0,0.0,40.863889,26.238889000000004,4.0
7,D01A063,3500.0,0,0,0.0,41.497222,27.944444,189.0
8,E01A001,3500.0,0,0,0.0,41.427778,27.1,48.0
9,E01A006,3500.0,0,0,0.0,41.21,27.11805600000001,41.0
10,E01A011,3500.0,0,0,0.0,41.305556,27.608056,78.0
11,E01A012,3500.0,0,0,0.0,41.129721999999994,26.48,8.0
12,E01A018,3500.0,0,0,0.0,41.31,27.7875,103.0
13,17634,3500.0,0,0,0.0,40.8873,26.908,202.0
14,17632,3500.0,0,0,0.0,40.774871999999995,26.345046000000004,32.0
0,17631,3500.0,0,0,0.0,41.3513,27.3108,44.0
15,17608,3500.0,0,0,0.0,41.2726,26.7056,44.0
16,17056,3500.0,0,0,0.0,40.95850000000001,27.496500000000005,4.0
17,17054,3500.0,0,0,0.0,41.1798,27.816,142.0
18,17052,3500.0,0,0,0.0,41.7382,27.2178,228.0
19,17050,3500.0,0,0,0.0,41.6767,26.5508,48.0
2,1048,3500.0,0,0,0.0,41.20344200000001,27.469848,70.0
20,943,3500.0,0,0,0.0,41.288187,27.994754000000004,162.0
21,934,3500.0,0,0,0.0,41.04362499999999,27.093532,73.0
22,766,3500.0,0,0,0.0,41.34999400000001,27.703401,99.0
23,643,3500.0,0,0,0.0,41.627037,27.511929,182.0
24,648,3500.0,0,0,0.0,41.63612,28.092597999999995,15.0
0,D01A008,3500.0,1,0,0.0,41.350833,27.35166700000001,43.0
2,D01A020,3500.0,1,0,0.0,41.202222,27.476667,64.0
0,17631,3500.0,1,0,0.0,41.3513,27.3108,44.0
2,1048,3500.0,1,0,0.0,41.20344200000001,27.469848,70.0
0,D01A008,3500.0,0,1,0.0,41.350833,27.35166700000001,43.0
2,D01A020,3500.0,0,1,0.0,41.202222,27.476667,64.0
4,D01A031,3500.0,0,1,0.0,41.634722,27.653889000000003,276.0
5,D01A052,3500.0,0,1,0.0,41.4,27.966667,141.0
6,D01A057,3500.0,0,1,0.0,40.863889,26.238889000000004,4.0
7,D01A063,3500.0,0,1,0.0,41.497222,27.944444,189.0
8,E01A001,3500.0,0,1,0.0,41.427778,27.1,48.0
9,E01A006,3500.0,0,1,0.0,41.21,27.11805600000001,41.0
10,E01A011,3500.0,0,1,0.0,41.305556,27.608056,78.0
11,E01A012,3500.0,0,1,0.0,41.129721999999994,26.48,8.0
12,E01A018,3500.0,0,1,0.0,41.31,27.7875,103.0
13,17634,3500.0,0,1,0.0,40.8873,26.908,202.0
14,17632,3500.0,0,1,0.0,40.774871999999995,26.345046000000004,32.0
0,17631,3500.0,0,1,0.0,41.3513,27.3108,44.0
15,17608,3500.0,0,1,0.0,41.2726,26.7056,44.0
16,17056,3500.0,0,1,0.0,40.95850000000001,27.496500000000005,4.0
17,17054,3500.0,0,1,0.0,41.1798,27.816,142.0
18,17052,3500.0,0,1,0.0,41.7382,27.2178,228.0
19,17050,3500.0,0,1,0.0,41.6767,26.5508,48.0
2,1048,3500.0,0,1,0.0,41.20344200000001,27.469848,70.0
20,943,3500.0,0,1,0.0,41.288187,27.994754000000004,162.0
21,934,3500.0,0,1,0.0,41.04362499999999,27.093532,73.0
22,766,3500.0,0,1,0.0,41.34999400000001,27.703401,99.0
23,643,3500.0,0,1,0.0,41.627037,27.511929,182.0
24,648,3500.0,0,1,0.0,41.63612,28.092597999999995,15.0
0,D01A008,3500.0,1,1,0.0,41.350833,27.35166700000001,43.0
2,D01A020,3500.0,1,1,0.0,41.202222,27.476667,64.0
0,17631,3500.0,1,1,0.0,41.3513,27.3108,44.0
2,1048,3500.0,1,1,0.0,41.20344200000001,27.469848,70.0
0,D01A008,4000.0,0,0,0.0,41.350833,27.35166700000001,43.0
2,D01A020,4000.0,0,0,0.0,41.202222,27.476667,64.0
4,D01A031,4000.0,0,0,0.0,41.634722,27.653889000000003,276.0
5,D01A052,4000.0,0,0,0.0,41.4,27.966667,141.0
6,D01A057,4000.0,0,0,0.0,40.863889,26.238889000000004,4.0
7,D01A063,4000.0,0,0,0.0,41.497222,27.944444,189.0
8,E01A001,4000.0,0,0,0.0,41.427778,27.1,48.0
9,E01A006,4000.0,0,0,0.0,41.21,27.11805600000001,41.0
10,E01A011,4000.0,0,0,0.0,41.305556,27.608056,78.0
11,E01A012,4000.0,0,0,0.0,41.129721999999994,26.48,8.0
12,E01A018,4000.0,0,0,0.0,41.31,27.7875,103.0
13,17634,4000.0,0,0,0.0,40.8873,26.908,202.0
14,17632,4000.0,0,0,0.0,40.774871999999995,26.345046000000004,32.0
0,17631,4000.0,0,0,0.0,41.3513,27.3108,44.0
15,17608,4000.0,0,0,0.0,41.2726,26.7056,44.0
16,17056,4000.0,0,0,0.0,40.95850000000001,27.496500000000005,4.0
17,17054,4000.0,0,0,0.0,41.1798,27.816,142.0
18,17052,4000.0,0,0,0.0,41.7382,27.2178,228.0
19,17050,4000.0,0,0,0.0,41.6767,26.5508,48.0
2,1048,4000.0,0,0,0.0,41.20344200000001,27.469848,70.0
20,943,4000.0,0,0,0.0,41.288187,27.994754000000004,162.0
21,934,4000.0,0,0,0.0,41.04362499999999,27.093532,73.0
22,766,4000.0,0,0,0.0,41.34999400000001,27.703401,99.0
23,643,4000.0,0,0,0.0,41.627037,27.511929,182.0
24,648,4000.0,0,0,0.0,41.63612,28.092597999999995,15.0
0,D01A008,4000.0,1,0,0.0,41.350833,27.35166700000001,43.0
2,D01A020,4000.0,1,0,0.0,41.202222,27.476667,64.0
0,17631,4000.0,1,0,0.0,41.3513,27.3108,44.0
2,1048,4000.0,1,0,0.0,41.20344200000001,27.469848,70.0
0,D01A008,4000.0,0,1,0.0,41.350833,27.35166700000001,43.0
2,D01A020,4000.0,0,1,0.0,41.202222,27.476667,64.0
4,D01A031,4000.0,0,1,0.0,41.634722,27.653889000000003,276.0
5,D01A052,4000.0,0,1,0.0,41.4,27.966667,141.0
6,D01A057,4000.0,0,1,0.0,40.863889,26.238889000000004,4.0
7,D01A063,4000.0,0,1,0.0,41.497222,27.944444,189.0
8,E01A001,4000.0,0,1,0.0,41.427778,27.1,48.0
9,E01A006,4000.0,0,1,0.0,41.21,27.11805600000001,41.0
10,E01A011,4000.0,0,1,0.0,41.305556,27.608056,78.0
11,E01A012,4000.0,0,1,0.0,41.129721999999994,26.48,8.0
12,E01A018,4000.0,0,1,0.0,41.31,27.7875,103.0
13,17634,4000.0,0,1,0.0,40.8873,26.908,202.0
14,17632,4000.0,0,1,0.0,40.774871999999995,26.345046000000004,32.0
0,17631,4000.0,0,1,0.0,41.3513,27.3108,44.0
15,17608,4000.0,0,1,0.0,41.2726,26.7056,44.0
16,17056,4000.0,0,1,0.0,40.95850000000001,27.496500000000005,4.0
17,17054,4000.0,0,1,0.0,41.1798,27.816,142.0
18,17052,4000.0,0,1,0.0,41.7382,27.2178,228.0
19,17050,4000.0,0,1,0.0,41.6767,26.5508,48.0
2,1048,4000.0,0,1,0.0,41.20344200000001,27.469848,70.0
20,943,4000.0,0,1,0.0,41.288187,27.994754000000004,162.0
21,934,4000.0,0,1,0.0,41.04362499999999,27.093532,73.0
22,766,4000.0,0,1,0.0,41.34999400000001,27.703401,99.0
23,643,4000.0,0,1,0.0,41.627037,27.511929,182.0
24,648,4000.0,0,1,0.0,41.63612,28.092597999999995,15.0
0,D01A008,4000.0,1,1,0.0,41.350833,27.35166700000001,43.0
2,D01A020,4000.0,1,1,0.0,41.202222,27.476667,64.0
0,17631,4000.0,1,1,0.0,41.3513,27.3108,44.0
2,1048,4000.0,1,1,0.0,41.20344200000001,27.469848,70.0
0,D01A008,4500.0,0,0,0.0,41.350833,27.35166700000001,43.0
2,D01A020,4500.0,0,0,0.0,41.202222,27.476667,64.0
6,D01A031,4500.0,0,0,0.0,41.634722,27.653889000000003,276.0
7,D01A052,4500.0,0,0,0.0,41.4,27.966667,141.0
8,D01A057,4500.0,0,0,0.0,40.863889,26.238889000000004,4.0
9,D01A063,4500.0,0,0,0.0,41.497222,27.944444,189.0
10,E01A001,4500.0,0,0,0.0,41.427778,27.1,48.0
11,E01A006,4500.0,0,0,0.0,41.21,27.11805600000001,41.0
12,E01A011,4500.0,0,0,0.0,41.305556,27.608056,78.0
13,E01A012,4500.0,0,0,0.0,41.129721999999994,26.48,8.0
4,E01A018,4500.0,0,0,0.0,41.31,27.7875,103.0
14,17634,4500.0,0,0,0.0,40.8873,26.908,202.0
15,17632,4500.0,0,0,0.0,40.774871999999995,26.345046000000004,32.0
0,17631,4500.0,0,0,0.0,41.3513,27.3108,44.0
16,17608,4500.0,0,0,0.0,41.2726,26.7056,44.0
17,17056,4500.0,0,0,0.0,40.95850000000001,27.496500000000005,4.0
18,17054,4500.0,0,0,0.0,41.1798,27.816,142.0
19,17052,4500.0,0,0,0.0,41.7382,27.2178,228.0
20,17050,4500.0,0,0,0.0,41.6767,26.5508,48.0
2,1048,4500.0,0,0,0.0,41.20344200000001,27.469848,70.0
21,943,4500.0,0,0,0.0,41.288187,27.994754000000004,162.0
22,934,4500.0,0,0,0.0,41.04362499999999,27.093532,73.0
4,766,4500.0,0,0,0.0,41.34999400000001,27.703401,99.0
23,643,4500.0,0,0,0.0,41.627037,27.511929,182.0
24,648,4500.0,0,0,0.0,41.63612,28.092597999999995,15.0
0,D01A008,4500.0,1,0,0.0,41.350833,27.35166700000001,43.0
2,D01A020,4500.0,1,0,0.0,41.202222,27.476667,64.0
4,E01A018,4500.0,1,0,0.0,41.31,27.7875,103.0
0,17631,4500.0,1,0,0.0,41.3513,27.3108,44.0
2,1048,4500.0,1,0,0.0,41.20344200000001,27.469848,70.0
4,766,4500.0,1,0,0.0,41.34999400000001,27.703401,99.0
0,D01A008,4500.0,0,1,0.0,41.350833,27.35166700000001,43.0
2,D01A020,4500.0,0,1,0.0,41.202222,27.476667,64.0
6,D01A031,4500.0,0,1,0.0,41.634722,27.653889000000003,276.0
7,D01A052,4500.0,0,1,0.0,41.4,27.966667,141.0
8,D01A057,4500.0,0,1,0.0,40.863889,26.238889000000004,4.0
9,D01A063,4500.0,0,1,0.0,41.497222,27.944444,189.0
10,E01A001,4500.0,0,1,0.0,41.427778,27.1,48.0
11,E01A006,4500.0,0,1,0.0,41.21,27.11805600000001,41.0
12,E01A011,4500.0,0,1,0.0,41.305556,27.608056,78.0
13,E01A012,4500.0,0,1,0.0,41.129721999999994,26.48,8.0
4,E01A018,4500.0,0,1,0.0,41.31,27.7875,103.0
14,17634,4500.0,0,1,0.0,40.8873,26.908,202.0
15,17632,4500.0,0,1,0.0,40.774871999999995,26.345046000000004,32.0
0,17631,4500.0,0,1,0.0,41.3513,27.3108,44.0
16,17608,4500.0,0,1,0.0,41.2726,26.7056,44.0
17,17056,4500.0,0,1,0.0,40.95850000000001,27.496500000000005,4.0
18,17054,4500.0,0,1,0.0,41.1798,27.816,142.0
19,17052,4500.0,0,1,0.0,41.7382,27.2178,228.0
20,17050,4500.0,0,1,0.0,41.6767,26.5508,48.0
2,1048,4500.0,0,1,0.0,41.20344200000001,27.469848,70.0
21,943,4500.0,0,1,0.0,41.288187,27.994754000000004,162.0
22,934,4500.0,0,1,0.0,41.04362499999999,27.093532,73.0
4,766,4500.0,0,1,0.0,41.34999400000001,27.703401,99.0
23,643,4500.0,0,1,0.0,41.627037,27.511929,182.0
24,648,4500.0,0,1,0.0,41.63612,28.092597999999995,15.0
0,D01A008,4500.0,1,1,0.0,41.350833,27.35166700000001,43.0
2,D01A020,4500.0,1,1,0.0,41.202222,27.476667,64.0
4,E01A018,4500.0,1,1,0.0,41.31,27.7875,103.0
0,17631,4500.0,1,1,0.0,41.3513,27.3108,44.0
2,1048,4500.0,1,1,0.0,41.20344200000001,27.469848,70.0
4,766,4500.0,1,1,0.0,41.34999400000001,27.703401,99.0
0,D01A008,5000.0,0,0,0.0,41.350833,27.35166700000001,43.0
2,D01A020,5000.0,0,0,0.0,41.202222,27.476667,64.0
8,D01A031,5000.0,0,0,0.0,41.634722,27.653889000000003,276.0
9,D01A052,5000.0,0,0,0.0,41.4,27.966667,141.0
10,D01A057,5000.0,0,0,0.0,40.863889,26.238889000000004,4.0
11,D01A063,5000.0,0,0,0.0,41.497222,27.944444,189.0
12,E01A001,5000.0,0,0,0.0,41.427778,27.1,48.0
13,E01A006,5000.0,0,0,0.0,41.21,27.11805600000001,41.0
4,E01A011,5000.0,0,0,0.0,41.305556,27.608056,78.0
14,E01A012,5000.0,0,0,0.0,41.129721999999994,26.48,8.0
6,E01A018,5000.0,0,0,0.0,41.31,27.7875,103.0
15,17634,5000.0,0,0,0.0,40.8873,26.908,202.0
16,17632,5000.0,0,0,0.0,40.774871999999995,26.345046000000004,32.0
0,17631,5000.0,0,0,0.0,41.3513,27.3108,44.0
17,17608,5000.0,0,0,0.0,41.2726,26.7056,44.0
18,17056,5000.0,0,0,0.0,40.95850000000001,27.496500000000005,4.0
19,17054,5000.0,0,0,0.0,41.1798,27.816,142.0
20,17052,5000.0,0,0,0.0,41.7382,27.2178,228.0
21,17050,5000.0,0,0,0.0,41.6767,26.5508,48.0
2,1048,5000.0,0,0,0.0,41.20344200000001,27.469848,70.0
22,943,5000.0,0,0,0.0,41.288187,27.994754000000004,162.0
23,934,5000.0,0,0,0.0,41.04362499999999,27.093532,73.0
4,766,5000.0,0,0,0.0,41.34999400000001,27.703401,99.0
24,643,5000.0,0,0,0.0,41.627037,27.511929,182.0
25,648,5000.0,0,0,0.0,41.63612,28.092597999999995,15.0
0,D01A008,5000.0,1,0,0.0,41.350833,27.35166700000001,43.0
2,D01A020,5000.0,1,0,0.0,41.202222,27.476667,64.0
4,E01A011,5000.0,1,0,0.0,41.305556,27.608056,78.0
0,17631,5000.0,1,0,0.0,41.3513,27.3108,44.0
2,1048,5000.0,1,0,0.0,41.20344200000001,27.469848,70.0
4,766,5000.0,1,0,0.0,41.34999400000001,27.703401,99.0
0,D01A008,5000.0,0,1,0.0,41.350833,27.35166700000001,43.0
2,D01A020,5000.0,0,1,0.0,41.202222,27.476667,64.0
8,D01A031,5000.0,0,1,0.0,41.634722,27.653889000000003,276.0
9,D01A052,5000.0,0,1,0.0,41.4,27.966667,141.0
10,D01A057,5000.0,0,1,0.0,40.863889,26.238889000000004,4.0
11,D01A063,5000.0,0,1,0.0,41.497222,27.944444,189.0
12,E01A001,5000.0,0,1,0.0,41.427778,27.1,48.0
13,E01A006,5000.0,0,1,0.0,41.21,27.11805600000001,41.0
4,E01A011,5000.0,0,1,0.0,41.305556,27.608056,78.0
14,E01A012,5000.0,0,1,0.0,41.129721999999994,26.48,8.0
6,E01A018,5000.0,0,1,0.0,41.31,27.7875,103.0
15,17634,5000.0,0,1,0.0,40.8873,26.908,202.0
16,17632,5000.0,0,1,0.0,40.774871999999995,26.345046000000004,32.0
0,17631,5000.0,0,1,0.0,41.3513,27.3108,44.0
17,17608,5000.0,0,1,0.0,41.2726,26.7056,44.0
18,17056,5000.0,0,1,0.0,40.95850000000001,27.496500000000005,4.0
19,17054,5000.0,0,1,0.0,41.1798,27.816,142.0
20,17052,5000.0,0,1,0.0,41.7382,27.2178,228.0
21,17050,5000.0,0,1,0.0,41.6767,26.5508,48.0
2,1048,5000.0,0,1,0.0,41.20344200000001,27.469848,70.0
22,943,5000.0,0,1,0.0,41.288187,27.994754000000004,162.0
23,934,5000.0,0,1,0.0,41.04362499999999,27.093532,73.0
4,766,5000.0,0,1,0.0,41.34999400000001,27.703401,99.0
24,643,5000.0,0,1,0.0,41.627037,27.511929,182.0
25,648,5000.0,0,1,0.0,41.63612,28.092597999999995,15.0
0,D01A008,5000.0,1,1,0.0,41.350833,27.35166700000001,43.0
2,D01A020,5000.0,1,1,0.0,41.202222,27.476667,64.0
4,E01A011,5000.0,1,1,0.0,41.305556,27.608056,78.0
0,17631,5000.0,1,1,0.0,41.3513,27.3108,44.0
2,1048,5000.0,1,1,0.0,41.20344200000001,27.469848,70.0
4,766,5000.0,1,1,0.0,41.34999400000001,27.703401,99.0
0,D01A008,5500.0,0,0,0.0,41.350833,27.35166700000001,43.0
2,D01A020,5500.0,0,0,0.0,41.202222,27.476667,64.0
10,D01A031,5500.0,0,0,0.0,41.634722,27.653889000000003,276.0
4,D01A052,5500.0,0,0,0.0,41.4,27.966667,141.0
11,D01A057,5500.0,0,0,0.0,40.863889,26.238889000000004,4.0
4,D01A063,5500.0,0,0,0.0,41.497222,27.944444,189.0
12,E01A001,5500.0,0,0,0.0,41.427778,27.1,48.0
13,E01A006,5500.0,0,0,0.0,41.21,27.11805600000001,41.0
6,E01A011,5500.0,0,0,0.0,41.305556,27.608056,78.0
14,E01A012,5500.0,0,0,0.0,41.129721999999994,26.48,8.0
8,E01A018,5500.0,0,0,0.0,41.31,27.7875,103.0
15,17634,5500.0,0,0,0.0,40.8873,26.908,202.0
16,17632,5500.0,0,0,0.0,40.774871999999995,26.345046000000004,32.0
0,17631,5500.0,0,0,0.0,41.3513,27.3108,44.0
17,17608,5500.0,0,0,0.0,41.2726,26.7056,44.0
18,17056,5500.0,0,0,0.0,40.95850000000001,27.496500000000005,4.0
19,17054,5500.0,0,0,0.0,41.1798,27.816,142.0
20,17052,5500.0,0,0,0.0,41.7382,27.2178,228.0
21,17050,5500.0,0,0,0.0,41.6767,26.5508,48.0
2,1048,5500.0,0,0,0.0,41.20344200000001,27.469848,70.0
22,943,5500.0,0,0,0.0,41.288187,27.994754000000004,162.0
23,934,5500.0,0,0,0.0,41.04362499999999,27.093532,73.0
6,766,5500.0,0,0,0.0,41.34999400000001,27.703401,99.0
24,643,5500.0,0,0,0.0,41.627037,27.511929,182.0
25,648,5500.0,0,0,0.0,41.63612,28.092597999999995,15.0
0,D01A008,5500.0,1,0,0.0,41.350833,27.35166700000001,43.0
2,D01A020,5500.0,1,0,0.0,41.202222,27.476667,64.0
4,D01A052,5500.0,1,0,0.0,41.4,27.966666999999998,141.0
4,D01A063,5500.0,1,0,0.0,41.497222,27.944444,189.0
6,E01A011,5500.0,1,0,0.0,41.305556,27.608056,78.0
0,17631,5500.0,1,0,0.0,41.3513,27.3108,44.0
2,1048,5500.0,1,0,0.0,41.20344200000001,27.469848,70.0
6,766,5500.0,1,0,0.0,41.34999400000001,27.703401,99.0
0,D01A008,5500.0,0,1,0.0,41.350833,27.35166700000001,43.0
2,D01A020,5500.0,0,1,0.0,41.202222,27.476667,64.0
10,D01A031,5500.0,0,1,0.0,41.634722,27.653889000000003,276.0
4,D01A052,5500.0,0,1,0.0,41.4,27.966667,141.0
11,D01A057,5500.0,0,1,0.0,40.863889,26.238889000000004,4.0
4,D01A063,5500.0,0,1,0.0,41.497222,27.944444,189.0
12,E01A001,5500.0,0,1,0.0,41.427778,27.1,48.0
13,E01A006,5500.0,0,1,0.0,41.21,27.11805600000001,41.0
6,E01A011,5500.0,0,1,0.0,41.305556,27.608056,78.0
14,E01A012,5500.0,0,1,0.0,41.129721999999994,26.48,8.0
8,E01A018,5500.0,0,1,0.0,41.31,27.7875,103.0
15,17634,5500.0,0,1,0.0,40.8873,26.908,202.0
16,17632,5500.0,0,1,0.0,40.774871999999995,26.345046000000004,32.0
0,17631,5500.0,0,1,0.0,41.3513,27.3108,44.0
17,17608,5500.0,0,1,0.0,41.2726,26.7056,44.0
18,17056,5500.0,0,1,0.0,40.95850000000001,27.496500000000005,4.0
19,17054,5500.0,0,1,0.0,41.1798,27.816,142.0
20,17052,5500.0,0,1,0.0,41.7382,27.2178,228.0
21,17050,5500.0,0,1,0.0,41.6767,26.5508,48.0
2,1048,5500.0,0,1,0.0,41.20344200000001,27.469848,70.0
22,943,5500.0,0,1,0.0,41.288187,27.994754000000004,162.0
23,934,5500.0,0,1,0.0,41.04362499999999,27.093532,73.0
6,766,5500.0,0,1,0.0,41.34999400000001,27.703401,99.0
24,643,5500.0,0,1,0.0,41.627037,27.511929,182.0
25,648,5500.0,0,1,0.0,41.63612,28.092597999999995,15.0
0,D01A008,5500.0,1,1,0.0,41.350833,27.35166700000001,43.0
2,D01A020,5500.0,1,1,0.0,41.202222,27.476667,64.0
4,D01A052,5500.0,1,1,0.0,41.4,27.966666999999998,141.0
4,D01A063,5500.0,1,1,0.0,41.497222,27.944444,189.0
6,E01A011,5500.0,1,1,0.0,41.305556,27.608056,78.0
0,17631,5500.0,1,1,0.0,41.3513,27.3108,44.0
2,1048,5500.0,1,1,0.0,41.20344200000001,27.469848,70.0
6,766,5500.0,1,1,0.0,41.34999400000001,27.703401,99.0
0,D01A008,6000.0,0,0,0.0,41.350833,27.35166700000001,43.0
2,D01A020,6000.0,0,0,0.0,41.202222,27.476667,64.0
4,D01A031,6000.0,0,0,0.0,41.634722,27.653889000000003,276.0
6,D01A052,6000.0,0,0,0.0,41.4,27.966667,141.0
12,D01A057,6000.0,0,0,0.0,40.863889,26.238889000000004,4.0
6,D01A063,6000.0,0,0,0.0,41.497222,27.944444,189.0
13,E01A001,6000.0,0,0,0.0,41.427778,27.1,48.0
14,E01A006,6000.0,0,0,0.0,41.21,27.11805600000001,41.0
8,E01A011,6000.0,0,0,0.0,41.305556,27.608056,78.0
15,E01A012,6000.0,0,0,0.0,41.129721999999994,26.48,8.0
10,E01A018,6000.0,0,0,0.0,41.31,27.7875,103.0
16,17634,6000.0,0,0,0.0,40.8873,26.908,202.0
17,17632,6000.0,0,0,0.0,40.774871999999995,26.345046000000004,32.0
0,17631,6000.0,0,0,0.0,41.3513,27.3108,44.0
18,17608,6000.0,0,0,0.0,41.2726,26.7056,44.0
19,17056,6000.0,0,0,0.0,40.95850000000001,27.496500000000005,4.0
20,17054,6000.0,0,0,0.0,41.1798,27.816,142.0
21,17052,6000.0,0,0,0.0,41.7382,27.2178,228.0
22,17050,6000.0,0,0,0.0,41.6767,26.5508,48.0
2,1048,6000.0,0,0,0.0,41.20344200000001,27.469848,70.0
23,943,6000.0,0,0,0.0,41.288187,27.994754000000004,162.0
24,934,6000.0,0,0,0.0,41.04362499999999,27.093532,73.0
8,766,6000.0,0,0,0.0,41.34999400000001,27.703401,99.0
4,643,6000.0,0,0,0.0,41.627037,27.511929,182.0
25,648,6000.0,0,0,0.0,41.63612,28.092597999999995,15.0
0,D01A008,6000.0,1,0,0.0,41.350833,27.35166700000001,43.0
2,D01A020,6000.0,1,0,0.0,41.202222,27.476667,64.0
4,D01A031,6000.0,1,0,0.0,41.634722,27.653889000000003,276.0
6,D01A052,6000.0,1,0,0.0,41.4,27.966666999999998,141.0
6,D01A063,6000.0,1,0,0.0,41.497222,27.944444,189.0
8,E01A011,6000.0,1,0,0.0,41.305556,27.608056,78.0
0,17631,6000.0,1,0,0.0,41.3513,27.3108,44.0
2,1048,6000.0,1,0,0.0,41.20344200000001,27.469848,70.0
8,766,6000.0,1,0,0.0,41.34999400000001,27.703401,99.0
4,643,6000.0,1,0,0.0,41.627037,27.511929,182.0
0,D01A008,6000.0,0,1,0.0,41.350833,27.35166700000001,43.0
2,D01A020,6000.0,0,1,0.0,41.202222,27.476667,64.0
4,D01A031,6000.0,0,1,0.0,41.634722,27.653889000000003,276.0
6,D01A052,6000.0,0,1,0.0,41.4,27.966667,141.0
12,D01A057,6000.0,0,1,0.0,40.863889,26.238889000000004,4.0
6,D01A063,6000.0,0,1,0.0,41.497222,27.944444,189.0
13,E01A001,6000.0,0,1,0.0,41.427778,27.1,48.0
14,E01A006,6000.0,0,1,0.0,41.21,27.11805600000001,41.0
8,E01A011,6000.0,0,1,0.0,41.305556,27.608056,78.0
15,E01A012,6000.0,0,1,0.0,41.129721999999994,26.48,8.0
10,E01A018,6000.0,0,1,0.0,41.31,27.7875,103.0
16,17634,6000.0,0,1,0.0,40.8873,26.908,202.0
17,17632,6000.0,0,1,0.0,40.774871999999995,26.345046000000004,32.0
0,17631,6000.0,0,1,0.0,41.3513,27.3108,44.0
18,17608,6000.0,0,1,0.0,41.2726,26.7056,44.0
19,17056,6000.0,0,1,0.0,40.95850000000001,27.496500000000005,4.0
20,17054,6000.0,0,1,0.0,41.1798,27.816,142.0
21,17052,6000.0,0,1,0.0,41.7382,27.2178,228.0
22,17050,6000.0,0,1,0.0,41.6767,26.5508,48.0
2,1048,6000.0,0,1,0.0,41.20344200000001,27.469848,70.0
23,943,6000.0,0,1,0.0,41.288187,27.994754000000004,162.0
24,934,6000.0,0,1,0.0,41.04362499999999,27.093532,73.0
8,766,6000.0,0,1,0.0,41.34999400000001,27.703401,99.0
4,643,6000.0,0,1,0.0,41.627037,27.511929,182.0
25,648,6000.0,0,1,0.0,41.63612,28.092597999999995,15.0
0,D01A008,6000.0,1,1,0.0,41.350833,27.35166700000001,43.0
2,D01A020,6000.0,1,1,0.0,41.202222,27.476667,64.0
4,D01A031,6000.0,1,1,0.0,41.634722,27.653889000000003,276.0
6,D01A052,6000.0,1,1,0.0,41.4,27.966666999999998,141.0
6,D01A063,6000.0,1,1,0.0,41.497222,27.944444,189.0
8,E01A011,6000.0,1,1,0.0,41.305556,27.608056,78.0
0,17631,6000.0,1,1,0.0,41.3513,27.3108,44.0
2,1048,6000.0,1,1,0.0,41.20344200000001,27.469848,70.0
8,766,6000.0,1,1,0.0,41.34999400000001,27.703401,99.0
4,643,6000.0,1,1,0.0,41.627037,27.511929,182.0
0,D01A008,6500.0,0,0,0.0,41.350833,27.35166700000001,43.0
2,D01A020,6500.0,0,0,0.0,41.202222,27.476667,64.0
4,D01A031,6500.0,0,0,0.0,41.634722,27.653889000000003,276.0
6,D01A052,6500.0,0,0,0.0,41.4,27.966667,141.0
14,D01A057,6500.0,0,0,0.0,40.863889,26.238889000000004,4.0
6,D01A063,6500.0,0,0,0.0,41.497222,27.944444,189.0
15,E01A001,6500.0,0,0,0.0,41.427778,27.1,48.0
16,E01A006,6500.0,0,0,0.0,41.21,27.11805600000001,41.0
10,E01A011,6500.0,0,0,0.0,41.305556,27.608056,78.0
17,E01A012,6500.0,0,0,0.0,41.129721999999994,26.48,8.0
12,E01A018,6500.0,0,0,0.0,41.31,27.7875,103.0
18,17634,6500.0,0,0,0.0,40.8873,26.908,202.0
19,17632,6500.0,0,0,0.0,40.774871999999995,26.345046000000004,32.0
0,17631,6500.0,0,0,0.0,41.3513,27.3108,44.0
20,17608,6500.0,0,0,0.0,41.2726,26.7056,44.0
21,17056,6500.0,0,0,0.0,40.95850000000001,27.496500000000005,4.0
22,17054,6500.0,0,0,0.0,41.1798,27.816,142.0
23,17052,6500.0,0,0,0.0,41.7382,27.2178,228.0
24,17050,6500.0,0,0,0.0,41.6767,26.5508,48.0
2,1048,6500.0,0,0,0.0,41.20344200000001,27.469848,70.0
8,943,6500.0,0,0,0.0,41.288187,27.994754000000004,162.0
25,934,6500.0,0,0,0.0,41.04362499999999,27.093532,73.0
10,766,6500.0,0,0,0.0,41.34999400000001,27.703401,99.0
4,643,6500.0,0,0,0.0,41.627037,27.511929,182.0
26,648,6500.0,0,0,0.0,41.63612,28.092597999999995,15.0
0,D01A008,6500.0,1,0,0.0,41.350833,27.35166700000001,43.0
2,D01A020,6500.0,1,0,0.0,41.202222,27.476667,64.0
4,D01A031,6500.0,1,0,0.0,41.634722,27.653889000000003,276.0
6,D01A052,6500.0,1,0,0.0,41.4,27.966666999999998,141.0
6,D01A063,6500.0,1,0,0.0,41.497222,27.944444,189.0
10,E01A011,6500.0,1,0,0.0,41.305556,27.608056,78.0
0,17631,6500.0,1,0,0.0,41.3513,27.3108,44.0
2,1048,6500.0,1,0,0.0,41.20344200000001,27.469848,70.0
10,766,6500.0,1,0,0.0,41.34999400000001,27.703401,99.0
4,643,6500.0,1,0,0.0,41.627037,27.511929,182.0
0,D01A008,6500.0,0,1,0.0,41.350833,27.35166700000001,43.0
2,D01A020,6500.0,0,1,0.0,41.202222,27.476667,64.0
4,D01A031,6500.0,0,1,0.0,41.634722,27.653889000000003,276.0
6,D01A052,6500.0,0,1,0.0,41.4,27.966667,141.0
14,D01A057,6500.0,0,1,0.0,40.863889,26.238889000000004,4.0
6,D01A063,6500.0,0,1,0.0,41.497222,27.944444,189.0
15,E01A001,6500.0,0,1,0.0,41.427778,27.1,48.0
16,E01A006,6500.0,0,1,0.0,41.21,27.11805600000001,41.0
10,E01A011,6500.0,0,1,0.0,41.305556,27.608056,78.0
17,E01A012,6500.0,0,1,0.0,41.129721999999994,26.48,8.0
12,E01A018,6500.0,0,1,0.0,41.31,27.7875,103.0
18,17634,6500.0,0,1,0.0,40.8873,26.908,202.0
19,17632,6500.0,0,1,0.0,40.774871999999995,26.345046000000004,32.0
0,17631,6500.0,0,1,0.0,41.3513,27.3108,44.0
20,17608,6500.0,0,1,0.0,41.2726,26.7056,44.0
21,17056,6500.0,0,1,0.0,40.95850000000001,27.496500000000005,4.0
22,17054,6500.0,0,1,0.0,41.1798,27.816,142.0
23,17052,6500.0,0,1,0.0,41.7382,27.2178,228.0
24,17050,6500.0,0,1,0.0,41.6767,26.5508,48.0
2,1048,6500.0,0,1,0.0,41.20344200000001,27.469848,70.0
8,943,6500.0,0,1,0.0,41.288187,27.994754000000004,162.0
25,934,6500.0,0,1,0.0,41.04362499999999,27.093532,73.0
10,766,6500.0,0,1,0.0,41.34999400000001,27.703401,99.0
4,643,6500.0,0,1,0.0,41.627037,27.511929,182.0
26,648,6500.0,0,1,0.0,41.63612,28.092597999999995,15.0
0,D01A008,6500.0,1,1,0.0,41.350833,27.35166700000001,43.0
2,D01A020,6500.0,1,1,0.0,41.202222,27.476667,64.0
4,D01A031,6500.0,1,1,0.0,41.634722,27.653889000000003,276.0
6,D01A052,6500.0,1,1,0.0,41.4,27.966666999999998,141.0
6,D01A063,6500.0,1,1,0.0,41.497222,27.944444,189.0
10,E01A011,6500.0,1,1,0.0,41.305556,27.608056,78.0
0,17631,6500.0,1,1,0.0,41.3513,27.3108,44.0
2,1048,6500.0,1,1,0.0,41.20344200000001,27.469848,70.0
10,766,6500.0,1,1,0.0,41.34999400000001,27.703401,99.0
4,643,6500.0,1,1,0.0,41.627037,27.511929,182.0
0,D01A008,7000.0,0,0,0.0,41.350833,27.35166700000001,43.0
2,D01A020,7000.0,0,0,0.0,41.202222,27.476667,64.0
4,D01A031,7000.0,0,0,0.0,41.634722,27.653889000000003,276.0
6,D01A052,7000.0,0,0,0.0,41.4,27.966667,141.0
10,D01A057,7000.0,0,0,0.0,40.863889,26.238889000000004,4.0
6,D01A063,7000.0,0,0,0.0,41.497222,27.944444,189.0
16,E01A001,7000.0,0,0,0.0,41.427778,27.1,48.0
17,E01A006,7000.0,0,0,0.0,41.21,27.11805600000001,41.0
12,E01A011,7000.0,0,0,0.0,41.305556,27.608056,78.0
18,E01A012,7000.0,0,0,0.0,41.129721999999994,26.48,8.0
14,E01A018,7000.0,0,0,0.0,41.31,27.7875,103.0
19,17634,7000.0,0,0,0.0,40.8873,26.908,202.0
10,17632,7000.0,0,0,0.0,40.774871999999995,26.345046000000004,32.0
0,17631,7000.0,0,0,0.0,41.3513,27.3108,44.0
20,17608,7000.0,0,0,0.0,41.2726,26.7056,44.0
21,17056,7000.0,0,0,0.0,40.95850000000001,27.496500000000005,4.0
22,17054,7000.0,0,0,0.0,41.1798,27.816,142.0
23,17052,7000.0,0,0,0.0,41.7382,27.2178,228.0
24,17050,7000.0,0,0,0.0,41.6767,26.5508,48.0
2,1048,7000.0,0,0,0.0,41.20344200000001,27.469848,70.0
8,943,7000.0,0,0,0.0,41.288187,27.994754000000004,162.0
25,934,7000.0,0,0,0.0,41.04362499999999,27.093532,73.0
12,766,7000.0,0,0,0.0,41.34999400000001,27.703401,99.0
4,643,7000.0,0,0,0.0,41.627037,27.511929,182.0
26,648,7000.0,0,0,0.0,41.63612,28.092597999999995,15.0
0,D01A008,7000.0,1,0,0.0,41.350833,27.35166700000001,43.0
2,D01A020,7000.0,1,0,0.0,41.202222,27.476667,64.0
4,D01A031,7000.0,1,0,0.0,41.634722,27.653889000000003,276.0
6,D01A052,7000.0,1,0,0.0,41.4,27.966666999999998,141.0
10,D01A057,7000.0,1,0,0.0,40.863889,26.238889000000004,4.0
6,D01A063,7000.0,1,0,0.0,41.497222,27.944444,189.0
12,E01A011,7000.0,1,0,0.0,41.305556,27.608056,78.0
10,17632,7000.0,1,0,0.0,40.774872,26.345046000000004,32.0
0,17631,7000.0,1,0,0.0,41.3513,27.3108,44.0
2,1048,7000.0,1,0,0.0,41.20344200000001,27.469848,70.0
12,766,7000.0,1,0,0.0,41.34999400000001,27.703401,99.0
4,643,7000.0,1,0,0.0,41.627037,27.511929,182.0
0,D01A008,7000.0,0,1,0.0,41.350833,27.35166700000001,43.0
2,D01A020,7000.0,0,1,0.0,41.202222,27.476667,64.0
4,D01A031,7000.0,0,1,0.0,41.634722,27.653889000000003,276.0
6,D01A052,7000.0,0,1,0.0,41.4,27.966667,141.0
10,D01A057,7000.0,0,1,0.0,40.863889,26.238889000000004,4.0
6,D01A063,7000.0,0,1,0.0,41.497222,27.944444,189.0
16,E01A001,7000.0,0,1,0.0,41.427778,27.1,48.0
17,E01A006,7000.0,0,1,0.0,41.21,27.11805600000001,41.0
12,E01A011,7000.0,0,1,0.0,41.305556,27.608056,78.0
18,E01A012,7000.0,0,1,0.0,41.129721999999994,26.48,8.0
14,E01A018,7000.0,0,1,0.0,41.31,27.7875,103.0
19,17634,7000.0,0,1,0.0,40.8873,26.908,202.0
10,17632,7000.0,0,1,0.0,40.774871999999995,26.345046000000004,32.0
0,17631,7000.0,0,1,0.0,41.3513,27.3108,44.0
20,17608,7000.0,0,1,0.0,41.2726,26.7056,44.0
21,17056,7000.0,0,1,0.0,40.95850000000001,27.496500000000005,4.0
22,17054,7000.0,0,1,0.0,41.1798,27.816,142.0
23,17052,7000.0,0,1,0.0,41.7382,27.2178,228.0
24,17050,7000.0,0,1,0.0,41.6767,26.5508,48.0
2,1048,7000.0,0,1,0.0,41.20344200000001,27.469848,70.0
8,943,7000.0,0,1,0.0,41.288187,27.994754000000004,162.0
25,934,7000.0,0,1,0.0,41.04362499999999,27.093532,73.0
12,766,7000.0,0,1,0.0,41.34999400000001,27.703401,99.0
4,643,7000.0,0,1,0.0,41.627037,27.511929,182.0
26,648,7000.0,0,1,0.0,41.63612,28.092597999999995,15.0
0,D01A008,7000.0,1,1,0.0,41.350833,27.35166700000001,43.0
2,D01A020,7000.0,1,1,0.0,41.202222,27.476667,64.0
4,D01A031,7000.0,1,1,0.0,41.634722,27.653889000000003,276.0
6,D01A052,7000.0,1,1,0.0,41.4,27.966666999999998,141.0
10,D01A057,7000.0,1,1,0.0,40.863889,26.238889000000004,4.0
6,D01A063,7000.0,1,1,0.0,41.497222,27.944444,189.0
12,E01A011,7000.0,1,1,0.0,41.305556,27.608056,78.0
10,17632,7000.0,1,1,0.0,40.774872,26.345046000000004,32.0
0,17631,7000.0,1,1,0.0,41.3513,27.3108,44.0
2,1048,7000.0,1,1,0.0,41.20344200000001,27.469848,70.0
12,766,7000.0,1,1,0.0,41.34999400000001,27.703401,99.0
4,643,7000.0,1,1,0.0,41.627037,27.511929,182.0
0,D01A008,7500.0,0,0,0.0,41.350833,27.35166700000001,43.0
2,D01A020,7500.0,0,0,0.0,41.202222,27.476667,64.0
4,D01A031,7500.0,0,0,0.0,41.634722,27.653889000000003,276.0
6,D01A052,7500.0,0,0,0.0,41.4,27.966667,141.0
10,D01A057,7500.0,0,0,0.0,40.863889,26.238889000000004,4.0
6,D01A063,7500.0,0,0,0.0,41.497222,27.944444,189.0
20,E01A001,7500.0,0,0,0.0,41.427778,27.1,48.0
21,E01A006,7500.0,0,0,0.0,41.21,27.11805600000001,41.0
12,E01A011,7500.0,0,0,0.0,41.305556,27.608056,78.0
22,E01A012,7500.0,0,0,0.0,41.129721999999994,26.48,8.0
12,E01A018,7500.0,0,0,0.0,41.31,27.7875,103.0
23,17634,7500.0,0,0,0.0,40.8873,26.908,202.0
10,17632,7500.0,0,0,0.0,40.774871999999995,26.345046000000004,32.0
0,17631,7500.0,0,0,0.0,41.3513,27.3108,44.0
24,17608,7500.0,0,0,0.0,41.2726,26.7056,44.0
25,17056,7500.0,0,0,0.0,40.95850000000001,27.496500000000005,4.0
16,17054,7500.0,0,0,0.0,41.1798,27.816,142.0
26,17052,7500.0,0,0,0.0,41.7382,27.2178,228.0
27,17050,7500.0,0,0,0.0,41.6767,26.5508,48.0
2,1048,7500.0,0,0,0.0,41.20344200000001,27.469848,70.0
8,943,7500.0,0,0,0.0,41.288187,27.994754000000004,162.0
28,934,7500.0,0,0,0.0,41.04362499999999,27.093532,73.0
12,766,7500.0,0,0,0.0,41.34999400000001,27.703401,99.0
4,643,7500.0,0,0,0.0,41.627037,27.511929,182.0
29,648,7500.0,0,0,0.0,41.63612,28.092597999999995,15.0
0,D01A008,7500.0,1,0,0.0,41.350833,27.35166700000001,43.0
2,D01A020,7500.0,1,0,0.0,41.202222,27.476667,64.0
4,D01A031,7500.0,1,0,0.0,41.634722,27.653889000000003,276.0
6,D01A052,7500.0,1,0,0.0,41.4,27.966666999999998,141.0
10,D01A057,7500.0,1,0,0.0,40.863889,26.238889000000004,4.0
6,D01A063,7500.0,1,0,0.0,41.497222,27.944444,189.0
12,E01A011,7500.0,1,0,0.0,41.305556,27.608056,78.0
12,E01A018,7500.0,1,0,0.0,41.31,27.7875,103.0
10,17632,7500.0,1,0,0.0,40.774872,26.345046000000004,32.0
0,17631,7500.0,1,0,0.0,41.3513,27.3108,44.0
2,1048,7500.0,1,0,0.0,41.20344200000001,27.469848,70.0
12,766,7500.0,1,0,0.0,41.34999400000001,27.703401,99.0
4,643,7500.0,1,0,0.0,41.627037,27.511929,182.0
12,E01A011,7500.0,2,0,0.0,41.305556,27.608056,78.0
12,E01A018,7500.0,2,0,0.0,41.31,27.7875,103.0
12,766,7500.0,2,0,0.0,41.34999400000001,27.703401,99.0
0,D01A008,7500.0,0,1,0.0,41.350833,27.35166700000001,43.0
2,D01A020,7500.0,0,1,0.0,41.202222,27.476667,64.0
4,D01A031,7500.0,0,1,0.0,41.634722,27.653889000000003,276.0
6,D01A052,7500.0,0,1,0.0,41.4,27.966666999999998,141.0
10,D01A057,7500.0,0,1,0.0,40.863889,26.238889000000004,4.0
6,D01A063,7500.0,0,1,0.0,41.497222,27.944444,189.0
20,E01A001,7500.0,0,1,0.0,41.427778,27.1,48.0
21,E01A006,7500.0,0,1,0.0,41.21,27.11805600000001,41.0
12,E01A011,7500.0,0,1,0.0,41.305556,27.608056,78.0
22,E01A012,7500.0,0,1,0.0,41.129722,26.48,8.0
12,E01A018,7500.0,0,1,0.0,41.31,27.7875,103.0
23,17634,7500.0,0,1,0.0,40.8873,26.908,202.0
10,17632,7500.0,0,1,0.0,40.774872,26.345046000000004,32.0
0,17631,7500.0,0,1,0.0,41.3513,27.3108,44.0
24,17608,7500.0,0,1,0.0,41.2726,26.7056,44.0
25,17056,7500.0,0,1,0.0,40.95850000000001,27.496500000000005,4.0
16,17054,7500.0,0,1,0.0,41.1798,27.816,142.0
26,17052,7500.0,0,1,0.0,41.7382,27.2178,228.0
27,17050,7500.0,0,1,0.0,41.6767,26.5508,48.0
2,1048,7500.0,0,1,0.0,41.20344200000001,27.469848,70.0
8,943,7500.0,0,1,0.0,41.288187,27.994754000000004,162.0
28,934,7500.0,0,1,0.0,41.04362499999999,27.093532,73.0
12,766,7500.0,0,1,0.0,41.34999400000001,27.703401,99.0
4,643,7500.0,0,1,0.0,41.627037,27.511929,182.0
29,648,7500.0,0,1,0.0,41.63612,28.092597999999995,15.0
0,D01A008,7500.0,1,1,0.0,41.350833,27.35166700000001,43.0
2,D01A020,7500.0,1,1,0.0,41.202222,27.476667,64.0
4,D01A031,7500.0,1,1,0.0,41.634722,27.653889000000003,276.0
6,D01A052,7500.0,1,1,0.0,41.4,27.966667,141.0
10,D01A057,7500.0,1,1,0.0,40.863889,26.238889000000004,4.0
6,D01A063,7500.0,1,1,0.0,41.497222,27.944444,189.0
12,E01A011,7500.0,1,1,0.0,41.305556,27.608056,78.0
12,E01A018,7500.0,1,1,0.0,41.31,27.7875,103.0
10,17632,7500.0,1,1,0.0,40.774871999999995,26.345046000000004,32.0
0,17631,7500.0,1,1,0.0,41.3513,27.3108,44.0
2,1048,7500.0,1,1,0.0,41.20344200000001,27.469848,70.0
12,766,7500.0,1,1,0.0,41.34999400000001,27.703401,99.0
4,643,7500.0,1,1,0.0,41.627037,27.511929,182.0
12,E01A011,7500.0,2,1,0.0,41.305556,27.608056,78.0
12,E01A018,7500.0,2,1,0.0,41.31,27.7875,103.0
12,766,7500.0,2,1,0.0,41.34999400000001,27.703401,99.0
0,D01A008,8000.0,0,0,0.0,41.350833,27.35166700000001,43.0
2,D01A020,8000.0,0,0,0.0,41.202222,27.476667,64.0
6,D01A031,8000.0,0,0,0.0,41.634722,27.653889000000003,276.0
8,D01A052,8000.0,0,0,0.0,41.4,27.966667,141.0
12,D01A057,8000.0,0,0,0.0,40.863889,26.238889000000004,4.0
8,D01A063,8000.0,0,0,0.0,41.497222,27.944444,189.0
22,E01A001,8000.0,0,0,0.0,41.427778,27.1,48.0
23,E01A006,8000.0,0,0,0.0,41.21,27.11805600000001,41.0
14,E01A011,8000.0,0,0,0.0,41.305556,27.608056,78.0
24,E01A012,8000.0,0,0,0.0,41.129721999999994,26.48,8.0
14,E01A018,8000.0,0,0,0.0,41.31,27.7875,103.0
25,17634,8000.0,0,0,0.0,40.8873,26.908,202.0
12,17632,8000.0,0,0,0.0,40.774871999999995,26.345046000000004,32.0
0,17631,8000.0,0,0,0.0,41.3513,27.3108,44.0
26,17608,8000.0,0,0,0.0,41.2726,26.7056,44.0
27,17056,8000.0,0,0,0.0,40.95850000000001,27.496500000000005,4.0
18,17054,8000.0,0,0,0.0,41.1798,27.816,142.0
28,17052,8000.0,0,0,0.0,41.7382,27.2178,228.0
29,17050,8000.0,0,0,0.0,41.6767,26.5508,48.0
4,1048,8000.0,0,0,0.0,41.20344200000001,27.469848,70.0
10,943,8000.0,0,0,0.0,41.288187,27.994754000000004,162.0
30,934,8000.0,0,0,0.0,41.04362499999999,27.093532,73.0
14,766,8000.0,0,0,0.0,41.34999400000001,27.703401,99.0
6,643,8000.0,0,0,0.0,41.627037,27.511929,182.0
31,648,8000.0,0,0,0.0,41.63612,28.092597999999995,15.0
0,D01A008,8000.0,1,0,0.0,41.350833,27.35166700000001,43.0
6,D01A031,8000.0,1,0,0.0,41.634722,27.653889000000003,276.0
8,D01A052,8000.0,1,0,0.0,41.4,27.966666999999998,141.0
12,D01A057,8000.0,1,0,0.0,40.863889,26.238889000000004,4.0
8,D01A063,8000.0,1,0,0.0,41.497222,27.944444,189.0
14,E01A011,8000.0,1,0,0.0,41.305556,27.608056,78.0
14,E01A018,8000.0,1,0,0.0,41.31,27.7875,103.0
12,17632,8000.0,1,0,0.0,40.774872,26.345046000000004,32.0
0,17631,8000.0,1,0,0.0,41.3513,27.3108,44.0
14,766,8000.0,1,0,0.0,41.34999400000001,27.703401,99.0
6,643,8000.0,1,0,0.0,41.627037,27.511929,182.0
14,E01A011,8000.0,2,0,0.0,41.305556,27.608056,78.0
14,E01A018,8000.0,2,0,0.0,41.31,27.7875,103.0
14,766,8000.0,2,0,0.0,41.34999400000001,27.703401,99.0
0,D01A008,8000.0,0,1,0.0,41.350833,27.35166700000001,43.0
6,D01A031,8000.0,0,1,0.0,41.634722,27.653889000000003,276.0
8,D01A052,8000.0,0,1,0.0,41.4,27.966666999999998,141.0
12,D01A057,8000.0,0,1,0.0,40.863889,26.238889000000004,4.0
8,D01A063,8000.0,0,1,0.0,41.497222,27.944444,189.0
22,E01A001,8000.0,0,1,0.0,41.427778,27.1,48.0
23,E01A006,8000.0,0,1,0.0,41.21,27.11805600000001,41.0
14,E01A011,8000.0,0,1,0.0,41.305556,27.608056,78.0
24,E01A012,8000.0,0,1,0.0,41.129722,26.48,8.0
14,E01A018,8000.0,0,1,0.0,41.31,27.7875,103.0
25,17634,8000.0,0,1,0.0,40.8873,26.908,202.0
12,17632,8000.0,0,1,0.0,40.774872,26.345046000000004,32.0
0,17631,8000.0,0,1,0.0,41.3513,27.3108,44.0
26,17608,8000.0,0,1,0.0,41.2726,26.7056,44.0
27,17056,8000.0,0,1,0.0,40.95850000000001,27.496500000000005,4.0
18,17054,8000.0,0,1,0.0,41.1798,27.816,142.0
28,17052,8000.0,0,1,0.0,41.7382,27.2178,228.0
29,17050,8000.0,0,1,0.0,41.6767,26.5508,48.0
10,943,8000.0,0,1,0.0,41.288187,27.994754000000004,162.0
30,934,8000.0,0,1,0.0,41.04362499999999,27.093532,73.0
14,766,8000.0,0,1,0.0,41.34999400000001,27.703401,99.0
6,643,8000.0,0,1,0.0,41.627037,27.511929,182.0
31,648,8000.0,0,1,0.0,41.63612,28.092597999999995,15.0
0,D01A008,8000.0,1,1,0.0,41.350833,27.35166700000001,43.0
6,D01A031,8000.0,1,1,0.0,41.634722,27.653889000000003,276.0
8,D01A052,8000.0,1,1,0.0,41.4,27.966667,141.0
12,D01A057,8000.0,1,1,0.0,40.863889,26.238889000000004,4.0
8,D01A063,8000.0,1,1,0.0,41.497222,27.944444,189.0
14,E01A011,8000.0,1,1,0.0,41.305556,27.608056,78.0
14,E01A018,8000.0,1,1,0.0,41.31,27.7875,103.0
12,17632,8000.0,1,1,0.0,40.774871999999995,26.345046000000004,32.0
0,17631,8000.0,1,1,0.0,41.3513,27.3108,44.0
14,766,8000.0,1,1,0.0,41.34999400000001,27.703401,99.0
6,643,8000.0,1,1,0.0,41.627037,27.511929,182.0
14,E01A011,8000.0,2,1,0.0,41.305556,27.608056,78.0
14,E01A018,8000.0,2,1,0.0,41.31,27.7875,103.0
14,766,8000.0,2,1,0.0,41.34999400000001,27.703401,99.0
0,D01A008,8500.0,0,0,0.0,41.350833,27.35166700000001,43.0
16,D01A020,8500.0,0,0,0.0,41.202222,27.476667,64.0
6,D01A031,8500.0,0,0,0.0,41.634722,27.653889000000003,276.0
8,D01A052,8500.0,0,0,0.0,41.4,27.966667,141.0
12,D01A057,8500.0,0,0,0.0,40.863889,26.238889000000004,4.0
8,D01A063,8500.0,0,0,0.0,41.497222,27.944444,189.0
24,E01A001,8500.0,0,0,0.0,41.427778,27.1,48.0
25,E01A006,8500.0,0,0,0.0,41.21,27.11805600000001,41.0
14,E01A011,8500.0,0,0,0.0,41.305556,27.608056,78.0
26,E01A012,8500.0,0,0,0.0,41.129721999999994,26.48,8.0
14,E01A018,8500.0,0,0,0.0,41.31,27.7875,103.0
27,17634,8500.0,0,0,0.0,40.8873,26.908,202.0
12,17632,8500.0,0,0,0.0,40.774871999999995,26.345046000000004,32.0
0,17631,8500.0,0,0,0.0,41.3513,27.3108,44.0
28,17608,8500.0,0,0,0.0,41.2726,26.7056,44.0
29,17056,8500.0,0,0,0.0,40.95850000000001,27.496500000000005,4.0
20,17054,8500.0,0,0,0.0,41.1798,27.816,142.0
30,17052,8500.0,0,0,0.0,41.7382,27.2178,228.0
31,17050,8500.0,0,0,0.0,41.6767,26.5508,48.0
16,1048,8500.0,0,0,0.0,41.20344200000001,27.469848,70.0
10,943,8500.0,0,0,0.0,41.288187,27.994754000000004,162.0
32,934,8500.0,0,0,0.0,41.04362499999999,27.093532,73.0
14,766,8500.0,0,0,0.0,41.34999400000001,27.703401,99.0
6,643,8500.0,0,0,0.0,41.627037,27.511929,182.0
33,648,8500.0,0,0,0.0,41.63612,28.092597999999995,15.0
0,D01A008,8500.0,1,0,0.0,41.350833,27.35166700000001,43.0
16,D01A020,8500.0,1,0,0.0,41.202222,27.476667,64.0
6,D01A031,8500.0,1,0,0.0,41.634722,27.653889000000003,276.0
8,D01A052,8500.0,1,0,0.0,41.4,27.966666999999998,141.0
12,D01A057,8500.0,1,0,0.0,40.863889,26.238889000000004,4.0
8,D01A063,8500.0,1,0,0.0,41.497222,27.944444,189.0
14,E01A011,8500.0,1,0,0.0,41.305556,27.608056,78.0
14,E01A018,8500.0,1,0,0.0,41.31,27.7875,103.0
12,17632,8500.0,1,0,0.0,40.774872,26.345046000000004,32.0
0,17631,8500.0,1,0,0.0,41.3513,27.3108,44.0
16,1048,8500.0,1,0,0.0,41.20344200000001,27.469848,70.0
14,766,8500.0,1,0,0.0,41.34999400000001,27.703401,99.0
6,643,8500.0,1,0,0.0,41.627037,27.511929,182.0
14,E01A011,8500.0,2,0,0.0,41.305556,27.608056,78.0
14,E01A018,8500.0,2,0,0.0,41.31,27.7875,103.0
14,766,8500.0,2,0,0.0,41.34999400000001,27.703401,99.0
0,D01A008,8500.0,0,1,0.0,41.350833,27.35166700000001,43.0
16,D01A020,8500.0,0,1,0.0,41.202222,27.476667,64.0
6,D01A031,8500.0,0,1,0.0,41.634722,27.653889000000003,276.0
8,D01A052,8500.0,0,1,0.0,41.4,27.966666999999998,141.0
12,D01A057,8500.0,0,1,0.0,40.863889,26.238889000000004,4.0
8,D01A063,8500.0,0,1,0.0,41.497222,27.944444,189.0
24,E01A001,8500.0,0,1,0.0,41.427778,27.1,48.0
25,E01A006,8500.0,0,1,0.0,41.21,27.11805600000001,41.0
14,E01A011,8500.0,0,1,0.0,41.305556,27.608056,78.0
26,E01A012,8500.0,0,1,0.0,41.129722,26.48,8.0
14,E01A018,8500.0,0,1,0.0,41.31,27.7875,103.0
27,17634,8500.0,0,1,0.0,40.8873,26.908,202.0
12,17632,8500.0,0,1,0.0,40.774872,26.345046000000004,32.0
0,17631,8500.0,0,1,0.0,41.3513,27.3108,44.0
28,17608,8500.0,0,1,0.0,41.2726,26.7056,44.0
29,17056,8500.0,0,1,0.0,40.95850000000001,27.496500000000005,4.0
20,17054,8500.0,0,1,0.0,41.1798,27.816,142.0
30,17052,8500.0,0,1,0.0,41.7382,27.2178,228.0
31,17050,8500.0,0,1,0.0,41.6767,26.5508,48.0
16,1048,8500.0,0,1,0.0,41.20344200000001,27.469848,70.0
10,943,8500.0,0,1,0.0,41.288187,27.994754000000004,162.0
32,934,8500.0,0,1,0.0,41.04362499999999,27.093532,73.0
14,766,8500.0,0,1,0.0,41.34999400000001,27.703401,99.0
6,643,8500.0,0,1,0.0,41.627037,27.511929,182.0
33,648,8500.0,0,1,0.0,41.63612,28.092597999999995,15.0
0,D01A008,8500.0,1,1,0.0,41.350833,27.35166700000001,43.0
16,D01A020,8500.0,1,1,0.0,41.202222,27.476667,64.0
6,D01A031,8500.0,1,1,0.0,41.634722,27.653889000000003,276.0
8,D01A052,8500.0,1,1,0.0,41.4,27.966667,141.0
12,D01A057,8500.0,1,1,0.0,40.863889,26.238889000000004,4.0
8,D01A063,8500.0,1,1,0.0,41.497222,27.944444,189.0
14,E01A011,8500.0,1,1,0.0,41.305556,27.608056,78.0
14,E01A018,8500.0,1,1,0.0,41.31,27.7875,103.0
12,17632,8500.0,1,1,0.0,40.774871999999995,26.345046000000004,32.0
0,17631,8500.0,1,1,0.0,41.3513,27.3108,44.0
16,1048,8500.0,1,1,0.0,41.20344200000001,27.469848,70.0
14,766,8500.0,1,1,0.0,41.34999400000001,27.703401,99.0
6,643,8500.0,1,1,0.0,41.627037,27.511929,182.0
14,E01A011,8500.0,2,1,0.0,41.305556,27.608056,78.0
14,E01A018,8500.0,2,1,0.0,41.31,27.7875,103.0
14,766,8500.0,2,1,0.0,41.34999400000001,27.703401,99.0
0,D01A008,9000.0,0,0,0.0,41.350833,27.35166700000001,43.0
2,D01A020,9000.0,0,0,0.0,41.202222,27.476667,64.0
6,D01A031,9000.0,0,0,0.0,41.634722,27.653889000000003,276.0
8,D01A052,9000.0,0,0,0.0,41.4,27.966667,141.0
14,D01A057,9000.0,0,0,0.0,40.863889,26.238889000000004,4.0
8,D01A063,9000.0,0,0,0.0,41.497222,27.944444,189.0
28,E01A001,9000.0,0,0,0.0,41.427778,27.1,48.0
29,E01A006,9000.0,0,0,0.0,41.21,27.11805600000001,41.0
2,E01A011,9000.0,0,0,0.0,41.305556,27.608056,78.0
30,E01A012,9000.0,0,0,0.0,41.129721999999994,26.48,8.0
16,E01A018,9000.0,0,0,0.0,41.31,27.7875,103.0
31,17634,9000.0,0,0,0.0,40.8873,26.908,202.0
14,17632,9000.0,0,0,0.0,40.774871999999995,26.345046000000004,32.0
0,17631,9000.0,0,0,0.0,41.3513,27.3108,44.0
32,17608,9000.0,0,0,0.0,41.2726,26.7056,44.0
33,17056,9000.0,0,0,0.0,40.95850000000001,27.496500000000005,4.0
22,17054,9000.0,0,0,0.0,41.1798,27.816,142.0
34,17052,9000.0,0,0,0.0,41.7382,27.2178,228.0
35,17050,9000.0,0,0,0.0,41.6767,26.5508,48.0
2,1048,9000.0,0,0,0.0,41.20344200000001,27.469848,70.0
12,943,9000.0,0,0,0.0,41.288187,27.994754000000004,162.0
36,934,9000.0,0,0,0.0,41.04362499999999,27.093532,73.0
16,766,9000.0,0,0,0.0,41.34999400000001,27.703401,99.0
6,643,9000.0,0,0,0.0,41.627037,27.511929,182.0
37,648,9000.0,0,0,0.0,41.63612,28.092597999999995,15.0
0,D01A008,9000.0,1,0,0.0,41.350833,27.35166700000001,43.0
2,D01A020,9000.0,1,0,0.0,41.202222,27.476667,64.0
6,D01A031,9000.0,1,0,0.0,41.634722,27.653889000000003,276.0
8,D01A052,9000.0,1,0,0.0,41.4,27.966666999999998,141.0
14,D01A057,9000.0,1,0,0.0,40.863889,26.238889000000004,4.0
8,D01A063,9000.0,1,0,0.0,41.497222,27.944444,189.0
2,E01A011,9000.0,1,0,0.0,41.305556,27.608056,78.0
16,E01A018,9000.0,1,0,0.0,41.31,27.7875,103.0
14,17632,9000.0,1,0,0.0,40.774872,26.345046000000004,32.0
0,17631,9000.0,1,0,0.0,41.3513,27.3108,44.0
2,1048,9000.0,1,0,0.0,41.20344200000001,27.469848,70.0
16,766,9000.0,1,0,0.0,41.34999400000001,27.703401,99.0
6,643,9000.0,1,0,0.0,41.627037,27.511929,182.0
2,D01A020,9000.0,2,0,0.0,41.202222,27.476667,64.0
2,E01A011,9000.0,2,0,0.0,41.305556,27.608056,78.0
2,1048,9000.0,2,0,0.0,41.20344200000001,27.469848,70.0
0,D01A008,9000.0,0,1,0.0,41.350833,27.35166700000001,43.0
2,D01A020,9000.0,0,1,0.0,41.202222,27.476667,64.0
6,D01A031,9000.0,0,1,0.0,41.634722,27.653889000000003,276.0
8,D01A052,9000.0,0,1,0.0,41.4,27.966666999999998,141.0
14,D01A057,9000.0,0,1,0.0,40.863889,26.238889000000004,4.0
8,D01A063,9000.0,0,1,0.0,41.497222,27.944444,189.0
28,E01A001,9000.0,0,1,0.0,41.427778,27.1,48.0
29,E01A006,9000.0,0,1,0.0,41.21,27.11805600000001,41.0
2,E01A011,9000.0,0,1,0.0,41.305556,27.608056,78.0
30,E01A012,9000.0,0,1,0.0,41.129722,26.48,8.0
16,E01A018,9000.0,0,1,0.0,41.31,27.7875,103.0
31,17634,9000.0,0,1,0.0,40.8873,26.908,202.0
14,17632,9000.0,0,1,0.0,40.774872,26.345046000000004,32.0
0,17631,9000.0,0,1,0.0,41.3513,27.3108,44.0
32,17608,9000.0,0,1,0.0,41.2726,26.7056,44.0
33,17056,9000.0,0,1,0.0,40.95850000000001,27.496500000000005,4.0
22,17054,9000.0,0,1,0.0,41.1798,27.816,142.0
34,17052,9000.0,0,1,0.0,41.7382,27.2178,228.0
35,17050,9000.0,0,1,0.0,41.6767,26.5508,48.0
2,1048,9000.0,0,1,0.0,41.20344200000001,27.469848,70.0
12,943,9000.0,0,1,0.0,41.288187,27.994754000000004,162.0
36,934,9000.0,0,1,0.0,41.04362499999999,27.093532,73.0
16,766,9000.0,0,1,0.0,41.34999400000001,27.703401,99.0
6,643,9000.0,0,1,0.0,41.627037,27.511929,182.0
37,648,9000.0,0,1,0.0,41.63612,28.092597999999995,15.0
0,D01A008,9000.0,1,1,0.0,41.350833,27.35166700000001,43.0
2,D01A020,9000.0,1,1,0.0,41.202222,27.476667,64.0
6,D01A031,9000.0,1,1,0.0,41.634722,27.653889000000003,276.0
8,D01A052,9000.0,1,1,0.0,41.4,27.966667,141.0
14,D01A057,9000.0,1,1,0.0,40.863889,26.238889000000004,4.0
8,D01A063,9000.0,1,1,0.0,41.497222,27.944444,189.0
2,E01A011,9000.0,1,1,0.0,41.305556,27.608056,78.0
16,E01A018,9000.0,1,1,0.0,41.31,27.7875,103.0
14,17632,9000.0,1,1,0.0,40.774871999999995,26.345046000000004,32.0
0,17631,9000.0,1,1,0.0,41.3513,27.3108,44.0
2,1048,9000.0,1,1,0.0,41.20344200000001,27.469848,70.0
16,766,9000.0,1,1,0.0,41.34999400000001,27.703401,99.0
6,643,9000.0,1,1,0.0,41.627037,27.511929,182.0
2,D01A020,9000.0,2,1,0.0,41.202222,27.476667,64.0
2,E01A011,9000.0,2,1,0.0,41.305556,27.608056,78.0
2,1048,9000.0,2,1,0.0,41.20344200000001,27.469848,70.0
0,D01A008,9500.0,0,0,0.0,41.350833,27.35166700000001,43.0
2,D01A020,9500.0,0,0,0.0,41.202222,27.476667,64.0
6,D01A031,9500.0,0,0,0.0,41.634722,27.653889000000003,276.0
10,D01A052,9500.0,0,0,0.0,41.4,27.966667,141.0
14,D01A057,9500.0,0,0,0.0,40.863889,26.238889000000004,4.0
8,D01A063,9500.0,0,0,0.0,41.497222,27.944444,189.0
30,E01A001,9500.0,0,0,0.0,41.427778,27.1,48.0
16,E01A006,9500.0,0,0,0.0,41.21,27.11805600000001,41.0
2,E01A011,9500.0,0,0,0.0,41.305556,27.608056,78.0
31,E01A012,9500.0,0,0,0.0,41.129721999999994,26.48,8.0
10,E01A018,9500.0,0,0,0.0,41.31,27.7875,103.0
32,17634,9500.0,0,0,0.0,40.8873,26.908,202.0
14,17632,9500.0,0,0,0.0,40.774871999999995,26.345046000000004,32.0
0,17631,9500.0,0,0,0.0,41.3513,27.3108,44.0
33,17608,9500.0,0,0,0.0,41.2726,26.7056,44.0
34,17056,9500.0,0,0,0.0,40.95850000000001,27.496500000000005,4.0
24,17054,9500.0,0,0,0.0,41.1798,27.816,142.0
35,17052,9500.0,0,0,0.0,41.7382,27.2178,228.0
36,17050,9500.0,0,0,0.0,41.6767,26.5508,48.0
2,1048,9500.0,0,0,0.0,41.20344200000001,27.469848,70.0
10,943,9500.0,0,0,0.0,41.288187,27.994754000000004,162.0
16,934,9500.0,0,0,0.0,41.04362499999999,27.093532,73.0
18,766,9500.0,0,0,0.0,41.34999400000001,27.703401,99.0
6,643,9500.0,0,0,0.0,41.627037,27.511929,182.0
37,648,9500.0,0,0,0.0,41.63612,28.092597999999995,15.0
0,D01A008,9500.0,1,0,0.0,41.350833,27.35166700000001,43.0
2,D01A020,9500.0,1,0,0.0,41.202222,27.476667,64.0
6,D01A031,9500.0,1,0,0.0,41.634722,27.653889000000003,276.0
10,D01A052,9500.0,1,0,0.0,41.4,27.966666999999998,141.0
14,D01A057,9500.0,1,0,0.0,40.863889,26.238889000000004,4.0
16,E01A006,9500.0,1,0,0.0,41.21,27.11805600000001,41.0
2,E01A011,9500.0,1,0,0.0,41.305556,27.608056,78.0
10,E01A018,9500.0,1,0,0.0,41.31,27.7875,103.0
14,17632,9500.0,1,0,0.0,40.774872,26.345046000000004,32.0
0,17631,9500.0,1,0,0.0,41.3513,27.3108,44.0
2,1048,9500.0,1,0,0.0,41.20344200000001,27.469848,70.0
10,943,9500.0,1,0,0.0,41.288187,27.994754000000004,162.0
16,934,9500.0,1,0,0.0,41.04362499999999,27.093532,73.0
6,643,9500.0,1,0,0.0,41.627037,27.511929,182.0
2,D01A020,9500.0,2,0,0.0,41.202222,27.476667,64.0
10,D01A052,9500.0,2,0,0.0,41.4,27.966667,141.0
2,E01A011,9500.0,2,0,0.0,41.305556,27.608056,78.0
10,E01A018,9500.0,2,0,0.0,41.31,27.7875,103.0
2,1048,9500.0,2,0,0.0,41.20344200000001,27.469848,70.0
10,943,9500.0,2,0,0.0,41.288187,27.994754000000004,162.0
0,D01A008,9500.0,0,1,0.0,41.350833,27.35166700000001,43.0
2,D01A020,9500.0,0,1,0.0,41.202222,27.476667,64.0
6,D01A031,9500.0,0,1,0.0,41.634722,27.653889000000003,276.0
10,D01A052,9500.0,0,1,0.0,41.4,27.966666999999998,141.0
14,D01A057,9500.0,0,1,0.0,40.863889,26.238889000000004,4.0
8,D01A063,9500.0,0,1,0.0,41.497222,27.944444,189.0
30,E01A001,9500.0,0,1,0.0,41.427778,27.1,48.0
16,E01A006,9500.0,0,1,0.0,41.21,27.11805600000001,41.0
31,E01A012,9500.0,0,1,0.0,41.129722,26.48,8.0
32,17634,9500.0,0,1,0.0,40.8873,26.908,202.0
14,17632,9500.0,0,1,0.0,40.774872,26.345046000000004,32.0
0,17631,9500.0,0,1,0.0,41.3513,27.3108,44.0
33,17608,9500.0,0,1,0.0,41.2726,26.7056,44.0
34,17056,9500.0,0,1,0.0,40.95850000000001,27.496500000000005,4.0
24,17054,9500.0,0,1,0.0,41.1798,27.816,142.0
35,17052,9500.0,0,1,0.0,41.7382,27.2178,228.0
36,17050,9500.0,0,1,0.0,41.6767,26.5508,48.0
2,1048,9500.0,0,1,0.0,41.20344200000001,27.469848,70.0
10,943,9500.0,0,1,0.0,41.288187,27.994754000000004,162.0
16,934,9500.0,0,1,0.0,41.04362499999999,27.093532,73.0
18,766,9500.0,0,1,0.0,41.34999400000001,27.703401,99.0
6,643,9500.0,0,1,0.0,41.627037,27.511929,182.0
37,648,9500.0,0,1,0.0,41.63612,28.092597999999995,15.0
0,D01A008,9500.0,1,1,0.0,41.350833,27.35166700000001,43.0
2,D01A020,9500.0,1,1,0.0,41.202222,27.476667,64.0
6,D01A031,9500.0,1,1,0.0,41.634722,27.653889000000003,276.0
10,D01A052,9500.0,1,1,0.0,41.4,27.966667,141.0
14,D01A057,9500.0,1,1,0.0,40.863889,26.238889000000004,4.0
16,E01A006,9500.0,1,1,0.0,41.21,27.11805600000001,41.0
2,E01A011,9500.0,1,1,0.0,41.305556,27.608056,78.0
10,E01A018,9500.0,1,1,0.0,41.31,27.7875,103.0
14,17632,9500.0,1,1,0.0,40.774871999999995,26.345046000000004,32.0
0,17631,9500.0,1,1,0.0,41.3513,27.3108,44.0
2,1048,9500.0,1,1,0.0,41.20344200000001,27.469848,70.0
10,943,9500.0,1,1,0.0,41.288187,27.994754000000004,162.0
16,934,9500.0,1,1,0.0,41.04362499999999,27.093532,73.0
6,643,9500.0,1,1,0.0,41.627037,27.511929,182.0
2,D01A020,9500.0,2,1,0.0,41.202222,27.476667,64.0
10,D01A052,9500.0,2,1,0.0,41.4,27.966666999999998,141.0
2,E01A011,9500.0,2,1,0.0,41.305556,27.608056,78.0
10,E01A018,9500.0,2,1,0.0,41.31,27.7875,103.0
2,1048,9500.0,2,1,0.0,41.20344200000001,27.469848,70.0
10,943,9500.0,2,1,0.0,41.288187,27.994754000000004,162.0
0,D01A008,10000.0,0,0,0.0,41.350833,27.35166700000001,43.0
0,D01A020,10000.0,0,0,0.0,41.202222,27.476667,64.0
10,D01A031,10000.0,0,0,0.0,41.634722,27.653889000000003,276.0
14,D01A052,10000.0,0,0,0.0,41.4,27.966667,141.0
18,D01A057,10000.0,0,0,0.0,40.863889,26.238889000000004,4.0
12,D01A063,10000.0,0,0,0.0,41.497222,27.944444,189.0
22,E01A001,10000.0,0,0,0.0,41.427778,27.1,48.0
24,E01A006,10000.0,0,0,0.0,41.21,27.11805600000001,41.0
6,E01A011,10000.0,0,0,0.0,41.305556,27.608056,78.0
40,E01A012,10000.0,0,0,0.0,41.129721999999994,26.48,8.0
14,E01A018,10000.0,0,0,0.0,41.31,27.7875,103.0
41,17634,10000.0,0,0,0.0,40.8873,26.908,202.0
18,17632,10000.0,0,0,0.0,40.774871999999995,26.345046000000004,32.0
2,17631,10000.0,0,0,0.0,41.3513,27.3108,44.0
42,17608,10000.0,0,0,0.0,41.2726,26.7056,44.0
43,17056,10000.0,0,0,0.0,40.95850000000001,27.496500000000005,4.0
32,17054,10000.0,0,0,0.0,41.1798,27.816,142.0
44,17052,10000.0,0,0,0.0,41.7382,27.2178,228.0
45,17050,10000.0,0,0,0.0,41.6767,26.5508,48.0
0,1048,10000.0,0,0,0.0,41.20344200000001,27.469848,70.0
14,943,10000.0,0,0,0.0,41.288187,27.994754000000004,162.0
24,934,10000.0,0,0,0.0,41.04362499999999,27.093532,73.0
26,766,10000.0,0,0,0.0,41.34999400000001,27.703401,99.0
10,643,10000.0,0,0,0.0,41.627037,27.511929,182.0
20,648,10000.0,0,0,0.0,41.63612,28.092597999999995,15.0
0,D01A008,10000.0,1,0,0.0,41.350833,27.35166700000001,43.0
0,D01A020,10000.0,1,0,0.0,41.202222,27.476667,64.0
10,D01A031,10000.0,1,0,0.0,41.634722,27.653889000000003,276.0
14,D01A052,10000.0,1,0,0.0,41.4,27.966666999999998,141.0
18,D01A057,10000.0,1,0,0.0,40.863889,26.238889000000004,4.0
24,E01A006,10000.0,1,0,0.0,41.21,27.11805600000001,41.0
14,E01A018,10000.0,1,0,0.0,41.31,27.7875,103.0
18,17632,10000.0,1,0,0.0,40.774872,26.345046000000004,32.0
0,1048,10000.0,1,0,0.0,41.20344200000001,27.469848,70.0
14,943,10000.0,1,0,0.0,41.288187,27.994754000000004,162.0
24,934,10000.0,1,0,0.0,41.04362499999999,27.093532,73.0
10,643,10000.0,1,0,0.0,41.627037,27.511929,182.0
0,D01A008,10000.0,2,0,0.0,41.350833,27.35166700000001,43.0
0,D01A020,10000.0,2,0,0.0,41.202222,27.476667,64.0
14,D01A052,10000.0,2,0,0.0,41.4,27.966667,141.0
14,E01A018,10000.0,2,0,0.0,41.31,27.7875,103.0
0,1048,10000.0,2,0,0.0,41.20344200000001,27.469848,70.0
14,943,10000.0,2,0,0.0,41.288187,27.994754000000004,162.0
0,D01A020,10000.0,0,1,0.0,41.202222,27.476667,64.0
10,D01A031,10000.0,0,1,0.0,41.634722,27.653889000000003,276.0
14,D01A052,10000.0,0,1,0.0,41.4,27.966666999999998,141.0
18,D01A057,10000.0,0,1,0.0,40.863889,26.238889000000004,4.0
12,D01A063,10000.0,0,1,0.0,41.497222,27.944444,189.0
22,E01A001,10000.0,0,1,0.0,41.427778,27.1,48.0
24,E01A006,10000.0,0,1,0.0,41.21,27.11805600000001,41.0
40,E01A012,10000.0,0,1,0.0,41.129722,26.48,8.0
41,17634,10000.0,0,1,0.0,40.8873,26.908,202.0
18,17632,10000.0,0,1,0.0,40.774872,26.345046000000004,32.0
2,17631,10000.0,0,1,0.0,41.3513,27.3108,44.0
42,17608,10000.0,0,1,0.0,41.2726,26.7056,44.0
43,17056,10000.0,0,1,0.0,40.95850000000001,27.496500000000005,4.0
32,17054,10000.0,0,1,0.0,41.1798,27.816,142.0
44,17052,10000.0,0,1,0.0,41.7382,27.2178,228.0
45,17050,10000.0,0,1,0.0,41.6767,26.5508,48.0
0,1048,10000.0,0,1,0.0,41.20344200000001,27.469848,70.0
14,943,10000.0,0,1,0.0,41.288187,27.994754000000004,162.0
24,934,10000.0,0,1,0.0,41.04362499999999,27.093532,73.0
10,643,10000.0,0,1,0.0,41.627037,27.511929,182.0
20,648,10000.0,0,1,0.0,41.63612,28.092597999999995,15.0
0,D01A008,10000.0,1,1,0.0,41.350833,27.351667000000006,43.0
0,D01A020,10000.0,1,1,0.0,41.202222,27.476667,64.0
10,D01A031,10000.0,1,1,0.0,41.634722,27.653889000000003,276.0
14,D01A052,10000.0,1,1,0.0,41.4,27.966667,141.0
18,D01A057,10000.0,1,1,0.0,40.863889,26.238889000000004,4.0
24,E01A006,10000.0,1,1,0.0,41.21,27.118056000000006,41.0
14,E01A018,10000.0,1,1,0.0,41.31,27.7875,103.0
18,17632,10000.0,1,1,0.0,40.774871999999995,26.345046,32.0
0,1048,10000.0,1,1,0.0,41.20344200000001,27.469848,70.0
14,943,10000.0,1,1,0.0,41.288187,27.994754000000004,162.0
24,934,10000.0,1,1,0.0,41.04362499999999,27.093532,73.0
10,643,10000.0,1,1,0.0,41.627037,27.511929,182.0
0,D01A008,10000.0,2,1,0.0,41.350833,27.351667000000003,43.0
0,D01A020,10000.0,2,1,0.0,41.202222,27.476667,64.0
14,D01A052,10000.0,2,1,0.0,41.4,27.966666999999998,141.0
14,E01A018,10000.0,2,1,0.0,41.309999999999995,27.7875,103.0
0,1048,10000.0,2,1,0.0,41.20344200000001,27.469848,70.0
14,943,10000.0,2,1,0.0,41.288187,27.994754000000004,162.0
