gw_key,distance_threshold,outlier_threshold,remove_intersections,score_threshold,gw_latitude,gw_longitude,gw_altitude
0,500.0,0,0,0.0,41.26191666666666,27.548111111111112,83.0
1,500.0,0,0,0.0,41.060138888888886,27.338777777777768,111.0
2,500.0,0,0,0.0,41.34280555555557,27.456888888888887,57.0
3,500.0,0,0,0.0,41.293416666666666,27.944222222222226,154.0
4,500.0,0,0,0.0,41.17138888888889,27.794888888888888,120.0
5,500.0,0,0,0.0,41.335722222222216,27.47411111111111,69.0
6,500.0,0,0,0.0,41.264194444444435,27.639055555555554,107.0
7,500.0,0,0,0.0,41.35752777777777,27.38741666666667,41.0
8,500.0,0,0,0.0,41.41822222222222,27.219555555555555,53.0
9,500.0,0,0,0.0,41.22958333333335,27.64325,83.0
10,500.0,0,0,0.0,41.242194444444436,27.684361111111112,91.0
11,500.0,0,0,0.0,41.27316666666667,27.96463888888889,142.0
12,500.0,0,0,0.0,41.23858333333333,27.869722222222233,130.0
13,500.0,0,0,0.0,41.18147222222222,27.813305555555555,136.0
14,500.0,0,0,0.0,41.13002777777777,27.772972222222233,95.0
15,500.0,0,0,0.0,41.36988888888889,27.176,42.0
16,500.0,0,0,0.0,41.246833333333335,26.6185,18.0
17,500.0,0,0,0.0,41.785916666666665,27.129277777777766,244.0
18,500.0,0,0,0.0,41.36469444444445,27.061805555555555,38.0
19,500.0,0,0,0.0,41.27711111111111,27.582555555555555,101.0
20,500.0,0,0,0.0,41.19519444444444,27.46575,70.0
21,500.0,0,0,0.0,41.34236111111111,27.038888888888888,32.0
22,500.0,0,0,0.0,41.34030555555556,27.26763888888889,44.0
23,500.0,0,0,0.0,41.683166666666665,27.19808333333333,166.0
24,500.0,0,0,0.0,41.20744444444445,27.86411111111111,150.0
25,500.0,0,0,0.0,41.256694444444435,27.73566666666667,106.0
26,500.0,0,0,0.0,41.36775,27.14011111111111,42.0
27,500.0,0,0,0.0,41.21675000000001,27.52633333333333,76.0
28,500.0,0,0,0.0,41.29263888888889,27.50344444444445,55.0
29,500.0,0,0,0.0,41.25444444444445,27.45308333333333,56.0
0,500.0,0,1,0.0,41.26191666666666,27.548111111111112,83.0
1,500.0,0,1,0.0,41.060138888888886,27.338777777777768,111.0
2,500.0,0,1,0.0,41.34280555555557,27.456888888888887,57.0
3,500.0,0,1,0.0,41.293416666666666,27.944222222222226,154.0
4,500.0,0,1,0.0,41.17138888888889,27.794888888888888,120.0
5,500.0,0,1,0.0,41.335722222222216,27.47411111111111,69.0
6,500.0,0,1,0.0,41.264194444444435,27.639055555555554,107.0
7,500.0,0,1,0.0,41.35752777777777,27.38741666666667,41.0
8,500.0,0,1,0.0,41.41822222222222,27.219555555555555,53.0
9,500.0,0,1,0.0,41.22958333333335,27.64325,83.0
10,500.0,0,1,0.0,41.242194444444436,27.684361111111112,91.0
11,500.0,0,1,0.0,41.27316666666667,27.96463888888889,142.0
12,500.0,0,1,0.0,41.23858333333333,27.869722222222233,130.0
13,500.0,0,1,0.0,41.18147222222222,27.813305555555555,136.0
14,500.0,0,1,0.0,41.13002777777777,27.772972222222233,95.0
15,500.0,0,1,0.0,41.36988888888889,27.176,42.0
16,500.0,0,1,0.0,41.246833333333335,26.6185,18.0
17,500.0,0,1,0.0,41.785916666666665,27.129277777777766,244.0
18,500.0,0,1,0.0,41.36469444444445,27.061805555555555,38.0
19,500.0,0,1,0.0,41.27711111111111,27.582555555555555,101.0
20,500.0,0,1,0.0,41.19519444444444,27.46575,70.0
21,500.0,0,1,0.0,41.34236111111111,27.038888888888888,32.0
22,500.0,0,1,0.0,41.34030555555556,27.26763888888889,44.0
23,500.0,0,1,0.0,41.683166666666665,27.19808333333333,166.0
24,500.0,0,1,0.0,41.20744444444445,27.86411111111111,150.0
25,500.0,0,1,0.0,41.256694444444435,27.73566666666667,106.0
26,500.0,0,1,0.0,41.36775,27.14011111111111,42.0
27,500.0,0,1,0.0,41.21675000000001,27.52633333333333,76.0
28,500.0,0,1,0.0,41.29263888888889,27.50344444444445,55.0
29,500.0,0,1,0.0,41.25444444444445,27.45308333333333,56.0
4,1000.0,0,0,0.0,41.26191666666666,27.548111111111112,83.0
5,1000.0,0,0,0.0,41.060138888888886,27.338777777777768,111.0
0,1000.0,0,0,0.0,41.33395592338247,27.46168075741177,63.0
6,1000.0,0,0,0.0,41.293416666666666,27.944222222222226,154.0
2,1000.0,0,0,0.0,41.174977575587015,27.805948878328113,128.0
7,1000.0,0,0,0.0,41.264194444444435,27.639055555555554,107.0
8,1000.0,0,0,0.0,41.35752777777777,27.38741666666667,41.0
9,1000.0,0,0,0.0,41.41822222222222,27.219555555555555,53.0
10,1000.0,0,0,0.0,41.22958333333335,27.64325,83.0
11,1000.0,0,0,0.0,41.242194444444436,27.684361111111112,91.0
12,1000.0,0,0,0.0,41.27316666666667,27.96463888888889,142.0
13,1000.0,0,0,0.0,41.23858333333333,27.869722222222233,130.0
14,1000.0,0,0,0.0,41.13002777777777,27.772972222222233,95.0
15,1000.0,0,0,0.0,41.36988888888889,27.176,42.0
16,1000.0,0,0,0.0,41.246833333333335,26.6185,18.0
17,1000.0,0,0,0.0,41.785916666666665,27.129277777777766,244.0
18,1000.0,0,0,0.0,41.36469444444445,27.061805555555555,38.0
19,1000.0,0,0,0.0,41.27711111111111,27.582555555555555,101.0
20,1000.0,0,0,0.0,41.19519444444444,27.46575,70.0
21,1000.0,0,0,0.0,41.34236111111111,27.038888888888888,32.0
22,1000.0,0,0,0.0,41.34030555555556,27.26763888888889,44.0
23,1000.0,0,0,0.0,41.683166666666665,27.19808333333333,166.0
24,1000.0,0,0,0.0,41.20744444444445,27.86411111111111,150.0
25,1000.0,0,0,0.0,41.256694444444435,27.73566666666667,106.0
26,1000.0,0,0,0.0,41.36775,27.14011111111111,42.0
27,1000.0,0,0,0.0,41.21675000000001,27.52633333333333,76.0
28,1000.0,0,0,0.0,41.29263888888889,27.50344444444445,55.0
29,1000.0,0,0,0.0,41.25444444444445,27.45308333333333,56.0
0,1000.0,1,0,0.0,41.33395592338247,27.46168075741177,63.0
2,1000.0,1,0,0.0,41.174977575587015,27.805948878328113,128.0
4,1000.0,0,1,0.0,41.26191666666666,27.548111111111112,83.0
5,1000.0,0,1,0.0,41.060138888888886,27.338777777777768,111.0
0,1000.0,0,1,0.0,41.33395592338247,27.46168075741177,63.0
6,1000.0,0,1,0.0,41.293416666666666,27.944222222222226,154.0
2,1000.0,0,1,0.0,41.174977575587015,27.805948878328113,128.0
7,1000.0,0,1,0.0,41.264194444444435,27.639055555555554,107.0
8,1000.0,0,1,0.0,41.35752777777777,27.38741666666667,41.0
9,1000.0,0,1,0.0,41.41822222222222,27.219555555555555,53.0
10,1000.0,0,1,0.0,41.22958333333335,27.64325,83.0
11,1000.0,0,1,0.0,41.242194444444436,27.684361111111112,91.0
12,1000.0,0,1,0.0,41.27316666666667,27.96463888888889,142.0
13,1000.0,0,1,0.0,41.23858333333333,27.869722222222233,130.0
14,1000.0,0,1,0.0,41.13002777777777,27.772972222222233,95.0
15,1000.0,0,1,0.0,41.36988888888889,27.176,42.0
16,1000.0,0,1,0.0,41.246833333333335,26.6185,18.0
17,1000.0,0,1,0.0,41.785916666666665,27.129277777777766,244.0
18,1000.0,0,1,0.0,41.36469444444445,27.061805555555555,38.0
19,1000.0,0,1,0.0,41.27711111111111,27.582555555555555,101.0
20,1000.0,0,1,0.0,41.19519444444444,27.46575,70.0
21,1000.0,0,1,0.0,41.34236111111111,27.038888888888888,32.0
22,1000.0,0,1,0.0,41.34030555555556,27.26763888888889,44.0
23,1000.0,0,1,0.0,41.683166666666665,27.19808333333333,166.0
24,1000.0,0,1,0.0,41.20744444444445,27.86411111111111,150.0
25,1000.0,0,1,0.0,41.256694444444435,27.73566666666667,106.0
26,1000.0,0,1,0.0,41.36775,27.14011111111111,42.0
27,1000.0,0,1,0.0,41.21675000000001,27.52633333333333,76.0
28,1000.0,0,1,0.0,41.29263888888889,27.50344444444445,55.0
29,1000.0,0,1,0.0,41.25444444444445,27.45308333333333,56.0
0,1000.0,1,1,0.0,41.33395592338247,27.46168075741177,63.0
2,1000.0,1,1,0.0,41.174977575587015,27.805948878328113,128.0
6,1500.0,0,0,0.0,41.26191666666666,27.548111111111112,83.0
7,1500.0,0,0,0.0,41.060138888888886,27.338777777777768,111.0
0,1500.0,0,0,0.0,41.33820794867598,27.463549483409405,63.0
2,1500.0,0,0,0.0,41.283292016008375,27.95443234419222,148.0
4,1500.0,0,0,0.0,41.172245371287644,27.806441675880013,128.0
8,1500.0,0,0,0.0,41.264194444444435,27.639055555555554,107.0
9,1500.0,0,0,0.0,41.35752777777777,27.38741666666667,41.0
10,1500.0,0,0,0.0,41.41822222222222,27.219555555555555,53.0
11,1500.0,0,0,0.0,41.22958333333335,27.64325,83.0
12,1500.0,0,0,0.0,41.242194444444436,27.684361111111112,91.0
13,1500.0,0,0,0.0,41.23858333333333,27.869722222222233,130.0
14,1500.0,0,0,0.0,41.13002777777777,27.772972222222233,95.0
15,1500.0,0,0,0.0,41.36988888888889,27.176,42.0
16,1500.0,0,0,0.0,41.246833333333335,26.6185,18.0
17,1500.0,0,0,0.0,41.785916666666665,27.129277777777766,244.0
18,1500.0,0,0,0.0,41.36469444444445,27.061805555555555,38.0
19,1500.0,0,0,0.0,41.27711111111111,27.582555555555555,101.0
20,1500.0,0,0,0.0,41.19519444444444,27.46575,70.0
21,1500.0,0,0,0.0,41.34236111111111,27.038888888888888,32.0
22,1500.0,0,0,0.0,41.34030555555556,27.26763888888889,44.0
23,1500.0,0,0,0.0,41.683166666666665,27.19808333333333,166.0
24,1500.0,0,0,0.0,41.20744444444445,27.86411111111111,150.0
25,1500.0,0,0,0.0,41.256694444444435,27.73566666666667,106.0
26,1500.0,0,0,0.0,41.36775,27.14011111111111,42.0
27,1500.0,0,0,0.0,41.21675000000001,27.52633333333333,76.0
28,1500.0,0,0,0.0,41.29263888888889,27.50344444444445,55.0
29,1500.0,0,0,0.0,41.25444444444445,27.45308333333333,56.0
0,1500.0,1,0,0.0,41.33820794867598,27.463549483409405,63.0
2,1500.0,1,0,0.0,41.283292016008375,27.95443234419222,148.0
4,1500.0,1,0,0.0,41.172245371287644,27.806441675880013,128.0
6,1500.0,0,1,0.0,41.26191666666666,27.548111111111112,83.0
7,1500.0,0,1,0.0,41.060138888888886,27.338777777777768,111.0
0,1500.0,0,1,0.0,41.33820794867598,27.463549483409405,63.0
2,1500.0,0,1,0.0,41.283292016008375,27.95443234419222,148.0
4,1500.0,0,1,0.0,41.172245371287644,27.806441675880013,128.0
8,1500.0,0,1,0.0,41.264194444444435,27.639055555555554,107.0
9,1500.0,0,1,0.0,41.35752777777777,27.38741666666667,41.0
10,1500.0,0,1,0.0,41.41822222222222,27.219555555555555,53.0
11,1500.0,0,1,0.0,41.22958333333335,27.64325,83.0
12,1500.0,0,1,0.0,41.242194444444436,27.684361111111112,91.0
13,1500.0,0,1,0.0,41.23858333333333,27.869722222222233,130.0
14,1500.0,0,1,0.0,41.13002777777777,27.772972222222233,95.0
15,1500.0,0,1,0.0,41.36988888888889,27.176,42.0
16,1500.0,0,1,0.0,41.246833333333335,26.6185,18.0
17,1500.0,0,1,0.0,41.785916666666665,27.129277777777766,244.0
18,1500.0,0,1,0.0,41.36469444444445,27.061805555555555,38.0
19,1500.0,0,1,0.0,41.27711111111111,27.582555555555555,101.0
20,1500.0,0,1,0.0,41.19519444444444,27.46575,70.0
21,1500.0,0,1,0.0,41.34236111111111,27.038888888888888,32.0
22,1500.0,0,1,0.0,41.34030555555556,27.26763888888889,44.0
23,1500.0,0,1,0.0,41.683166666666665,27.19808333333333,166.0
24,1500.0,0,1,0.0,41.20744444444445,27.86411111111111,150.0
25,1500.0,0,1,0.0,41.256694444444435,27.73566666666667,106.0
26,1500.0,0,1,0.0,41.36775,27.14011111111111,42.0
27,1500.0,0,1,0.0,41.21675000000001,27.52633333333333,76.0
28,1500.0,0,1,0.0,41.29263888888889,27.50344444444445,55.0
29,1500.0,0,1,0.0,41.25444444444445,27.45308333333333,56.0
0,1500.0,1,1,0.0,41.33820794867598,27.463549483409405,63.0
2,1500.0,1,1,0.0,41.283292016008375,27.95443234419222,148.0
4,1500.0,1,1,0.0,41.172245371287644,27.806441675880013,128.0
0,2000.0,0,0,0.0,41.26970827800464,27.564943425652384,92.0
18,2000.0,0,0,0.0,41.060138888888886,27.338777777777768,111.0
2,2000.0,0,0,0.0,41.34138678147914,27.463219948129662,63.0
4,2000.0,0,0,0.0,41.283291326105626,27.954433735354037,148.0
6,2000.0,0,0,0.0,41.17224087209813,27.805663781790784,128.0
8,2000.0,0,0,0.0,41.246888741107185,27.641153373661666,95.0
19,2000.0,0,0,0.0,41.35752777777777,27.38741666666667,41.0
20,2000.0,0,0,0.0,41.41822222222222,27.219555555555555,53.0
10,2000.0,0,0,0.0,41.242194444444436,27.684361111111112,91.0
12,2000.0,0,0,0.0,41.2244391759965,27.854384232484065,140.0
21,2000.0,0,0,0.0,41.13002777777777,27.772972222222233,95.0
14,2000.0,0,0,0.0,41.36032022548314,27.15446809140841,42.0
22,2000.0,0,0,0.0,41.246833333333335,26.6185,18.0
23,2000.0,0,0,0.0,41.785916666666665,27.129277777777766,244.0
16,2000.0,0,0,0.0,41.34797754932219,27.06120925933377,35.0
24,2000.0,0,0,0.0,41.19519444444444,27.46575,70.0
25,2000.0,0,0,0.0,41.34030555555556,27.26763888888889,44.0
26,2000.0,0,0,0.0,41.683166666666665,27.19808333333333,166.0
27,2000.0,0,0,0.0,41.256694444444435,27.73566666666667,106.0
28,2000.0,0,0,0.0,41.21675000000001,27.52633333333333,76.0
29,2000.0,0,0,0.0,41.29263888888889,27.50344444444445,55.0
30,2000.0,0,0,0.0,41.25444444444445,27.45308333333333,56.0
0,2000.0,1,0,0.0,41.26970827800464,27.564943425652384,92.0
2,2000.0,1,0,0.0,41.34138678147914,27.463219948129662,63.0
4,2000.0,1,0,0.0,41.283291326105626,27.954433735354037,148.0
6,2000.0,1,0,0.0,41.17224087209813,27.805663781790784,128.0
8,2000.0,1,0,0.0,41.246888741107185,27.641153373661666,95.0
12,2000.0,1,0,0.0,41.2244391759965,27.854384232484065,140.0
14,2000.0,1,0,0.0,41.36032022548314,27.15446809140841,42.0
16,2000.0,1,0,0.0,41.34797754932219,27.06120925933377,35.0
0,2000.0,0,1,0.0,41.26970827800464,27.564943425652384,92.0
18,2000.0,0,1,0.0,41.060138888888886,27.338777777777768,111.0
2,2000.0,0,1,0.0,41.34138678147914,27.463219948129662,63.0
4,2000.0,0,1,0.0,41.283291326105626,27.954433735354037,148.0
6,2000.0,0,1,0.0,41.17224087209813,27.805663781790784,128.0
8,2000.0,0,1,0.0,41.246888741107185,27.641153373661666,95.0
19,2000.0,0,1,0.0,41.35752777777777,27.38741666666667,41.0
20,2000.0,0,1,0.0,41.41822222222222,27.219555555555555,53.0
10,2000.0,0,1,0.0,41.242194444444436,27.684361111111112,91.0
12,2000.0,0,1,0.0,41.2244391759965,27.854384232484065,140.0
21,2000.0,0,1,0.0,41.13002777777777,27.772972222222233,95.0
14,2000.0,0,1,0.0,41.36032022548314,27.15446809140841,42.0
22,2000.0,0,1,0.0,41.246833333333335,26.6185,18.0
23,2000.0,0,1,0.0,41.785916666666665,27.129277777777766,244.0
16,2000.0,0,1,0.0,41.34797754932219,27.06120925933377,35.0
24,2000.0,0,1,0.0,41.19519444444444,27.46575,70.0
25,2000.0,0,1,0.0,41.34030555555556,27.26763888888889,44.0
26,2000.0,0,1,0.0,41.683166666666665,27.19808333333333,166.0
27,2000.0,0,1,0.0,41.256694444444435,27.73566666666667,106.0
28,2000.0,0,1,0.0,41.21675000000001,27.52633333333333,76.0
29,2000.0,0,1,0.0,41.29263888888889,27.50344444444445,55.0
30,2000.0,0,1,0.0,41.25444444444445,27.45308333333333,56.0
0,2000.0,1,1,0.0,41.26970827800464,27.564943425652384,92.0
2,2000.0,1,1,0.0,41.34138678147914,27.463219948129662,63.0
4,2000.0,1,1,0.0,41.283291326105626,27.954433735354037,148.0
6,2000.0,1,1,0.0,41.17224087209813,27.805663781790784,128.0
8,2000.0,1,1,0.0,41.246888741107185,27.641153373661666,95.0
12,2000.0,1,1,0.0,41.2244391759965,27.854384232484065,140.0
14,2000.0,1,1,0.0,41.36032022548314,27.15446809140841,42.0
16,2000.0,1,1,0.0,41.34797754932219,27.06120925933377,35.0
0,2500.0,0,0,0.0,41.26964784218571,27.56429988599929,92.0
26,2500.0,0,0,0.0,41.060138888888886,27.338777777777768,111.0
2,2500.0,0,0,0.0,41.3420115193464,27.465203781947487,63.0
4,2500.0,0,0,0.0,41.276682178626146,27.947151208455306,148.0
6,2500.0,0,0,0.0,41.172344242499726,27.80615212859149,128.0
10,2500.0,0,0,0.0,41.247680847425045,27.656993902654964,93.66666666666669
27,2500.0,0,0,0.0,41.35752777777777,27.38741666666667,41.0
28,2500.0,0,0,0.0,41.41822222222222,27.219555555555555,53.0
20,2500.0,0,0,0.0,41.22553441884588,27.85220580370486,140.0
8,2500.0,0,0,0.0,41.13002777777777,27.772972222222233,95.0
22,2500.0,0,0,0.0,41.36783926960846,27.15402673628109,42.0
29,2500.0,0,0,0.0,41.246833333333335,26.6185,18.0
30,2500.0,0,0,0.0,41.785916666666665,27.129277777777766,244.0
24,2500.0,0,0,0.0,41.34703682251282,27.059625207458428,35.0
31,2500.0,0,0,0.0,41.19519444444444,27.46575,70.0
32,2500.0,0,0,0.0,41.34030555555556,27.26763888888889,44.0
33,2500.0,0,0,0.0,41.683166666666665,27.19808333333333,166.0
18,2500.0,0,0,0.0,41.256694444444435,27.73566666666667,106.0
34,2500.0,0,0,0.0,41.21675000000001,27.52633333333333,76.0
35,2500.0,0,0,0.0,41.29263888888889,27.50344444444445,55.0
36,2500.0,0,0,0.0,41.25444444444445,27.45308333333333,56.0
0,2500.0,1,0,0.0,41.26964784218571,27.56429988599929,92.0
2,2500.0,1,0,0.0,41.3420115193464,27.465203781947487,63.0
4,2500.0,1,0,0.0,41.276682178626146,27.947151208455306,148.0
6,2500.0,1,0,0.0,41.172344242499726,27.80615212859149,128.0
10,2500.0,1,0,0.0,41.247680847425045,27.656993902654964,93.66666666666669
20,2500.0,1,0,0.0,41.22553441884588,27.85220580370486,140.0
22,2500.0,1,0,0.0,41.36783926960846,27.15402673628109,42.0
24,2500.0,1,0,0.0,41.34703682251282,27.059625207458428,35.0
10,2500.0,2,0,0.0,41.247680847425045,27.656993902654964,93.66666666666669
0,2500.0,0,1,0.0,41.26964784218571,27.56429988599929,92.0
26,2500.0,0,1,0.0,41.060138888888886,27.338777777777768,111.0
2,2500.0,0,1,0.0,41.3420115193464,27.465203781947487,63.0
4,2500.0,0,1,0.0,41.276682178626146,27.947151208455306,148.0
6,2500.0,0,1,0.0,41.172344242499726,27.80615212859149,128.0
10,2500.0,0,1,0.0,41.247680847425045,27.656993902654964,93.66666666666669
27,2500.0,0,1,0.0,41.35752777777777,27.38741666666667,41.0
28,2500.0,0,1,0.0,41.41822222222222,27.219555555555555,53.0
20,2500.0,0,1,0.0,41.22553441884588,27.85220580370486,140.0
8,2500.0,0,1,0.0,41.13002777777777,27.772972222222233,95.0
22,2500.0,0,1,0.0,41.36783926960846,27.15402673628109,42.0
29,2500.0,0,1,0.0,41.246833333333335,26.6185,18.0
30,2500.0,0,1,0.0,41.785916666666665,27.129277777777766,244.0
24,2500.0,0,1,0.0,41.34703682251282,27.059625207458428,35.0
31,2500.0,0,1,0.0,41.19519444444444,27.46575,70.0
32,2500.0,0,1,0.0,41.34030555555556,27.26763888888889,44.0
33,2500.0,0,1,0.0,41.683166666666665,27.19808333333333,166.0
18,2500.0,0,1,0.0,41.256694444444435,27.73566666666667,106.0
34,2500.0,0,1,0.0,41.21675000000001,27.52633333333333,76.0
35,2500.0,0,1,0.0,41.29263888888889,27.50344444444445,55.0
36,2500.0,0,1,0.0,41.25444444444445,27.45308333333333,56.0
0,2500.0,1,1,0.0,41.26964784218571,27.56429988599929,92.0
2,2500.0,1,1,0.0,41.3420115193464,27.465203781947487,63.0
4,2500.0,1,1,0.0,41.276682178626146,27.947151208455306,148.0
6,2500.0,1,1,0.0,41.172344242499726,27.80615212859149,128.0
10,2500.0,1,1,0.0,41.247680847425045,27.656993902654964,93.66666666666669
20,2500.0,1,1,0.0,41.22553441884588,27.85220580370486,140.0
22,2500.0,1,1,0.0,41.36783926960846,27.15402673628109,42.0
24,2500.0,1,1,0.0,41.34703682251282,27.059625207458428,35.0
10,2500.0,2,1,0.0,41.247680847425045,27.656993902654964,93.66666666666669
0,3000.0,0,0,0.0,41.26975189131284,27.56479054992637,92.0
38,3000.0,0,0,0.0,41.060138888888886,27.338777777777768,111.0
6,3000.0,0,0,0.0,41.341850831632506,27.466117738117337,63.0
8,3000.0,0,0,0.0,41.278264162600024,27.951387445266825,148.0
10,3000.0,0,0,0.0,41.17378610267677,27.80470963086663,128.0
16,3000.0,0,0,0.0,41.24146037512984,27.659904393905624,93.66666666666669
39,3000.0,0,0,0.0,41.35752777777777,27.38741666666667,41.0
40,3000.0,0,0,0.0,41.41822222222222,27.219555555555555,53.0
26,3000.0,0,0,0.0,41.226074559007024,27.85618255448729,140.0
12,3000.0,0,0,0.0,41.13002777777777,27.772972222222233,95.0
30,3000.0,0,0,0.0,41.368728655801405,27.155601319729715,42.0
41,3000.0,0,0,0.0,41.246833333333335,26.6185,18.0
42,3000.0,0,0,0.0,41.785916666666665,27.129277777777766,244.0
32,3000.0,0,0,0.0,41.34806918492888,27.05996561246068,35.0
34,3000.0,0,0,0.0,41.19519444444444,27.46575,70.0
43,3000.0,0,0,0.0,41.34030555555556,27.26763888888889,44.0
44,3000.0,0,0,0.0,41.683166666666665,27.19808333333333,166.0
24,3000.0,0,0,0.0,41.256694444444435,27.73566666666667,106.0
2,3000.0,0,0,0.0,41.21675000000001,27.52633333333333,76.0
4,3000.0,0,0,0.0,41.29263888888889,27.50344444444445,55.0
36,3000.0,0,0,0.0,41.25444444444445,27.45308333333333,56.0
0,3000.0,1,0,0.0,41.26975189131284,27.56479054992637,92.0
6,3000.0,1,0,0.0,41.341850831632506,27.466117738117337,63.0
8,3000.0,1,0,0.0,41.27826416260002,27.951387445266825,148.0
10,3000.0,1,0,0.0,41.17378610267677,27.80470963086663,128.0
16,3000.0,1,0,0.0,41.24146037512984,27.659904393905624,93.66666666666669
26,3000.0,1,0,0.0,41.226074559007024,27.85618255448729,140.0
30,3000.0,1,0,0.0,41.368728655801405,27.155601319729715,42.0
32,3000.0,1,0,0.0,41.34806918492888,27.05996561246068,35.0
16,3000.0,2,0,0.0,41.24146037512984,27.659904393905624,93.66666666666669
0,3000.0,0,1,0.0,41.26975189131284,27.56479054992637,92.0
38,3000.0,0,1,0.0,41.060138888888886,27.338777777777768,111.0
6,3000.0,0,1,0.0,41.341850831632506,27.466117738117337,63.0
8,3000.0,0,1,0.0,41.27826416260002,27.951387445266825,148.0
10,3000.0,0,1,0.0,41.17378610267677,27.80470963086663,128.0
16,3000.0,0,1,0.0,41.24146037512984,27.659904393905624,93.66666666666669
39,3000.0,0,1,0.0,41.35752777777777,27.38741666666667,41.0
40,3000.0,0,1,0.0,41.41822222222222,27.219555555555555,53.0
26,3000.0,0,1,0.0,41.226074559007024,27.85618255448729,140.0
12,3000.0,0,1,0.0,41.13002777777777,27.772972222222233,95.0
30,3000.0,0,1,0.0,41.368728655801405,27.155601319729715,42.0
41,3000.0,0,1,0.0,41.246833333333335,26.6185,18.0
42,3000.0,0,1,0.0,41.785916666666665,27.129277777777766,244.0
32,3000.0,0,1,0.0,41.34806918492888,27.05996561246068,35.0
34,3000.0,0,1,0.0,41.19519444444444,27.46575,70.0
43,3000.0,0,1,0.0,41.34030555555556,27.26763888888889,44.0
44,3000.0,0,1,0.0,41.683166666666665,27.19808333333333,166.0
24,3000.0,0,1,0.0,41.256694444444435,27.73566666666667,106.0
2,3000.0,0,1,0.0,41.21675000000001,27.52633333333333,76.0
4,3000.0,0,1,0.0,41.29263888888889,27.50344444444445,55.0
36,3000.0,0,1,0.0,41.25444444444445,27.45308333333333,56.0
0,3000.0,1,1,0.0,41.26975189131284,27.56479054992637,92.0
6,3000.0,1,1,0.0,41.341850831632506,27.466117738117337,63.0
8,3000.0,1,1,0.0,41.278264162600024,27.951387445266825,148.0
10,3000.0,1,1,0.0,41.17378610267677,27.80470963086663,128.0
16,3000.0,1,1,0.0,41.24146037512984,27.659904393905624,93.66666666666669
26,3000.0,1,1,0.0,41.226074559007024,27.85618255448729,140.0
30,3000.0,1,1,0.0,41.368728655801405,27.155601319729715,42.0
32,3000.0,1,1,0.0,41.34806918492888,27.05996561246068,35.0
16,3000.0,2,1,0.0,41.24146037512984,27.659904393905624,93.66666666666669
44,3500.0,0,0,0.0,41.265055951417295,27.567850676184893,92.0
52,3500.0,0,0,0.0,41.060138888888886,27.338777777777768,111.0
10,3500.0,0,0,0.0,41.3177242713531,27.48017617374795,60.33333333333334
12,3500.0,0,0,0.0,41.27828103855103,27.955835576153888,148.0
34,3500.0,0,0,0.0,41.1557511934525,27.793130089278367,117.0
20,3500.0,0,0,0.0,41.24172482992054,27.66199148195448,93.66666666666669
8,3500.0,0,0,0.0,41.35752777777777,27.38741666666667,41.0
26,3500.0,0,0,0.0,41.39604936007858,27.195457509980287,47.5
32,3500.0,0,0,0.0,41.22187336483964,27.860619802083868,140.0
53,3500.0,0,0,0.0,41.246833333333335,26.6185,18.0
54,3500.0,0,0,0.0,41.785916666666665,27.129277777777766,244.0
40,3500.0,0,0,0.0,41.34613386938418,27.057972306686768,35.0
46,3500.0,0,0,0.0,41.19519444444444,27.46575,70.0
55,3500.0,0,0,0.0,41.34030555555556,27.26763888888889,44.0
56,3500.0,0,0,0.0,41.683166666666665,27.19808333333333,166.0
30,3500.0,0,0,0.0,41.256694444444435,27.73566666666667,106.0
38,3500.0,0,0,0.0,41.36775,27.14011111111111,42.0
2,3500.0,0,0,0.0,41.21675000000001,27.52633333333333,76.0
48,3500.0,0,0,0.0,41.25444444444445,27.45308333333333,56.0
44,3500.0,1,0,0.0,41.265055951417295,27.567850676184893,92.0
10,3500.0,1,0,0.0,41.3177242713531,27.48017617374795,60.33333333333334
12,3500.0,1,0,0.0,41.27828103855103,27.955835576153888,148.0
34,3500.0,1,0,0.0,41.1557511934525,27.793130089278367,117.0
20,3500.0,1,0,0.0,41.24172482992054,27.66199148195448,93.66666666666669
26,3500.0,1,0,0.0,41.39604936007858,27.195457509980287,47.5
32,3500.0,1,0,0.0,41.22187336483964,27.860619802083868,140.0
40,3500.0,1,0,0.0,41.34613386938418,27.057972306686768,35.0
10,3500.0,2,0,0.0,41.3177242713531,27.48017617374795,60.33333333333334
34,3500.0,2,0,0.0,41.1557511934525,27.793130089278367,117.0
20,3500.0,2,0,0.0,41.24172482992054,27.66199148195448,93.66666666666669
44,3500.0,0,1,0.0,41.265055951417295,27.567850676184893,92.0
52,3500.0,0,1,0.0,41.060138888888886,27.338777777777768,111.0
10,3500.0,0,1,0.0,41.3177242713531,27.48017617374795,60.33333333333334
12,3500.0,0,1,0.0,41.27828103855103,27.955835576153888,148.0
34,3500.0,0,1,0.0,41.1557511934525,27.793130089278367,117.0
20,3500.0,0,1,0.0,41.24172482992054,27.66199148195448,93.66666666666669
8,3500.0,0,1,0.0,41.35752777777777,27.38741666666667,41.0
26,3500.0,0,1,0.0,41.39604936007858,27.195457509980287,47.5
32,3500.0,0,1,0.0,41.22187336483964,27.860619802083868,140.0
53,3500.0,0,1,0.0,41.246833333333335,26.6185,18.0
54,3500.0,0,1,0.0,41.785916666666665,27.129277777777766,244.0
40,3500.0,0,1,0.0,41.34613386938418,27.057972306686768,35.0
46,3500.0,0,1,0.0,41.19519444444444,27.46575,70.0
55,3500.0,0,1,0.0,41.34030555555556,27.26763888888889,44.0
56,3500.0,0,1,0.0,41.683166666666665,27.19808333333333,166.0
30,3500.0,0,1,0.0,41.256694444444435,27.73566666666667,106.0
38,3500.0,0,1,0.0,41.36775,27.14011111111111,42.0
2,3500.0,0,1,0.0,41.21675000000001,27.52633333333333,76.0
48,3500.0,0,1,0.0,41.25444444444445,27.45308333333333,56.0
44,3500.0,1,1,0.0,41.265055951417295,27.567850676184893,92.0
10,3500.0,1,1,0.0,41.3177242713531,27.48017617374795,60.33333333333334
12,3500.0,1,1,0.0,41.27828103855103,27.955835576153888,148.0
34,3500.0,1,1,0.0,41.1557511934525,27.793130089278367,117.0
20,3500.0,1,1,0.0,41.24172482992054,27.66199148195448,93.66666666666669
26,3500.0,1,1,0.0,41.39604936007858,27.195457509980287,47.5
32,3500.0,1,1,0.0,41.22187336483964,27.860619802083868,140.0
40,3500.0,1,1,0.0,41.34613386938418,27.057972306686768,35.0
10,3500.0,2,1,0.0,41.3177242713531,27.48017617374795,60.33333333333334
34,3500.0,2,1,0.0,41.1557511934525,27.793130089278367,117.0
20,3500.0,2,1,0.0,41.24172482992054,27.66199148195448,93.66666666666669
0,4000.0,0,0,0.0,41.252929590363294,27.593766660932044,97.0
66,4000.0,0,0,0.0,41.060138888888886,27.338777777777768,111.0
14,4000.0,0,0,0.0,41.34457350815388,27.462287555155346,63.0
16,4000.0,0,0,0.0,41.280197659437626,27.95426552841288,148.0
22,4000.0,0,0,0.0,41.1945618975012,27.82472831836432,135.33333333333334
24,4000.0,0,0,0.0,41.35752777777777,27.38741666666667,41.0
34,4000.0,0,0,0.0,41.395543486596544,27.19601004505991,47.5
28,4000.0,0,0,0.0,41.23903894410928,27.669672238969703,87.0
42,4000.0,0,0,0.0,41.23858333333333,27.869722222222233,130.0
46,4000.0,0,0,0.0,41.13002777777777,27.772972222222233,95.0
67,4000.0,0,0,0.0,41.246833333333335,26.6185,18.0
68,4000.0,0,0,0.0,41.785916666666665,27.129277777777766,244.0
52,4000.0,0,0,0.0,41.347248610321216,27.058999491413218,35.0
58,4000.0,0,0,0.0,41.20372411032761,27.49704255080433,73.0
69,4000.0,0,0,0.0,41.34030555555556,27.26763888888889,44.0
70,4000.0,0,0,0.0,41.683166666666665,27.19808333333333,166.0
40,4000.0,0,0,0.0,41.256694444444435,27.73566666666667,106.0
50,4000.0,0,0,0.0,41.36775,27.14011111111111,42.0
2,4000.0,0,0,0.0,41.29263888888889,27.50344444444445,55.0
6,4000.0,0,0,0.0,41.25444444444445,27.45308333333333,56.0
0,4000.0,1,0,0.0,41.252929590363294,27.593766660932044,97.0
14,4000.0,1,0,0.0,41.34457350815388,27.462287555155346,63.0
16,4000.0,1,0,0.0,41.280197659437626,27.95426552841288,148.0
22,4000.0,1,0,0.0,41.1945618975012,27.82472831836432,135.33333333333334
34,4000.0,1,0,0.0,41.395543486596544,27.19601004505991,47.5
28,4000.0,1,0,0.0,41.23903894410928,27.669672238969703,87.0
52,4000.0,1,0,0.0,41.347248610321216,27.058999491413218,35.0
58,4000.0,1,0,0.0,41.20372411032761,27.49704255080433,73.0
0,4000.0,2,0,0.0,41.252929590363294,27.593766660932044,97.0
22,4000.0,2,0,0.0,41.1945618975012,27.82472831836432,135.33333333333334
0,4000.0,0,1,0.0,41.252929590363294,27.593766660932044,97.0
66,4000.0,0,1,0.0,41.060138888888886,27.338777777777768,111.0
14,4000.0,0,1,0.0,41.34457350815388,27.462287555155346,63.0
16,4000.0,0,1,0.0,41.280197659437626,27.95426552841288,148.0
22,4000.0,0,1,0.0,41.1945618975012,27.82472831836432,135.33333333333334
24,4000.0,0,1,0.0,41.35752777777777,27.38741666666667,41.0
34,4000.0,0,1,0.0,41.395543486596544,27.19601004505991,47.5
28,4000.0,0,1,0.0,41.23903894410928,27.669672238969703,87.0
42,4000.0,0,1,0.0,41.23858333333333,27.869722222222233,130.0
46,4000.0,0,1,0.0,41.13002777777777,27.772972222222233,95.0
67,4000.0,0,1,0.0,41.246833333333335,26.6185,18.0
68,4000.0,0,1,0.0,41.785916666666665,27.129277777777766,244.0
52,4000.0,0,1,0.0,41.347248610321216,27.058999491413218,35.0
58,4000.0,0,1,0.0,41.20372411032761,27.49704255080433,73.0
69,4000.0,0,1,0.0,41.34030555555556,27.26763888888889,44.0
70,4000.0,0,1,0.0,41.683166666666665,27.19808333333333,166.0
40,4000.0,0,1,0.0,41.256694444444435,27.73566666666667,106.0
50,4000.0,0,1,0.0,41.36775,27.14011111111111,42.0
2,4000.0,0,1,0.0,41.29263888888889,27.50344444444445,55.0
6,4000.0,0,1,0.0,41.25444444444445,27.45308333333333,56.0
0,4000.0,1,1,0.0,41.252929590363294,27.593766660932044,97.0
14,4000.0,1,1,0.0,41.34457350815388,27.462287555155346,63.0
16,4000.0,1,1,0.0,41.280197659437626,27.95426552841288,148.0
22,4000.0,1,1,0.0,41.1945618975012,27.82472831836432,135.33333333333334
34,4000.0,1,1,0.0,41.395543486596544,27.19601004505991,47.5
28,4000.0,1,1,0.0,41.23903894410928,27.669672238969703,87.0
52,4000.0,1,1,0.0,41.347248610321216,27.058999491413218,35.0
58,4000.0,1,1,0.0,41.20372411032761,27.49704255080433,73.0
0,4000.0,2,1,0.0,41.252929590363294,27.593766660932044,97.0
22,4000.0,2,1,0.0,41.1945618975012,27.82472831836432,135.33333333333334
1,4500.0,0,0,0.0,41.246597009734025,27.596134189169177,93.5
86,4500.0,0,0,0.0,41.060138888888886,27.338777777777768,111.0
16,4500.0,0,0,0.0,41.34363490436582,27.459645736471032,63.0
19,4500.0,0,0,0.0,41.260708378962114,27.9141220685619,142.0
26,4500.0,0,0,0.0,41.188827677736384,27.83048190105018,135.33333333333334
28,4500.0,0,0,0.0,41.35752777777777,27.38741666666667,41.0
42,4500.0,0,0,0.0,41.38830256763945,27.184907041796517,45.66666666666666
32,4500.0,0,0,0.0,41.25315389228243,27.710312161938816,98.5
58,4500.0,0,0,0.0,41.13002777777777,27.772972222222233,95.0
87,4500.0,0,0,0.0,41.246833333333335,26.6185,18.0
88,4500.0,0,0,0.0,41.785916666666665,27.129277777777766,244.0
78,4500.0,0,0,0.0,41.34832817272205,27.05792070150873,35.0
74,4500.0,0,0,0.0,41.19519444444444,27.46575,70.0
62,4500.0,0,0,0.0,41.34030555555556,27.26763888888889,44.0
89,4500.0,0,0,0.0,41.683166666666665,27.19808333333333,166.0
80,4500.0,0,0,0.0,41.25298890032775,27.504714389709353,62.33333333333334
1,4500.0,1,0,0.0,41.246597009734025,27.596134189169177,93.5
16,4500.0,1,0,0.0,41.34363490436582,27.459645736471032,63.0
19,4500.0,1,0,0.0,41.260708378962114,27.9141220685619,142.0
26,4500.0,1,0,0.0,41.188827677736384,27.83048190105018,135.33333333333334
42,4500.0,1,0,0.0,41.38830256763945,27.184907041796517,45.66666666666666
32,4500.0,1,0,0.0,41.25315389228243,27.710312161938816,98.5
78,4500.0,1,0,0.0,41.34832817272205,27.05792070150873,35.0
80,4500.0,1,0,0.0,41.25298890032775,27.504714389709353,62.33333333333334
1,4500.0,2,0,0.0,41.246597009734025,27.596134189169177,93.5
19,4500.0,2,0,0.0,41.260708378962114,27.9141220685619,142.0
26,4500.0,2,0,0.0,41.188827677736384,27.83048190105018,135.33333333333334
42,4500.0,2,0,0.0,41.38830256763945,27.184907041796517,45.66666666666666
80,4500.0,2,0,0.0,41.25298890032775,27.504714389709353,62.33333333333334
1,4500.0,3,0,0.0,41.246597009734025,27.596134189169177,93.5
1,4500.0,0,1,0.0,41.246597009734025,27.596134189169177,93.5
86,4500.0,0,1,0.0,41.060138888888886,27.338777777777768,111.0
16,4500.0,0,1,0.0,41.34363490436582,27.459645736471032,63.0
19,4500.0,0,1,0.0,41.260708378962114,27.9141220685619,142.0
26,4500.0,0,1,0.0,41.188827677736384,27.83048190105018,135.33333333333334
28,4500.0,0,1,0.0,41.35752777777777,27.38741666666667,41.0
42,4500.0,0,1,0.0,41.38830256763945,27.184907041796517,45.66666666666666
32,4500.0,0,1,0.0,41.25315389228243,27.710312161938816,98.5
58,4500.0,0,1,0.0,41.13002777777777,27.772972222222233,95.0
87,4500.0,0,1,0.0,41.246833333333335,26.6185,18.0
88,4500.0,0,1,0.0,41.785916666666665,27.129277777777766,244.0
78,4500.0,0,1,0.0,41.34832817272205,27.05792070150873,35.0
74,4500.0,0,1,0.0,41.19519444444444,27.46575,70.0
62,4500.0,0,1,0.0,41.34030555555556,27.26763888888889,44.0
89,4500.0,0,1,0.0,41.683166666666665,27.19808333333333,166.0
80,4500.0,0,1,0.0,41.25298890032775,27.504714389709353,62.33333333333334
1,4500.0,1,1,0.0,41.246597009734025,27.596134189169177,93.5
16,4500.0,1,1,0.0,41.34363490436582,27.459645736471032,63.0
19,4500.0,1,1,0.0,41.260708378962114,27.9141220685619,142.0
26,4500.0,1,1,0.0,41.188827677736384,27.83048190105018,135.33333333333334
42,4500.0,1,1,0.0,41.38830256763945,27.184907041796517,45.66666666666666
32,4500.0,1,1,0.0,41.25315389228243,27.710312161938816,98.5
78,4500.0,1,1,0.0,41.34832817272205,27.05792070150873,35.0
80,4500.0,1,1,0.0,41.25298890032775,27.504714389709353,62.33333333333334
1,4500.0,2,1,0.0,41.246597009734025,27.596134189169177,93.5
19,4500.0,2,1,0.0,41.260708378962114,27.9141220685619,142.0
26,4500.0,2,1,0.0,41.188827677736384,27.83048190105018,135.33333333333334
42,4500.0,2,1,0.0,41.38830256763945,27.184907041796517,45.66666666666666
80,4500.0,2,1,0.0,41.25298890032775,27.504714389709353,62.33333333333334
1,4500.0,3,1,0.0,41.246597009734025,27.596134189169177,93.5
1,5000.0,0,0,0.0,41.254844851873386,27.59675899298287,93.5
100,5000.0,0,0,0.0,41.060138888888886,27.338777777777768,111.0
17,5000.0,0,0,0.0,41.343872105753405,27.458946403947174,63.0
21,5000.0,0,0,0.0,41.27868482394507,27.951567067607414,148.0
24,5000.0,0,0,0.0,41.20363218407002,27.834473170426268,134.0
32,5000.0,0,0,0.0,41.35752777777777,27.38741666666667,41.0
46,5000.0,0,0,0.0,41.37392356103317,27.229506134943552,46.33333333333334
38,5000.0,0,0,0.0,41.25103892816683,27.709756909566213,98.5
70,5000.0,0,0,0.0,41.13002777777777,27.772972222222233,95.0
101,5000.0,0,0,0.0,41.246833333333335,26.6185,18.0
102,5000.0,0,0,0.0,41.785916666666665,27.129277777777766,244.0
74,5000.0,0,0,0.0,41.36469444444445,27.061805555555555,38.0
88,5000.0,0,0,0.0,41.19519444444444,27.46575,70.0
92,5000.0,0,0,0.0,41.34236111111111,27.038888888888888,32.0
103,5000.0,0,0,0.0,41.683166666666665,27.19808333333333,166.0
50,5000.0,0,0,0.0,41.36775,27.14011111111111,42.0
7,5000.0,0,0,0.0,41.2491731276397,27.510587842550038,62.33333333333334
1,5000.0,1,0,0.0,41.254844851873386,27.59675899298287,93.5
17,5000.0,1,0,0.0,41.343872105753405,27.458946403947174,63.0
21,5000.0,1,0,0.0,41.27868482394507,27.951567067607414,148.0
24,5000.0,1,0,0.0,41.203632184070024,27.834473170426268,134.0
46,5000.0,1,0,0.0,41.37392356103317,27.229506134943552,46.33333333333334
38,5000.0,1,0,0.0,41.25103892816683,27.709756909566213,98.5
7,5000.0,1,0,0.0,41.2491731276397,27.510587842550038,62.33333333333334
1,5000.0,2,0,0.0,41.254844851873386,27.59675899298287,93.5
24,5000.0,2,0,0.0,41.20363218407002,27.834473170426268,134.0
46,5000.0,2,0,0.0,41.37392356103317,27.229506134943552,46.33333333333334
7,5000.0,2,0,0.0,41.2491731276397,27.510587842550038,62.33333333333334
1,5000.0,3,0,0.0,41.254844851873386,27.59675899298287,93.5
24,5000.0,3,0,0.0,41.203632184070024,27.834473170426268,134.0
1,5000.0,0,1,0.0,41.254844851873386,27.59675899298287,93.5
100,5000.0,0,1,0.0,41.060138888888886,27.338777777777768,111.0
17,5000.0,0,1,0.0,41.343872105753405,27.458946403947174,63.0
21,5000.0,0,1,0.0,41.27868482394507,27.951567067607414,148.0
24,5000.0,0,1,0.0,41.20363218407002,27.834473170426268,134.0
32,5000.0,0,1,0.0,41.35752777777777,27.38741666666667,41.0
46,5000.0,0,1,0.0,41.37392356103317,27.229506134943552,46.33333333333334
38,5000.0,0,1,0.0,41.25103892816683,27.709756909566213,98.5
70,5000.0,0,1,0.0,41.13002777777777,27.772972222222233,95.0
101,5000.0,0,1,0.0,41.246833333333335,26.6185,18.0
102,5000.0,0,1,0.0,41.785916666666665,27.129277777777766,244.0
88,5000.0,0,1,0.0,41.19519444444444,27.46575,70.0
103,5000.0,0,1,0.0,41.683166666666665,27.19808333333333,166.0
50,5000.0,0,1,0.0,41.36775,27.14011111111111,42.0
7,5000.0,0,1,0.0,41.2491731276397,27.510587842550038,62.33333333333334
1,5000.0,1,1,0.0,41.254844851873386,27.59675899298287,93.5
17,5000.0,1,1,0.0,41.343872105753405,27.458946403947174,63.0
21,5000.0,1,1,0.0,41.27868482394507,27.951567067607414,148.0
24,5000.0,1,1,0.0,41.203632184070024,27.834473170426268,134.0
46,5000.0,1,1,0.0,41.37392356103317,27.229506134943552,46.33333333333334
38,5000.0,1,1,0.0,41.25103892816683,27.709756909566213,98.5
7,5000.0,1,1,0.0,41.2491731276397,27.510587842550038,62.33333333333334
1,5000.0,2,1,0.0,41.254844851873386,27.59675899298287,93.5
24,5000.0,2,1,0.0,41.20363218407002,27.834473170426268,134.0
46,5000.0,2,1,0.0,41.37392356103317,27.229506134943552,46.33333333333334
7,5000.0,2,1,0.0,41.2491731276397,27.510587842550038,62.33333333333334
1,5000.0,3,1,0.0,41.254844851873386,27.59675899298287,93.5
24,5000.0,3,1,0.0,41.203632184070024,27.834473170426268,134.0
45,5500.0,0,0,0.0,41.24376133005796,27.580317607655605,90.0
112,5500.0,0,0,0.0,41.060138888888886,27.338777777777768,111.0
21,5500.0,0,0,0.0,41.34280555555557,27.456888888888887,57.0
25,5500.0,0,0,0.0,41.278935535566546,27.95440999216454,148.0
28,5500.0,0,0,0.0,41.203684479774616,27.834412155746865,134.0
0,5500.0,0,0,0.0,41.29645276568645,27.467840671283657,60.0
38,5500.0,0,0,0.0,41.35752777777777,27.38741666666667,41.0
56,5500.0,0,0,0.0,41.3775598853649,27.230199466305407,46.33333333333334
44,5500.0,0,0,0.0,41.251427814263344,27.711219816646622,98.5
80,5500.0,0,0,0.0,41.13002777777777,27.772972222222233,95.0
113,5500.0,0,0,0.0,41.246833333333335,26.6185,18.0
114,5500.0,0,0,0.0,41.785916666666665,27.129277777777766,244.0
86,5500.0,0,0,0.0,41.36469444444445,27.061805555555555,38.0
9,5500.0,0,0,0.0,41.19519444444444,27.46575,70.0
104,5500.0,0,0,0.0,41.34236111111111,27.038888888888888,32.0
115,5500.0,0,0,0.0,41.683166666666665,27.19808333333333,166.0
57,5500.0,0,0,0.0,41.36775,27.14011111111111,42.0
45,5500.0,1,0,0.0,41.24376133005796,27.580317607655605,90.0
25,5500.0,1,0,0.0,41.278935535566546,27.95440999216454,148.0
28,5500.0,1,0,0.0,41.203684479774616,27.834412155746865,134.0
0,5500.0,1,0,0.0,41.29645276568645,27.467840671283657,60.0
56,5500.0,1,0,0.0,41.3775598853649,27.230199466305407,46.33333333333334
44,5500.0,1,0,0.0,41.251427814263344,27.711219816646622,98.5
45,5500.0,2,0,0.0,41.24376133005796,27.580317607655605,90.0
28,5500.0,2,0,0.0,41.203684479774616,27.834412155746865,134.0
0,5500.0,2,0,0.0,41.29645276568645,27.467840671283657,60.0
56,5500.0,2,0,0.0,41.3775598853649,27.230199466305407,46.33333333333334
45,5500.0,3,0,0.0,41.24376133005796,27.580317607655605,90.0
28,5500.0,3,0,0.0,41.203684479774616,27.834412155746865,134.0
45,5500.0,0,1,0.0,41.24376133005796,27.580317607655605,90.0
112,5500.0,0,1,0.0,41.060138888888886,27.338777777777768,111.0
25,5500.0,0,1,0.0,41.278935535566546,27.95440999216454,148.0
28,5500.0,0,1,0.0,41.203684479774616,27.834412155746865,134.0
0,5500.0,0,1,0.0,41.29645276568645,27.467840671283657,60.0
38,5500.0,0,1,0.0,41.35752777777777,27.38741666666667,41.0
56,5500.0,0,1,0.0,41.3775598853649,27.230199466305407,46.33333333333334
44,5500.0,0,1,0.0,41.251427814263344,27.711219816646622,98.5
80,5500.0,0,1,0.0,41.13002777777777,27.772972222222233,95.0
113,5500.0,0,1,0.0,41.246833333333335,26.6185,18.0
114,5500.0,0,1,0.0,41.785916666666665,27.129277777777766,244.0
9,5500.0,0,1,0.0,41.19519444444444,27.46575,70.0
115,5500.0,0,1,0.0,41.683166666666665,27.19808333333333,166.0
57,5500.0,0,1,0.0,41.36775,27.14011111111111,42.0
45,5500.0,1,1,0.0,41.24376133005796,27.580317607655605,90.0
25,5500.0,1,1,0.0,41.278935535566546,27.95440999216454,148.0
28,5500.0,1,1,0.0,41.203684479774616,27.834412155746865,134.0
0,5500.0,1,1,0.0,41.29645276568645,27.467840671283657,60.0
56,5500.0,1,1,0.0,41.3775598853649,27.230199466305407,46.33333333333334
44,5500.0,1,1,0.0,41.251427814263344,27.711219816646622,98.5
45,5500.0,2,1,0.0,41.24376133005796,27.580317607655605,90.0
28,5500.0,2,1,0.0,41.203684479774616,27.834412155746865,134.0
0,5500.0,2,1,0.0,41.29645276568645,27.467840671283657,60.0
56,5500.0,2,1,0.0,41.3775598853649,27.230199466305407,46.33333333333334
45,5500.0,3,1,0.0,41.24376133005796,27.580317607655605,90.0
28,5500.0,3,1,0.0,41.203684479774616,27.834412155746865,134.0
0,6000.0,0,0,0.0,41.29656039817732,27.49497815707068,64.0
136,6000.0,0,0,0.0,41.060138888888886,27.338777777777768,111.0
29,6000.0,0,0,0.0,41.250096472753675,27.904495202563723,144.0
34,6000.0,0,0,0.0,41.187532654203316,27.801216942953328,128.0
8,6000.0,0,0,0.0,41.25447108399916,27.63111368235853,95.5
44,6000.0,0,0,0.0,41.35752777777777,27.38741666666667,41.0
69,6000.0,0,0,0.0,41.368051366223774,27.2091687826058,45.25
100,6000.0,0,0,0.0,41.13002777777777,27.772972222222233,95.0
137,6000.0,0,0,0.0,41.246833333333335,26.6185,18.0
138,6000.0,0,0,0.0,41.785916666666665,27.129277777777766,244.0
104,6000.0,0,0,0.0,41.352014887111906,27.054031969114064,35.0
13,6000.0,0,0,0.0,41.204618317526815,27.49485312589417,73.0
139,6000.0,0,0,0.0,41.683166666666665,27.19808333333333,166.0
52,6000.0,0,0,0.0,41.256694444444435,27.73566666666667,106.0
0,6000.0,1,0,0.0,41.29656039817732,27.49497815707068,64.0
29,6000.0,1,0,0.0,41.250096472753675,27.904495202563723,144.0
34,6000.0,1,0,0.0,41.187532654203316,27.801216942953328,128.0
8,6000.0,1,0,0.0,41.25447108399916,27.63111368235853,95.5
69,6000.0,1,0,0.0,41.368051366223774,27.2091687826058,45.25
104,6000.0,1,0,0.0,41.352014887111906,27.054031969114064,35.0
13,6000.0,1,0,0.0,41.204618317526815,27.49485312589417,73.0
0,6000.0,2,0,0.0,41.29656039817732,27.49497815707068,64.0
29,6000.0,2,0,0.0,41.250096472753675,27.904495202563723,144.0
8,6000.0,2,0,0.0,41.25447108399916,27.63111368235853,95.5
69,6000.0,2,0,0.0,41.368051366223774,27.2091687826058,45.25
0,6000.0,3,0,0.0,41.29656039817732,27.49497815707068,64.0
29,6000.0,3,0,0.0,41.250096472753675,27.904495202563723,144.0
8,6000.0,3,0,0.0,41.25447108399916,27.63111368235853,95.5
69,6000.0,3,0,0.0,41.368051366223774,27.2091687826058,45.25
0,6000.0,0,1,0.0,41.29656039817732,27.49497815707068,64.0
136,6000.0,0,1,0.0,41.060138888888886,27.338777777777768,111.0
29,6000.0,0,1,0.0,41.250096472753675,27.904495202563723,144.0
34,6000.0,0,1,0.0,41.187532654203316,27.801216942953328,128.0
8,6000.0,0,1,0.0,41.25447108399916,27.63111368235853,95.5
44,6000.0,0,1,0.0,41.35752777777777,27.38741666666667,41.0
69,6000.0,0,1,0.0,41.368051366223774,27.2091687826058,45.25
100,6000.0,0,1,0.0,41.13002777777777,27.772972222222233,95.0
137,6000.0,0,1,0.0,41.246833333333335,26.6185,18.0
138,6000.0,0,1,0.0,41.785916666666665,27.129277777777766,244.0
104,6000.0,0,1,0.0,41.352014887111906,27.054031969114064,35.0
13,6000.0,0,1,0.0,41.204618317526815,27.49485312589417,73.0
139,6000.0,0,1,0.0,41.683166666666665,27.19808333333333,166.0
52,6000.0,0,1,0.0,41.256694444444435,27.73566666666667,106.0
0,6000.0,1,1,0.0,41.29656039817732,27.49497815707068,64.0
29,6000.0,1,1,0.0,41.250096472753675,27.904495202563723,144.0
34,6000.0,1,1,0.0,41.187532654203316,27.801216942953328,128.0
8,6000.0,1,1,0.0,41.25447108399916,27.63111368235853,95.5
69,6000.0,1,1,0.0,41.368051366223774,27.2091687826058,45.25
104,6000.0,1,1,0.0,41.352014887111906,27.054031969114064,35.0
13,6000.0,1,1,0.0,41.204618317526815,27.49485312589417,73.0
0,6000.0,2,1,0.0,41.29656039817732,27.49497815707068,64.0
29,6000.0,2,1,0.0,41.250096472753675,27.904495202563723,144.0
8,6000.0,2,1,0.0,41.25447108399916,27.63111368235853,95.5
69,6000.0,2,1,0.0,41.368051366223774,27.2091687826058,45.25
0,6000.0,3,1,0.0,41.29656039817732,27.49497815707068,64.0
29,6000.0,3,1,0.0,41.250096472753675,27.904495202563723,144.0
8,6000.0,3,1,0.0,41.25447108399916,27.63111368235853,95.5
69,6000.0,3,1,0.0,41.368051366223774,27.2091687826058,45.25
0,6500.0,0,0,0.0,41.298142475489186,27.4956869876485,64.0
152,6500.0,0,0,0.0,41.060138888888886,27.338777777777768,111.0
31,6500.0,0,0,0.0,41.28057020175059,27.95360645864657,148.0
38,6500.0,0,0,0.0,41.22790568838045,27.795661865430226,128.4
8,6500.0,0,0,0.0,41.24558053875325,27.65518468877927,93.66666666666669
71,6500.0,0,0,0.0,41.35752777777777,27.38741666666667,41.0
77,6500.0,0,0,0.0,41.36109370730495,27.217828613875607,45.25
110,6500.0,0,0,0.0,41.13002777777777,27.772972222222233,95.0
153,6500.0,0,0,0.0,41.246833333333335,26.6185,18.0
120,6500.0,0,0,0.0,41.73454602974362,27.163709101299826,205.0
114,6500.0,0,0,0.0,41.3547128383044,27.05580884684934,35.0
1,6500.0,0,0,0.0,41.27711111111111,27.582555555555555,101.0
13,6500.0,0,0,0.0,41.19519444444444,27.46575,70.0
11,6500.0,0,0,0.0,41.21675000000001,27.52633333333333,76.0
0,6500.0,1,0,0.0,41.298142475489186,27.4956869876485,64.0
31,6500.0,1,0,0.0,41.28057020175059,27.95360645864657,148.0
38,6500.0,1,0,0.0,41.22790568838045,27.795661865430226,128.4
8,6500.0,1,0,0.0,41.24558053875325,27.65518468877927,93.66666666666669
77,6500.0,1,0,0.0,41.36109370730495,27.217828613875607,45.25
120,6500.0,1,0,0.0,41.73454602974362,27.163709101299826,205.0
114,6500.0,1,0,0.0,41.3547128383044,27.05580884684934,35.0
0,6500.0,2,0,0.0,41.298142475489186,27.4956869876485,64.0
38,6500.0,2,0,0.0,41.22790568838045,27.795661865430226,128.4
8,6500.0,2,0,0.0,41.24558053875325,27.65518468877927,93.66666666666669
77,6500.0,2,0,0.0,41.36109370730495,27.217828613875607,45.25
0,6500.0,3,0,0.0,41.298142475489186,27.4956869876485,64.0
38,6500.0,3,0,0.0,41.22790568838045,27.795661865430226,128.4
77,6500.0,3,0,0.0,41.36109370730495,27.217828613875607,45.25
0,6500.0,0,1,0.0,41.298142475489186,27.4956869876485,64.0
152,6500.0,0,1,0.0,41.060138888888886,27.338777777777768,111.0
31,6500.0,0,1,0.0,41.28057020175059,27.95360645864657,148.0
38,6500.0,0,1,0.0,41.22790568838045,27.795661865430226,128.4
8,6500.0,0,1,0.0,41.24558053875325,27.65518468877927,93.66666666666669
71,6500.0,0,1,0.0,41.35752777777777,27.38741666666667,41.0
77,6500.0,0,1,0.0,41.36109370730495,27.217828613875607,45.25
110,6500.0,0,1,0.0,41.13002777777777,27.772972222222233,95.0
153,6500.0,0,1,0.0,41.246833333333335,26.6185,18.0
120,6500.0,0,1,0.0,41.73454602974362,27.163709101299826,205.0
114,6500.0,0,1,0.0,41.3547128383044,27.05580884684934,35.0
1,6500.0,0,1,0.0,41.27711111111111,27.582555555555555,101.0
0,6500.0,1,1,0.0,41.298142475489186,27.4956869876485,64.0
31,6500.0,1,1,0.0,41.28057020175059,27.95360645864657,148.0
38,6500.0,1,1,0.0,41.22790568838045,27.795661865430226,128.4
8,6500.0,1,1,0.0,41.24558053875325,27.65518468877927,93.66666666666669
77,6500.0,1,1,0.0,41.36109370730495,27.217828613875607,45.25
120,6500.0,1,1,0.0,41.73454602974362,27.163709101299826,205.0
114,6500.0,1,1,0.0,41.3547128383044,27.05580884684934,35.0
0,6500.0,2,1,0.0,41.298142475489186,27.4956869876485,64.0
38,6500.0,2,1,0.0,41.22790568838045,27.795661865430226,128.4
8,6500.0,2,1,0.0,41.24558053875325,27.65518468877927,93.66666666666669
77,6500.0,2,1,0.0,41.36109370730495,27.217828613875607,45.25
0,6500.0,3,1,0.0,41.298142475489186,27.4956869876485,64.0
38,6500.0,3,1,0.0,41.22790568838045,27.795661865430226,128.4
77,6500.0,3,1,0.0,41.36109370730495,27.217828613875607,45.25
9,7000.0,0,0,0.0,41.23233122751038,27.604618269412946,90.16666666666669
160,7000.0,0,0,0.0,41.060138888888886,27.338777777777768,111.0
25,7000.0,0,0,0.0,41.29536936933122,27.46777485836943,59.25
31,7000.0,0,0,0.0,41.280422027935295,27.954484288077367,148.0
44,7000.0,0,0,0.0,41.23081340601418,27.791204803348307,128.4
73,7000.0,0,0,0.0,41.35752777777777,27.38741666666667,41.0
79,7000.0,0,0,0.0,41.35891100981689,27.212331607999946,45.25
116,7000.0,0,0,0.0,41.13002777777777,27.772972222222233,95.0
161,7000.0,0,0,0.0,41.246833333333335,26.6185,18.0
126,7000.0,0,0,0.0,41.730183164576005,27.14556450946252,205.0
120,7000.0,0,0,0.0,41.356756705184615,27.05623012220493,35.0
133,7000.0,0,0,0.0,41.19519444444444,27.46575,70.0
9,7000.0,1,0,0.0,41.23233122751038,27.604618269412946,90.16666666666669
25,7000.0,1,0,0.0,41.29536936933122,27.46777485836943,59.25
31,7000.0,1,0,0.0,41.280422027935295,27.954484288077367,148.0
44,7000.0,1,0,0.0,41.23081340601418,27.791204803348307,128.4
79,7000.0,1,0,0.0,41.35891100981689,27.212331607999946,45.25
126,7000.0,1,0,0.0,41.730183164576005,27.14556450946252,205.0
120,7000.0,1,0,0.0,41.356756705184615,27.05623012220493,35.0
9,7000.0,2,0,0.0,41.23233122751038,27.604618269412946,90.16666666666669
25,7000.0,2,0,0.0,41.29536936933122,27.46777485836943,59.25
44,7000.0,2,0,0.0,41.23081340601418,27.791204803348307,128.4
79,7000.0,2,0,0.0,41.35891100981689,27.212331607999946,45.25
9,7000.0,3,0,0.0,41.23233122751038,27.604618269412946,90.16666666666669
25,7000.0,3,0,0.0,41.29536936933122,27.46777485836943,59.25
44,7000.0,3,0,0.0,41.23081340601418,27.791204803348307,128.4
79,7000.0,3,0,0.0,41.35891100981689,27.212331607999946,45.25
9,7000.0,0,1,0.0,41.23233122751038,27.604618269412946,90.16666666666669
160,7000.0,0,1,0.0,41.060138888888886,27.338777777777768,111.0
25,7000.0,0,1,0.0,41.29536936933122,27.46777485836943,59.25
31,7000.0,0,1,0.0,41.280422027935295,27.954484288077367,148.0
44,7000.0,0,1,0.0,41.23081340601418,27.791204803348307,128.4
73,7000.0,0,1,0.0,41.35752777777777,27.38741666666667,41.0
79,7000.0,0,1,0.0,41.35891100981689,27.212331607999946,45.25
116,7000.0,0,1,0.0,41.13002777777777,27.772972222222233,95.0
161,7000.0,0,1,0.0,41.246833333333335,26.6185,18.0
126,7000.0,0,1,0.0,41.730183164576005,27.14556450946252,205.0
120,7000.0,0,1,0.0,41.356756705184615,27.05623012220493,35.0
133,7000.0,0,1,0.0,41.19519444444444,27.46575,70.0
9,7000.0,1,1,0.0,41.23233122751038,27.604618269412946,90.16666666666669
25,7000.0,1,1,0.0,41.29536936933122,27.46777485836943,59.25
31,7000.0,1,1,0.0,41.280422027935295,27.954484288077367,148.0
44,7000.0,1,1,0.0,41.23081340601418,27.791204803348307,128.4
79,7000.0,1,1,0.0,41.35891100981689,27.212331607999946,45.25
126,7000.0,1,1,0.0,41.730183164576005,27.14556450946252,205.0
120,7000.0,1,1,0.0,41.356756705184615,27.05623012220493,35.0
9,7000.0,2,1,0.0,41.23233122751038,27.604618269412946,90.16666666666669
25,7000.0,2,1,0.0,41.29536936933122,27.46777485836943,59.25
44,7000.0,2,1,0.0,41.23081340601418,27.791204803348307,128.4
79,7000.0,2,1,0.0,41.35891100981689,27.212331607999946,45.25
9,7000.0,3,1,0.0,41.23233122751038,27.604618269412946,90.16666666666669
25,7000.0,3,1,0.0,41.29536936933122,27.46777485836943,59.25
44,7000.0,3,1,0.0,41.23081340601418,27.791204803348307,128.4
79,7000.0,3,1,0.0,41.35891100981689,27.212331607999946,45.25
11,7500.0,0,0,0.0,41.228025007090174,27.60531187472921,90.16666666666669
170,7500.0,0,0,0.0,41.060138888888886,27.338777777777768,111.0
25,7500.0,0,0,0.0,41.296754920995795,27.469626899417467,59.25
31,7500.0,0,0,0.0,41.28042911555684,27.95659610750905,148.0
46,7500.0,0,0,0.0,41.22942923959521,27.790187749347638,128.4
75,7500.0,0,0,0.0,41.35752777777777,27.38741666666667,41.0
80,7500.0,0,0,0.0,41.391469017383095,27.140590770739824,43.75
98,7500.0,0,0,0.0,41.13002777777777,27.772972222222233,95.0
171,7500.0,0,0,0.0,41.246833333333335,26.6185,18.0
136,7500.0,0,0,0.0,41.73314902341685,27.149373687434892,205.0
143,7500.0,0,0,0.0,41.19519444444444,27.46575,70.0
130,7500.0,0,0,0.0,41.34236111111111,27.038888888888888,32.0
83,7500.0,0,0,0.0,41.34030555555556,27.26763888888889,44.0
11,7500.0,1,0,0.0,41.228025007090174,27.60531187472921,90.16666666666669
25,7500.0,1,0,0.0,41.296754920995795,27.469626899417467,59.25
31,7500.0,1,0,0.0,41.28042911555684,27.95659610750905,148.0
46,7500.0,1,0,0.0,41.22942923959521,27.790187749347638,128.4
80,7500.0,1,0,0.0,41.391469017383095,27.140590770739824,43.75
136,7500.0,1,0,0.0,41.73314902341685,27.149373687434892,205.0
11,7500.0,2,0,0.0,41.228025007090174,27.60531187472921,90.16666666666669
25,7500.0,2,0,0.0,41.296754920995795,27.469626899417467,59.25
46,7500.0,2,0,0.0,41.22942923959521,27.790187749347638,128.4
80,7500.0,2,0,0.0,41.391469017383095,27.140590770739824,43.75
11,7500.0,3,0,0.0,41.228025007090174,27.60531187472921,90.16666666666669
25,7500.0,3,0,0.0,41.296754920995795,27.469626899417467,59.25
46,7500.0,3,0,0.0,41.22942923959521,27.790187749347638,128.4
80,7500.0,3,0,0.0,41.391469017383095,27.140590770739824,43.75
11,7500.0,0,1,0.0,41.228025007090174,27.60531187472921,90.16666666666669
170,7500.0,0,1,0.0,41.060138888888886,27.338777777777768,111.0
25,7500.0,0,1,0.0,41.296754920995795,27.469626899417467,59.25
31,7500.0,0,1,0.0,41.28042911555684,27.95659610750905,148.0
46,7500.0,0,1,0.0,41.22942923959521,27.790187749347638,128.4
75,7500.0,0,1,0.0,41.35752777777777,27.38741666666667,41.0
80,7500.0,0,1,0.0,41.391469017383095,27.140590770739824,43.75
98,7500.0,0,1,0.0,41.13002777777777,27.772972222222233,95.0
171,7500.0,0,1,0.0,41.246833333333335,26.6185,18.0
136,7500.0,0,1,0.0,41.73314902341685,27.149373687434892,205.0
143,7500.0,0,1,0.0,41.19519444444444,27.46575,70.0
130,7500.0,0,1,0.0,41.34236111111111,27.038888888888888,32.0
83,7500.0,0,1,0.0,41.34030555555556,27.26763888888889,44.0
11,7500.0,1,1,0.0,41.228025007090174,27.60531187472921,90.16666666666669
25,7500.0,1,1,0.0,41.296754920995795,27.469626899417467,59.25
31,7500.0,1,1,0.0,41.28042911555684,27.95659610750905,148.0
46,7500.0,1,1,0.0,41.22942923959521,27.790187749347638,128.4
80,7500.0,1,1,0.0,41.391469017383095,27.140590770739824,43.75
136,7500.0,1,1,0.0,41.73314902341685,27.149373687434892,205.0
11,7500.0,2,1,0.0,41.228025007090174,27.60531187472921,90.16666666666669
25,7500.0,2,1,0.0,41.296754920995795,27.469626899417467,59.25
46,7500.0,2,1,0.0,41.22942923959521,27.790187749347638,128.4
80,7500.0,2,1,0.0,41.391469017383095,27.140590770739824,43.75
11,7500.0,3,1,0.0,41.228025007090174,27.60531187472921,90.16666666666669
25,7500.0,3,1,0.0,41.296754920995795,27.469626899417467,59.25
46,7500.0,3,1,0.0,41.22942923959521,27.790187749347638,128.4
80,7500.0,3,1,0.0,41.391469017383095,27.140590770739824,43.75
27,8000.0,0,0,0.0,41.284036753382935,27.504627849935236,71.0
194,8000.0,0,0,0.0,41.060138888888886,27.338777777777768,111.0
37,8000.0,0,0,0.0,41.28009370740885,27.95713158361584,148.0
45,8000.0,0,0,0.0,41.204686811775645,27.833989895360908,134.0
11,8000.0,0,0,0.0,41.24649082177263,27.65210312888072,93.66666666666669
89,8000.0,0,0,0.0,41.35752777777777,27.38741666666667,41.0
94,8000.0,0,0,0.0,41.39269863762974,27.13995772847389,43.75
104,8000.0,0,0,0.0,41.13002777777777,27.772972222222233,95.0
195,8000.0,0,0,0.0,41.246833333333335,26.6185,18.0
160,8000.0,0,0,0.0,41.73746476022139,27.15769430431169,205.0
61,8000.0,0,0,0.0,41.19519444444444,27.46575,70.0
152,8000.0,0,0,0.0,41.34236111111111,27.038888888888888,32.0
97,8000.0,0,0,0.0,41.34030555555556,27.26763888888889,44.0
14,8000.0,0,0,0.0,41.256694444444435,27.73566666666667,106.0
27,8000.0,1,0,0.0,41.284036753382935,27.504627849935236,71.0
37,8000.0,1,0,0.0,41.28009370740885,27.95713158361584,148.0
45,8000.0,1,0,0.0,41.204686811775645,27.833989895360908,134.0
11,8000.0,1,0,0.0,41.24649082177263,27.65210312888072,93.66666666666669
94,8000.0,1,0,0.0,41.39269863762974,27.13995772847389,43.75
160,8000.0,1,0,0.0,41.73746476022139,27.15769430431169,205.0
27,8000.0,2,0,0.0,41.284036753382935,27.504627849935236,71.0
45,8000.0,2,0,0.0,41.204686811775645,27.833989895360908,134.0
11,8000.0,2,0,0.0,41.24649082177263,27.65210312888072,93.66666666666669
94,8000.0,2,0,0.0,41.39269863762974,27.13995772847389,43.75
27,8000.0,3,0,0.0,41.284036753382935,27.504627849935236,71.0
45,8000.0,3,0,0.0,41.204686811775645,27.833989895360908,134.0
94,8000.0,3,0,0.0,41.39269863762974,27.13995772847389,43.75
27,8000.0,0,1,0.0,41.284036753382935,27.504627849935236,71.0
194,8000.0,0,1,0.0,41.060138888888886,27.338777777777768,111.0
37,8000.0,0,1,0.0,41.28009370740885,27.95713158361584,148.0
45,8000.0,0,1,0.0,41.204686811775645,27.833989895360908,134.0
11,8000.0,0,1,0.0,41.24649082177263,27.65210312888072,93.66666666666669
89,8000.0,0,1,0.0,41.35752777777777,27.38741666666667,41.0
94,8000.0,0,1,0.0,41.39269863762974,27.13995772847389,43.75
104,8000.0,0,1,0.0,41.13002777777777,27.772972222222233,95.0
195,8000.0,0,1,0.0,41.246833333333335,26.6185,18.0
160,8000.0,0,1,0.0,41.73746476022139,27.15769430431169,205.0
61,8000.0,0,1,0.0,41.19519444444444,27.46575,70.0
152,8000.0,0,1,0.0,41.34236111111111,27.038888888888888,32.0
97,8000.0,0,1,0.0,41.34030555555556,27.26763888888889,44.0
27,8000.0,1,1,0.0,41.284036753382935,27.504627849935236,71.0
37,8000.0,1,1,0.0,41.28009370740885,27.95713158361584,148.0
45,8000.0,1,1,0.0,41.204686811775645,27.833989895360908,134.0
11,8000.0,1,1,0.0,41.24649082177263,27.65210312888072,93.66666666666669
94,8000.0,1,1,0.0,41.39269863762974,27.13995772847389,43.75
160,8000.0,1,1,0.0,41.73746476022139,27.15769430431169,205.0
27,8000.0,2,1,0.0,41.284036753382935,27.504627849935236,71.0
45,8000.0,2,1,0.0,41.204686811775645,27.833989895360908,134.0
11,8000.0,2,1,0.0,41.24649082177263,27.65210312888072,93.66666666666669
94,8000.0,2,1,0.0,41.39269863762974,27.13995772847389,43.75
27,8000.0,3,1,0.0,41.284036753382935,27.504627849935236,71.0
45,8000.0,3,1,0.0,41.204686811775645,27.833989895360908,134.0
94,8000.0,3,1,0.0,41.39269863762974,27.13995772847389,43.75
27,8500.0,0,0,0.0,41.2697546528919,27.483403053985054,70.875
208,8500.0,0,0,0.0,41.060138888888886,27.338777777777768,111.0
39,8500.0,0,0,0.0,41.28002610500267,27.95648202240271,148.0
51,8500.0,0,0,0.0,41.20504562288015,27.831682048411746,134.0
77,8500.0,0,0,0.0,41.249442916841566,27.63514143905829,95.0
64,8500.0,0,0,0.0,41.35752777777777,27.38741666666667,41.0
102,8500.0,0,0,0.0,41.388702041430065,27.142513006462607,43.75
139,8500.0,0,0,0.0,41.242194444444436,27.684361111111112,91.0
112,8500.0,0,0,0.0,41.13002777777777,27.772972222222233,95.0
209,8500.0,0,0,0.0,41.246833333333335,26.6185,18.0
174,8500.0,0,0,0.0,41.7348603823797,27.15581601054769,205.0
166,8500.0,0,0,0.0,41.34236111111111,27.038888888888888,32.0
105,8500.0,0,0,0.0,41.34030555555556,27.26763888888889,44.0
14,8500.0,0,0,0.0,41.256694444444435,27.73566666666667,106.0
27,8500.0,1,0,0.0,41.2697546528919,27.483403053985054,70.875
39,8500.0,1,0,0.0,41.28002610500267,27.95648202240271,148.0
51,8500.0,1,0,0.0,41.20504562288015,27.831682048411746,134.0
77,8500.0,1,0,0.0,41.249442916841566,27.63514143905829,95.0
102,8500.0,1,0,0.0,41.388702041430065,27.142513006462607,43.75
174,8500.0,1,0,0.0,41.7348603823797,27.15581601054769,205.0
27,8500.0,2,0,0.0,41.2697546528919,27.483403053985054,70.875
51,8500.0,2,0,0.0,41.20504562288015,27.831682048411746,134.0
102,8500.0,2,0,0.0,41.388702041430065,27.142513006462607,43.75
27,8500.0,3,0,0.0,41.2697546528919,27.483403053985054,70.875
51,8500.0,3,0,0.0,41.20504562288015,27.831682048411746,134.0
102,8500.0,3,0,0.0,41.388702041430065,27.142513006462607,43.75
27,8500.0,0,1,0.0,41.2697546528919,27.483403053985054,70.875
208,8500.0,0,1,0.0,41.060138888888886,27.338777777777768,111.0
39,8500.0,0,1,0.0,41.28002610500267,27.95648202240271,148.0
51,8500.0,0,1,0.0,41.20504562288015,27.831682048411746,134.0
64,8500.0,0,1,0.0,41.35752777777777,27.38741666666667,41.0
102,8500.0,0,1,0.0,41.388702041430065,27.142513006462607,43.75
112,8500.0,0,1,0.0,41.13002777777777,27.772972222222233,95.0
209,8500.0,0,1,0.0,41.246833333333335,26.6185,18.0
174,8500.0,0,1,0.0,41.7348603823797,27.15581601054769,205.0
166,8500.0,0,1,0.0,41.34236111111111,27.038888888888888,32.0
105,8500.0,0,1,0.0,41.34030555555556,27.26763888888889,44.0
27,8500.0,1,1,0.0,41.2697546528919,27.483403053985054,70.875
39,8500.0,1,1,0.0,41.28002610500267,27.95648202240271,148.0
51,8500.0,1,1,0.0,41.20504562288015,27.831682048411746,134.0
77,8500.0,1,1,0.0,41.249442916841566,27.63514143905829,95.0
102,8500.0,1,1,0.0,41.388702041430065,27.142513006462607,43.75
174,8500.0,1,1,0.0,41.7348603823797,27.15581601054769,205.0
27,8500.0,2,1,0.0,41.2697546528919,27.483403053985054,70.875
51,8500.0,2,1,0.0,41.20504562288015,27.831682048411746,134.0
102,8500.0,2,1,0.0,41.388702041430065,27.142513006462607,43.75
27,8500.0,3,1,0.0,41.2697546528919,27.483403053985054,70.875
51,8500.0,3,1,0.0,41.20504562288015,27.831682048411746,134.0
102,8500.0,3,1,0.0,41.388702041430065,27.142513006462607,43.75
27,9000.0,0,0,0.0,41.29020625121675,27.538417894429283,75.5
224,9000.0,0,0,0.0,41.060138888888886,27.338777777777768,111.0
43,9000.0,0,0,0.0,41.28095148029843,27.95761990715829,148.0
141,9000.0,0,0,0.0,41.209301989224365,27.772126673487676,118.28571428571428
6,9000.0,0,0,0.0,41.35752777777777,27.38741666666667,41.0
114,9000.0,0,0,0.0,41.35677684939849,27.163148648492136,43.8
85,9000.0,0,0,0.0,41.22958333333335,27.64325,83.0
225,9000.0,0,0,0.0,41.246833333333335,26.6185,18.0
188,9000.0,0,0,0.0,41.73295566151479,27.155156787462825,205.0
31,9000.0,0,0,0.0,41.19519444444444,27.46575,70.0
116,9000.0,0,0,0.0,41.34236111111111,27.038888888888888,32.0
27,9000.0,1,0,0.0,41.29020625121675,27.538417894429283,75.5
43,9000.0,1,0,0.0,41.28095148029843,27.95761990715829,148.0
141,9000.0,1,0,0.0,41.209301989224365,27.772126673487676,118.28571428571428
114,9000.0,1,0,0.0,41.35677684939849,27.163148648492136,43.8
188,9000.0,1,0,0.0,41.73295566151479,27.155156787462825,205.0
27,9000.0,2,0,0.0,41.29020625121675,27.538417894429283,75.5
141,9000.0,2,0,0.0,41.209301989224365,27.772126673487676,118.28571428571428
114,9000.0,2,0,0.0,41.35677684939849,27.163148648492136,43.8
27,9000.0,3,0,0.0,41.29020625121675,27.538417894429283,75.5
141,9000.0,3,0,0.0,41.209301989224365,27.772126673487676,118.28571428571428
114,9000.0,3,0,0.0,41.35677684939849,27.163148648492136,43.8
27,9000.0,0,1,0.0,41.29020625121675,27.538417894429283,75.5
224,9000.0,0,1,0.0,41.060138888888886,27.338777777777768,111.0
43,9000.0,0,1,0.0,41.28095148029843,27.95761990715829,148.0
141,9000.0,0,1,0.0,41.209301989224365,27.772126673487676,118.28571428571428
6,9000.0,0,1,0.0,41.35752777777777,27.38741666666667,41.0
114,9000.0,0,1,0.0,41.35677684939849,27.163148648492136,43.8
85,9000.0,0,1,0.0,41.22958333333335,27.64325,83.0
225,9000.0,0,1,0.0,41.246833333333335,26.6185,18.0
188,9000.0,0,1,0.0,41.73295566151479,27.155156787462825,205.0
31,9000.0,0,1,0.0,41.19519444444444,27.46575,70.0
116,9000.0,0,1,0.0,41.34236111111111,27.038888888888888,32.0
27,9000.0,1,1,0.0,41.29020625121675,27.538417894429283,75.5
43,9000.0,1,1,0.0,41.28095148029843,27.95761990715829,148.0
141,9000.0,1,1,0.0,41.209301989224365,27.772126673487676,118.28571428571428
114,9000.0,1,1,0.0,41.35677684939849,27.163148648492136,43.8
188,9000.0,1,1,0.0,41.73295566151479,27.155156787462825,205.0
27,9000.0,2,1,0.0,41.29020625121675,27.538417894429283,75.5
141,9000.0,2,1,0.0,41.209301989224365,27.772126673487676,118.28571428571428
114,9000.0,2,1,0.0,41.35677684939849,27.163148648492136,43.8
27,9000.0,3,1,0.0,41.29020625121675,27.538417894429283,75.5
141,9000.0,3,1,0.0,41.209301989224365,27.772126673487676,118.28571428571428
114,9000.0,3,1,0.0,41.35677684939849,27.163148648492136,43.8
29,9500.0,0,0,0.0,41.292095245403104,27.54109794105431,75.5
24,9500.0,0,0,0.0,41.060138888888886,27.338777777777768,111.0
44,9500.0,0,0,0.0,41.28251157163219,27.95841820377809,148.0
97,9500.0,0,0,0.0,41.180828477435064,27.78577507112132,117.0
116,9500.0,0,0,0.0,41.35752777777777,27.38741666666667,41.0
126,9500.0,0,0,0.0,41.388270083686734,27.142678064738192,43.75
79,9500.0,0,0,0.0,41.22958333333335,27.64325,83.0
170,9500.0,0,0,0.0,41.242194444444436,27.684361111111112,91.0
137,9500.0,0,0,0.0,41.23017419753193,27.85200447577867,140.0
244,9500.0,0,0,0.0,41.246833333333335,26.6185,18.0
204,9500.0,0,0,0.0,41.733387772419704,27.148128992491692,205.0
33,9500.0,0,0,0.0,41.19519444444444,27.46575,70.0
128,9500.0,0,0,0.0,41.34236111111111,27.038888888888888,32.0
84,9500.0,0,0,0.0,41.34030555555556,27.26763888888889,44.0
17,9500.0,0,0,0.0,41.256694444444435,27.73566666666667,106.0
29,9500.0,1,0,0.0,41.292095245403104,27.54109794105431,75.5
44,9500.0,1,0,0.0,41.28251157163219,27.95841820377809,148.0
97,9500.0,1,0,0.0,41.18082847743506,27.78577507112132,117.0
126,9500.0,1,0,0.0,41.388270083686734,27.142678064738192,43.75
137,9500.0,1,0,0.0,41.23017419753193,27.85200447577867,140.0
204,9500.0,1,0,0.0,41.7333877724197,27.148128992491692,205.0
29,9500.0,2,0,0.0,41.292095245403104,27.54109794105431,75.5
97,9500.0,2,0,0.0,41.180828477435064,27.78577507112132,117.0
126,9500.0,2,0,0.0,41.388270083686734,27.142678064738192,43.75
29,9500.0,3,0,0.0,41.292095245403104,27.54109794105431,75.5
126,9500.0,3,0,0.0,41.388270083686734,27.142678064738192,43.75
29,9500.0,0,1,0.0,41.292095245403104,27.54109794105431,75.5
24,9500.0,0,1,0.0,41.060138888888886,27.338777777777768,111.0
44,9500.0,0,1,0.0,41.28251157163219,27.95841820377809,148.0
97,9500.0,0,1,0.0,41.180828477435064,27.78577507112132,117.0
116,9500.0,0,1,0.0,41.35752777777777,27.38741666666667,41.0
244,9500.0,0,1,0.0,41.246833333333335,26.6185,18.0
204,9500.0,0,1,0.0,41.733387772419704,27.148128992491692,205.0
33,9500.0,0,1,0.0,41.19519444444444,27.46575,70.0
128,9500.0,0,1,0.0,41.34236111111111,27.038888888888888,32.0
84,9500.0,0,1,0.0,41.34030555555556,27.26763888888889,44.0
29,9500.0,1,1,0.0,41.292095245403104,27.54109794105431,75.5
44,9500.0,1,1,0.0,41.28251157163219,27.95841820377809,148.0
97,9500.0,1,1,0.0,41.18082847743506,27.78577507112132,117.0
126,9500.0,1,1,0.0,41.388270083686734,27.142678064738192,43.75
204,9500.0,1,1,0.0,41.7333877724197,27.148128992491692,205.0
29,9500.0,2,1,0.0,41.292095245403104,27.54109794105431,75.5
97,9500.0,2,1,0.0,41.180828477435064,27.78577507112132,117.0
126,9500.0,2,1,0.0,41.388270083686734,27.142678064738192,43.75
29,9500.0,3,1,0.0,41.292095245403104,27.54109794105431,75.5
126,9500.0,3,1,0.0,41.388270083686734,27.142678064738192,43.75
29,10000.0,0,0,0.0,41.270876122051284,27.523072746100038,74.8888888888889
24,10000.0,0,0,0.0,41.060138888888886,27.338777777777768,111.0
62,10000.0,0,0,0.0,41.28318638620816,27.9599555955097,148.0
97,10000.0,0,0,0.0,41.224495008744064,27.79911691409627,128.4
121,10000.0,0,0,0.0,41.35752777777777,27.38741666666667,41.0
136,10000.0,0,0,0.0,41.359252806632746,27.154472110151968,41.833333333333336
79,10000.0,0,0,0.0,41.22958333333335,27.64325,83.0
173,10000.0,0,0,0.0,41.242194444444436,27.684361111111112,91.0
145,10000.0,0,0,0.0,41.13002777777777,27.772972222222233,95.0
262,10000.0,0,0,0.0,41.246833333333335,26.6185,18.0
218,10000.0,0,0,0.0,41.73472147850214,27.154122462202054,205.0
29,10000.0,1,0,0.0,41.270876122051284,27.523072746100038,74.8888888888889
62,10000.0,1,0,0.0,41.28318638620816,27.9599555955097,148.0
97,10000.0,1,0,0.0,41.224495008744064,27.79911691409627,128.4
136,10000.0,1,0,0.0,41.359252806632746,27.154472110151968,41.833333333333336
218,10000.0,1,0,0.0,41.73472147850214,27.154122462202054,205.0
29,10000.0,2,0,0.0,41.270876122051284,27.523072746100038,74.8888888888889
97,10000.0,2,0,0.0,41.224495008744064,27.79911691409627,128.4
136,10000.0,2,0,0.0,41.359252806632746,27.154472110151968,41.833333333333336
29,10000.0,3,0,0.0,41.270876122051284,27.523072746100038,74.8888888888889
97,10000.0,3,0,0.0,41.224495008744064,27.79911691409627,128.4
136,10000.0,3,0,0.0,41.359252806632746,27.154472110151968,41.833333333333336
29,10000.0,0,1,0.0,41.270876122051284,27.523072746100038,74.8888888888889
24,10000.0,0,1,0.0,41.060138888888886,27.338777777777768,111.0
62,10000.0,0,1,0.0,41.28318638620816,27.9599555955097,148.0
97,10000.0,0,1,0.0,41.224495008744064,27.79911691409627,128.4
121,10000.0,0,1,0.0,41.35752777777777,27.38741666666667,41.0
136,10000.0,0,1,0.0,41.359252806632746,27.154472110151968,41.833333333333336
145,10000.0,0,1,0.0,41.13002777777777,27.772972222222233,95.0
262,10000.0,0,1,0.0,41.246833333333335,26.6185,18.0
218,10000.0,0,1,0.0,41.73472147850214,27.154122462202054,205.0
29,10000.0,1,1,0.0,41.270876122051284,27.523072746100038,74.8888888888889
62,10000.0,1,1,0.0,41.28318638620816,27.9599555955097,148.0
97,10000.0,1,1,0.0,41.224495008744064,27.79911691409627,128.4
136,10000.0,1,1,0.0,41.359252806632746,27.154472110151968,41.833333333333336
218,10000.0,1,1,0.0,41.73472147850214,27.154122462202054,205.0
29,10000.0,2,1,0.0,41.270876122051284,27.523072746100038,74.8888888888889
97,10000.0,2,1,0.0,41.224495008744064,27.79911691409627,128.4
136,10000.0,2,1,0.0,41.359252806632746,27.154472110151968,41.833333333333336
29,10000.0,3,1,0.0,41.270876122051284,27.523072746100038,74.88888888888889
97,10000.0,3,1,0.0,41.224495008744064,27.799116914096267,128.4
136,10000.0,3,1,0.0,41.359252806632746,27.154472110151975,41.833333333333336
