sensor_key,distance_threshold,outlier_threshold,remove_intersections,score_threshold,Simulation Duration (seconds),Packet Attempts (Retransmission Included),Successful Transmission Count,Transmission Count,Failed Packet Attempts,Time Spent for Successful Transmissions (seconds),Sent Data Size (byte),Total Energy Consumption (J),Hardware Sleep Mode Energy Consumption (J),Hardware Awakening Mode Energy Consumption (J),Hardware Active Mode Energy Consumption (J),Hardware Collection Mode Energy Consumption (J),Hardware Shutdown Mode Energy Consumption (J),Lorawan Module Energy Consumption (J),LoRaWAN_Sleep_Energy (J),LoRaWAN_Sleep_Time (seconds),LoRaWAN_Standby_Energy (J),LoRaWAN_Standby_Time (seconds),LoRaWAN_TX_Energy (J),LoRaWAN_TX_Time (seconds),LoRaWAN_RX_Energy (J),LoRaWAN_RX_Time (seconds)
D01A008,5500.0,0.0,0.0,0.0,86400.0,640.0,639.0,639.0,1.0,2248.34,12140.0,48091.7,35.5224,27.225,45194.5,2673.0,7.04,154.373,0.635906,84787.4,0.0181216,2.5888,118.175,844.104,35.5441,634.716
D01A020,5500.0,0.0,0.0,0.0,86400.0,640.0,639.0,639.0,1.0,2248.34,12140.0,48091.7,35.5224,27.225,45194.5,2673.0,7.04,154.373,0.635906,84787.4,0.0181216,2.5888,118.175,844.104,35.5441,634.716
D01A031,5500.0,0.0,0.0,0.0,86400.0,640.0,638.0,638.0,2.0,2382.6,12121.0,48092.1,35.5224,27.225,45194.5,2673.0,7.04,154.763,0.635851,84780.2,0.0201615,2.88021,118.175,844.104,35.9327,641.655
D01A052,5500.0,0.0,0.0,0.0,86400.0,659.0,532.0,541.0,127.0,9031.65,10107.0,48102.0,23.6031,27.225,45218.3,2673.0,7.04,152.759,0.636153,84820.4,0.631989,90.2842,121.683,869.163,29.8079,532.283
D01A057,5500.0,0.0,0.0,0.0,86400.0,640.0,639.0,639.0,1.0,2248.34,12140.0,48091.7,35.5224,27.225,45194.5,2673.0,7.04,154.373,0.635906,84787.4,0.0181241,2.58916,118.175,844.104,35.5441,634.716
D01A063,5500.0,0.0,0.0,0.0,86400.0,647.0,402.0,430.0,245.0,4332.34,7637.0,48094.6,32.4887,36.3,45192.3,2673.0,8.8,151.695,0.635375,84716.6,1.11788,159.697,119.467,853.336,30.4744,544.186
E01A001,5500.0,0.0,0.0,0.0,86400.0,640.0,639.0,639.0,1.0,2248.34,12140.0,48091.7,35.5224,27.225,45194.5,2673.0,7.04,154.373,0.635906,84787.4,0.0181221,2.58887,118.175,844.104,35.5441,634.716
E01A006,5500.0,0.0,0.0,0.0,86400.0,640.0,639.0,639.0,1.0,2248.34,12140.0,48091.7,35.5224,27.225,45194.5,2673.0,7.04,154.373,0.635906,84787.4,0.0181222,2.58888,118.175,844.104,35.5441,634.716
E01A011,5500.0,0.0,0.0,0.0,86400.0,640.0,639.0,639.0,1.0,2248.34,12140.0,48091.7,35.5224,27.225,45194.5,2673.0,7.04,154.373,0.635906,84787.4,0.0181212,2.58875,118.175,844.104,35.5441,634.716
E01A012,5500.0,0.0,0.0,0.0,86400.0,640.0,639.0,639.0,1.0,2248.34,12140.0,48091.7,35.5224,27.225,45194.5,2673.0,7.04,154.373,0.635906,84787.4,0.0181234,2.58906,118.175,844.104,35.5441,634.716
E01A018,5500.0,0.0,0.0,0.0,86400.0,655.0,493.0,508.0,162.0,7128.93,9366.0,48095.0,27.5164,27.225,45210.5,2673.0,7.04,149.717,0.636403,84853.8,0.622808,88.9726,120.944,863.887,27.5137,491.315
D01A008,3000.0,0.0,0.0,0.0,86400.0,639.0,639.0,639.0,0.0,2117.77,12140.0,48091.4,35.538,27.225,45194.5,2673.0,7.04,154.114,0.635925,84790.0,0.018121,2.58872,117.99,842.785,35.4702,633.397
D01A020,3000.0,0.0,0.0,0.0,86400.0,639.0,639.0,639.0,0.0,2117.77,12140.0,48091.4,35.538,27.225,45194.5,2673.0,7.04,154.114,0.635925,84790.0,0.018121,2.58872,117.99,842.785,35.4702,633.397
D01A031,3000.0,0.0,0.0,0.0,86400.0,639.0,639.0,639.0,0.0,2117.77,12140.0,48091.4,35.538,27.225,45194.5,2673.0,7.04,154.114,0.635925,84790.0,0.018121,2.58872,117.99,842.785,35.4702,633.397
D01A052,3000.0,0.0,0.0,0.0,86400.0,639.0,639.0,639.0,0.0,2117.77,12140.0,48091.4,35.538,27.225,45194.5,2673.0,7.04,154.114,0.635925,84790.0,0.018121,2.58872,117.99,842.785,35.4702,633.397
D01A057,3000.0,0.0,0.0,0.0,86400.0,639.0,639.0,639.0,0.0,2117.77,12140.0,48091.4,35.538,27.225,45194.5,2673.0,7.04,154.114,0.635925,84790.0,0.018121,2.58872,117.99,842.785,35.4702,633.397
D01A063,3000.0,0.0,0.0,0.0,86400.0,639.0,639.0,639.0,0.0,2117.77,12140.0,48091.4,35.538,27.225,45194.5,2673.0,7.04,154.114,0.635925,84790.0,0.018121,2.58872,117.99,842.785,35.4702,633.397
E01A001,3000.0,0.0,0.0,0.0,86400.0,639.0,639.0,639.0,0.0,2117.77,12140.0,48091.4,35.538,27.225,45194.5,2673.0,7.04,154.114,0.635925,84790.0,0.018121,2.58872,117.99,842.785,35.4702,633.397
E01A006,3000.0,0.0,0.0,0.0,86400.0,639.0,639.0,639.0,0.0,2117.77,12140.0,48091.4,35.538,27.225,45194.5,2673.0,7.04,154.114,0.635925,84790.0,0.018121,2.58872,117.99,842.785,35.4702,633.397
E01A011,3000.0,0.0,0.0,0.0,86400.0,639.0,639.0,639.0,0.0,2117.77,12140.0,48091.4,35.538,27.225,45194.5,2673.0,7.04,154.114,0.635925,84790.0,0.018121,2.58872,117.99,842.785,35.4702,633.397
E01A012,3000.0,0.0,0.0,0.0,86400.0,639.0,639.0,639.0,0.0,2117.77,12140.0,48091.4,35.538,27.225,45194.5,2673.0,7.04,154.114,0.635925,84790.0,0.018121,2.58872,117.99,842.785,35.4702,633.397
E01A018,3000.0,0.0,0.0,0.0,86400.0,639.0,639.0,639.0,0.0,2117.77,12140.0,48091.4,35.538,27.225,45194.5,2673.0,7.04,154.114,0.635925,84790.0,0.018121,2.58872,117.99,842.785,35.4702,633.397
D01A008,8500.0,0.0,0.0,0.0,86400.0,641.0,639.0,639.0,2.0,2406.92,12140.0,48093.7,35.2317,27.225,45195.1,2673.0,7.04,156.098,0.635693,84759.0,0.0230566,3.2938,118.359,845.423,37.08,662.143
D01A020,8500.0,0.0,0.0,0.0,86400.0,660.0,491.0,506.0,169.0,8107.34,9328.0,48112.7,12.9903,18.15,45247.8,2673.0,5.28,155.449,0.636288,84838.4,0.604558,86.3654,121.867,870.482,32.3406,577.511
D01A031,8500.0,0.0,0.0,0.0,86400.0,641.0,639.0,639.0,2.0,2408.92,12140.0,48093.1,35.5067,27.225,45194.5,2673.0,7.04,155.781,0.635713,84761.7,0.0390242,5.57488,118.359,845.423,36.747,656.196
D01A052,8500.0,0.0,0.0,0.0,86400.0,646.0,503.0,515.0,143.0,7896.96,9556.0,48106.9,11.55,9.075,45261.2,2673.0,1.76,150.402,0.63679,84905.3,0.714868,102.124,120.575,861.25,28.4757,508.494
D01A057,8500.0,0.0,0.0,0.0,86400.0,639.0,639.0,639.0,0.0,2117.77,12140.0,48091.4,35.538,27.225,45194.5,2673.0,7.04,154.114,0.635925,84790.0,0.018121,2.58872,117.99,842.785,35.4702,633.397
D01A063,8500.0,0.0,0.0,0.0,86400.0,647.0,481.0,499.0,166.0,4766.75,9138.0,48111.4,9.93125,27.225,45245.7,2673.0,7.04,148.493,0.636551,84873.5,1.15307,164.725,119.467,853.336,27.2361,486.359
E01A001,8500.0,0.0,0.0,0.0,86400.0,639.0,639.0,639.0,0.0,2139.77,12140.0,48092.6,35.538,27.225,45194.5,2673.0,7.04,155.336,0.635761,84768.1,0.0187573,2.67962,117.99,842.785,36.6914,655.204
E01A006,8500.0,0.0,0.0,0.0,86400.0,639.0,639.0,639.0,0.0,2139.77,12140.0,48092.6,35.538,27.225,45194.5,2673.0,7.04,155.336,0.635761,84768.1,0.0187573,2.67962,117.99,842.785,36.6914,655.204
E01A011,8500.0,0.0,0.0,0.0,86400.0,649.0,598.0,602.0,51.0,4702.8,11361.0,48118.0,11.0747,27.225,45243.4,2673.0,7.04,156.246,0.636048,84806.3,0.580856,82.9795,119.836,855.974,35.1927,628.441
E01A012,8500.0,0.0,0.0,0.0,86400.0,639.0,639.0,639.0,0.0,2117.77,12140.0,48091.4,35.538,27.225,45194.5,2673.0,7.04,154.114,0.635925,84790.0,0.018121,2.58872,117.99,842.785,35.4702,633.397
E01A018,8500.0,0.0,0.0,0.0,86400.0,644.0,608.0,611.0,36.0,3689.91,11551.0,48095.6,35.1137,27.225,45195.3,2673.0,7.04,157.887,0.635331,84710.8,0.204367,29.1953,118.913,849.379,38.1347,680.976
D01A008,2000.0,0.0,1.0,0.0,86400.0,639.0,639.0,639.0,0.0,2117.77,12140.0,48091.4,35.538,27.225,45194.5,2673.0,7.04,154.114,0.635925,84790.0,0.018121,2.58872,117.99,842.785,35.4702,633.397
D01A020,2000.0,0.0,1.0,0.0,86400.0,639.0,639.0,639.0,0.0,2117.77,12140.0,48091.4,35.538,27.225,45194.5,2673.0,7.04,154.114,0.635925,84790.0,0.018121,2.58872,117.99,842.785,35.4702,633.397
D01A031,2000.0,0.0,1.0,0.0,86400.0,639.0,639.0,639.0,0.0,2117.77,12140.0,48091.4,35.538,27.225,45194.5,2673.0,7.04,154.114,0.635925,84790.0,0.018121,2.58872,117.99,842.785,35.4702,633.397
D01A052,2000.0,0.0,1.0,0.0,86400.0,639.0,639.0,639.0,0.0,2117.77,12140.0,48091.4,35.538,27.225,45194.5,2673.0,7.04,154.114,0.635925,84790.0,0.018121,2.58872,117.99,842.785,35.4702,633.397
D01A057,2000.0,0.0,1.0,0.0,86400.0,639.0,639.0,639.0,0.0,2117.77,12140.0,48091.4,35.538,27.225,45194.5,2673.0,7.04,154.114,0.635925,84790.0,0.018121,2.58872,117.99,842.785,35.4702,633.397
D01A063,2000.0,0.0,1.0,0.0,86400.0,639.0,639.0,639.0,0.0,2117.77,12140.0,48091.4,35.538,27.225,45194.5,2673.0,7.04,154.114,0.635925,84790.0,0.018121,2.58872,117.99,842.785,35.4702,633.397
E01A001,2000.0,0.0,1.0,0.0,86400.0,639.0,639.0,639.0,0.0,2117.77,12140.0,48091.4,35.538,27.225,45194.5,2673.0,7.04,154.114,0.635925,84790.0,0.018121,2.58872,117.99,842.785,35.4702,633.397
E01A006,2000.0,0.0,1.0,0.0,86400.0,639.0,639.0,639.0,0.0,2117.77,12140.0,48091.4,35.538,27.225,45194.5,2673.0,7.04,154.114,0.635925,84790.0,0.018121,2.58872,117.99,842.785,35.4702,633.397
E01A011,2000.0,0.0,1.0,0.0,86400.0,639.0,639.0,639.0,0.0,2117.77,12140.0,48091.4,35.538,27.225,45194.5,2673.0,7.04,154.114,0.635925,84790.0,0.018121,2.58872,117.99,842.785,35.4702,633.397
E01A012,2000.0,0.0,1.0,0.0,86400.0,639.0,639.0,639.0,0.0,2117.77,12140.0,48091.4,35.538,27.225,45194.5,2673.0,7.04,154.114,0.635925,84790.0,0.018121,2.58872,117.99,842.785,35.4702,633.397
E01A018,2000.0,0.0,1.0,0.0,86400.0,639.0,639.0,639.0,0.0,2117.77,12140.0,48091.4,35.538,27.225,45194.5,2673.0,7.04,154.114,0.635925,84790.0,0.018121,2.58872,117.99,842.785,35.4702,633.397
D01A008,1000.0,0.0,1.0,0.0,86400.0,639.0,639.0,639.0,0.0,2117.77,12140.0,48091.4,35.538,27.225,45194.5,2673.0,7.04,154.114,0.635925,84790.0,0.018121,2.58872,117.99,842.785,35.4702,633.397
D01A020,1000.0,0.0,1.0,0.0,86400.0,639.0,639.0,639.0,0.0,2117.77,12140.0,48091.4,35.538,27.225,45194.5,2673.0,7.04,154.114,0.635925,84790.0,0.018121,2.58872,117.99,842.785,35.4702,633.397
D01A031,1000.0,0.0,1.0,0.0,86400.0,639.0,639.0,639.0,0.0,2117.77,12140.0,48091.4,35.538,27.225,45194.5,2673.0,7.04,154.114,0.635925,84790.0,0.018121,2.58872,117.99,842.785,35.4702,633.397
D01A052,1000.0,0.0,1.0,0.0,86400.0,639.0,639.0,639.0,0.0,2117.77,12140.0,48091.4,35.538,27.225,45194.5,2673.0,7.04,154.114,0.635925,84790.0,0.018121,2.58872,117.99,842.785,35.4702,633.397
D01A057,1000.0,0.0,1.0,0.0,86400.0,639.0,639.0,639.0,0.0,2117.77,12140.0,48091.4,35.538,27.225,45194.5,2673.0,7.04,154.114,0.635925,84790.0,0.018121,2.58872,117.99,842.785,35.4702,633.397
D01A063,1000.0,0.0,1.0,0.0,86400.0,639.0,639.0,639.0,0.0,2117.77,12140.0,48091.4,35.538,27.225,45194.5,2673.0,7.04,154.114,0.635925,84790.0,0.018121,2.58872,117.99,842.785,35.4702,633.397
E01A001,1000.0,0.0,1.0,0.0,86400.0,639.0,639.0,639.0,0.0,2117.77,12140.0,48091.4,35.538,27.225,45194.5,2673.0,7.04,154.114,0.635925,84790.0,0.018121,2.58872,117.99,842.785,35.4702,633.397
E01A006,1000.0,0.0,1.0,0.0,86400.0,639.0,639.0,639.0,0.0,2117.77,12140.0,48091.4,35.538,27.225,45194.5,2673.0,7.04,154.114,0.635925,84790.0,0.018121,2.58872,117.99,842.785,35.4702,633.397
E01A011,1000.0,0.0,1.0,0.0,86400.0,639.0,639.0,639.0,0.0,2117.77,12140.0,48091.4,35.538,27.225,45194.5,2673.0,7.04,154.114,0.635925,84790.0,0.018121,2.58872,117.99,842.785,35.4702,633.397
E01A012,1000.0,0.0,1.0,0.0,86400.0,639.0,639.0,639.0,0.0,2117.77,12140.0,48091.4,35.538,27.225,45194.5,2673.0,7.04,154.114,0.635925,84790.0,0.018121,2.58872,117.99,842.785,35.4702,633.397
E01A018,1000.0,0.0,1.0,0.0,86400.0,639.0,639.0,639.0,0.0,2117.77,12140.0,48091.4,35.538,27.225,45194.5,2673.0,7.04,154.114,0.635925,84790.0,0.018121,2.58872,117.99,842.785,35.4702,633.397
D01A008,8000.0,0.0,0.0,0.0,86400.0,639.0,639.0,639.0,0.0,2161.77,12140.0,48093.8,35.538,27.225,45194.5,2673.0,7.04,156.557,0.635597,84746.2,0.0193921,2.7703,117.99,842.785,37.9126,677.011
D01A020,8000.0,0.0,0.0,0.0,86400.0,659.0,409.0,437.0,250.0,4819.42,7770.0,48106.2,14.7426,18.15,45244.3,2673.0,5.28,150.673,0.636643,84885.7,0.841609,120.23,121.683,869.163,27.5123,491.291
D01A031,8000.0,0.0,0.0,0.0,86400.0,641.0,610.0,613.0,31.0,2998.67,11589.0,48094.0,35.4357,27.225,45194.7,2673.0,7.04,156.61,0.63552,84736.0,0.128205,18.315,118.359,845.423,37.4869,669.409
D01A052,8000.0,0.0,0.0,0.0,86400.0,652.0,457.0,476.0,195.0,7274.22,8682.0,48092.0,35.591,27.225,45194.4,2673.0,7.04,154.816,0.635371,84716.1,0.713165,101.881,120.39,859.931,33.0769,590.66
D01A057,8000.0,0.0,0.0,0.0,86400.0,639.0,639.0,639.0,0.0,2117.77,12140.0,48091.4,35.538,27.225,45194.5,2673.0,7.04,154.114,0.635925,84790.0,0.018121,2.58872,117.99,842.785,35.4702,633.397
D01A063,8000.0,0.0,0.0,0.0,86400.0,650.0,403.0,431.0,247.0,4514.82,7656.0,48095.2,32.3629,36.3,45192.6,2673.0,8.8,152.143,0.635531,84737.5,0.938457,134.065,120.021,857.293,30.5483,545.505
E01A001,8000.0,0.0,0.0,0.0,86400.0,639.0,639.0,639.0,0.0,2117.77,12140.0,48091.4,35.538,27.225,45194.5,2673.0,7.04,154.114,0.635925,84790.0,0.018121,2.58872,117.99,842.785,35.4702,633.397
E01A006,8000.0,0.0,0.0,0.0,86400.0,639.0,639.0,639.0,0.0,2139.77,12140.0,48092.6,35.538,27.225,45194.5,2673.0,7.04,155.336,0.635761,84768.1,0.0187573,2.67962,117.99,842.785,36.6914,655.204
E01A011,8000.0,0.0,0.0,0.0,86400.0,652.0,586.0,591.0,66.0,5552.04,11133.0,48100.1,32.0892,36.3,45193.1,2673.0,8.8,156.808,0.635305,84707.3,0.553063,79.0089,120.39,859.931,35.2294,629.096
E01A012,8000.0,0.0,0.0,0.0,86400.0,639.0,639.0,639.0,0.0,2117.77,12140.0,48091.4,35.538,27.225,45194.5,2673.0,7.04,154.114,0.635925,84790.0,0.018121,2.58872,117.99,842.785,35.4702,633.397
E01A018,8000.0,0.0,0.0,0.0,86400.0,644.0,575.0,582.0,69.0,3756.11,10924.0,48092.4,35.6613,27.225,45194.2,2673.0,7.04,155.291,0.635444,84725.9,0.438422,62.6317,118.913,849.379,35.3037,630.424
D01A008,10000.0,0.0,1.0,0.0,86400.0,661.0,472.0,492.0,189.0,5401.94,8967.0,48101.1,21.4882,18.15,45230.8,2673.0,5.28,152.403,0.636387,84851.6,0.703047,100.435,122.052,871.801,29.0119,518.07
D01A020,10000.0,0.0,1.0,0.0,86400.0,649.0,447.0,471.0,202.0,2900.22,8492.0,48091.1,32.4363,36.3,45192.4,2673.0,8.8,148.146,0.636102,84813.6,0.882007,126.001,119.836,855.974,26.792,478.429
D01A031,10000.0,0.0,1.0,0.0,86400.0,639.0,639.0,639.0,0.0,2117.77,12140.0,48091.4,35.538,27.225,45194.5,2673.0,7.04,154.114,0.635925,84790.0,0.018121,2.58872,117.99,842.785,35.4702,633.397
D01A052,10000.0,0.0,1.0,0.0,86400.0,651.0,352.0,381.0,299.0,9927.95,6687.0,48089.3,22.7745,18.15,45228.3,2673.0,5.28,141.887,0.637224,84963.2,1.11668,159.526,120.206,858.612,19.9273,355.844
D01A057,10000.0,0.0,1.0,0.0,86400.0,639.0,639.0,639.0,0.0,2117.77,12140.0,48091.4,35.538,27.225,45194.5,2673.0,7.04,154.114,0.635925,84790.0,0.018121,2.58872,117.99,842.785,35.4702,633.397
D01A063,10000.0,0.0,1.0,0.0,86400.0,648.0,344.0,382.0,304.0,1313.12,6535.0,48102.6,9.9,18.15,45256.2,2673.0,3.52,141.816,0.636928,84923.8,1.41512,202.16,119.836,855.974,19.9273,355.844
E01A001,10000.0,0.0,1.0,0.0,86400.0,639.0,639.0,639.0,0.0,2161.77,12140.0,48093.8,35.538,27.225,45194.5,2673.0,7.04,156.557,0.635597,84746.2,0.0193937,2.77053,117.99,842.785,37.9126,677.011
E01A006,10000.0,0.0,1.0,0.0,86400.0,639.0,639.0,639.0,0.0,2117.77,12140.0,48091.4,35.538,27.225,45194.5,2673.0,7.04,154.114,0.635925,84790.0,0.018121,2.58872,117.99,842.785,35.4702,633.397
E01A011,10000.0,0.0,1.0,0.0,86400.0,643.0,609.0,612.0,34.0,3392.07,11570.0,48091.8,35.4754,27.225,45194.6,2673.0,7.04,154.473,0.635738,84765.1,0.231035,33.0049,118.728,848.06,34.878,622.821
E01A012,10000.0,0.0,1.0,0.0,86400.0,639.0,639.0,639.0,0.0,2117.77,12140.0,48091.4,35.538,27.225,45194.5,2673.0,7.04,154.114,0.635925,84790.0,0.018121,2.58872,117.99,842.785,35.4702,633.397
E01A018,10000.0,0.0,1.0,0.0,86400.0,639.0,639.0,639.0,0.0,2118.77,12140.0,48091.4,35.538,27.225,45194.5,2673.0,7.04,154.17,0.635918,84789.0,0.0181503,2.59289,117.99,842.785,35.5258,634.388
D01A008,7500.0,0.0,1.0,0.0,86400.0,639.0,639.0,639.0,0.0,2133.77,12140.0,48092.6,35.263,27.225,45195.0,2673.0,7.04,155.003,0.635813,84775.1,0.0185832,2.65475,117.99,842.785,36.3584,649.257
D01A020,7500.0,0.0,1.0,0.0,86400.0,646.0,502.0,516.0,144.0,5997.04,9537.0,48098.0,24.2,18.15,45225.4,2673.0,5.28,151.993,0.636112,84815.0,0.712307,101.758,119.282,852.017,31.3626,560.046
D01A031,7500.0,0.0,1.0,0.0,86400.0,639.0,639.0,639.0,0.0,2160.77,12140.0,48093.8,35.538,27.225,45194.5,2673.0,7.04,156.502,0.635604,84747.2,0.019381,2.76871,117.99,842.785,37.8571,676.02
D01A052,7500.0,0.0,1.0,0.0,86400.0,650.0,397.0,422.0,253.0,8400.09,7542.0,48083.9,35.4132,27.225,45194.7,2673.0,7.04,146.485,0.636087,84811.6,1.11325,159.035,120.021,857.293,24.7148,441.336
D01A057,7500.0,0.0,1.0,0.0,86400.0,639.0,639.0,639.0,0.0,2117.77,12140.0,48091.4,35.538,27.225,45194.5,2673.0,7.04,154.114,0.635925,84790.0,0.018121,2.58872,117.99,842.785,35.4702,633.397
D01A063,7500.0,0.0,1.0,0.0,86400.0,648.0,423.0,449.0,225.0,3775.67,8036.0,48089.8,32.5266,36.3,45192.2,2673.0,8.8,146.892,0.636094,84812.5,1.05196,150.28,119.652,854.655,25.5525,456.294
E01A001,7500.0,0.0,1.0,0.0,86400.0,639.0,639.0,639.0,0.0,2117.77,12140.0,48091.4,35.538,27.225,45194.5,2673.0,7.04,154.114,0.635925,84790.0,0.018121,2.58872,117.99,842.785,35.4702,633.397
E01A006,7500.0,0.0,1.0,0.0,86400.0,639.0,639.0,639.0,0.0,2117.77,12140.0,48091.4,35.538,27.225,45194.5,2673.0,7.04,154.114,0.635925,84790.0,0.018121,2.58872,117.99,842.785,35.4702,633.397
E01A011,7500.0,0.0,1.0,0.0,86400.0,658.0,448.0,471.0,210.0,4922.67,8511.0,48102.1,24.2,18.15,45225.4,2673.0,5.28,156.061,0.635833,84777.8,0.585012,83.5731,121.498,867.844,33.3421,595.395
E01A012,7500.0,0.0,1.0,0.0,86400.0,639.0,639.0,639.0,0.0,2117.77,12140.0,48091.4,35.538,27.225,45194.5,2673.0,7.04,154.114,0.635925,84790.0,0.018121,2.58872,117.99,842.785,35.4702,633.397
E01A018,7500.0,0.0,1.0,0.0,86400.0,651.0,273.0,316.0,378.0,5428.26,5186.0,48111.7,9.9,18.15,45256.2,2673.0,3.52,150.881,0.635967,84795.7,1.1394,162.771,120.944,863.887,28.1614,502.882
D01A008,10000.0,1.0,0.0,0.0,86400.0,642.0,549.0,558.0,93.0,4561.55,10430.0,48087.4,35.543,27.225,45194.5,2673.0,7.04,150.119,0.63619,84825.3,0.353513,50.5019,118.544,846.742,30.5855,546.169
D01A020,10000.0,1.0,0.0,0.0,86400.0,642.0,546.0,558.0,96.0,2300.59,10373.0,48094.1,32.2959,36.3,45192.7,2673.0,8.8,150.988,0.635266,84702.2,1.2611,180.157,118.544,846.742,30.5483,545.505
D01A052,10000.0,1.0,0.0,0.0,86400.0,641.0,579.0,585.0,62.0,3746.95,11000.0,48088.6,35.6339,27.225,45194.3,2673.0,7.04,151.379,0.636107,84814.2,0.24411,34.8728,118.359,845.423,32.1397,573.923
D01A063,10000.0,1.0,0.0,0.0,86400.0,641.0,577.0,585.0,64.0,2405.32,10962.0,48095.5,32.1839,36.3,45192.9,2673.0,8.8,152.287,0.635182,84691.0,1.15252,164.646,118.359,845.423,32.1397,573.923
D01A008,4000.0,0.0,1.0,0.0,86400.0,639.0,639.0,639.0,0.0,2117.77,12140.0,48091.4,35.538,27.225,45194.5,2673.0,7.04,154.114,0.635925,84790.0,0.018121,2.58872,117.99,842.785,35.4702,633.397
D01A020,4000.0,0.0,1.0,0.0,86400.0,639.0,639.0,639.0,0.0,2117.77,12140.0,48091.4,35.538,27.225,45194.5,2673.0,7.04,154.114,0.635925,84790.0,0.018121,2.58872,117.99,842.785,35.4702,633.397
D01A031,4000.0,0.0,1.0,0.0,86400.0,639.0,639.0,639.0,0.0,2117.77,12140.0,48091.4,35.538,27.225,45194.5,2673.0,7.04,154.114,0.635925,84790.0,0.018121,2.58872,117.99,842.785,35.4702,633.397
D01A052,4000.0,0.0,1.0,0.0,86400.0,639.0,639.0,639.0,0.0,2117.77,12140.0,48091.4,35.538,27.225,45194.5,2673.0,7.04,154.114,0.635925,84790.0,0.018121,2.58872,117.99,842.785,35.4702,633.397
D01A057,4000.0,0.0,1.0,0.0,86400.0,639.0,639.0,639.0,0.0,2117.77,12140.0,48091.4,35.538,27.225,45194.5,2673.0,7.04,154.114,0.635925,84790.0,0.018121,2.58872,117.99,842.785,35.4702,633.397
D01A063,4000.0,0.0,1.0,0.0,86400.0,639.0,639.0,639.0,0.0,2117.77,12140.0,48091.4,35.538,27.225,45194.5,2673.0,7.04,154.114,0.635925,84790.0,0.018121,2.58872,117.99,842.785,35.4702,633.397
E01A001,4000.0,0.0,1.0,0.0,86400.0,639.0,639.0,639.0,0.0,2117.77,12140.0,48091.4,35.538,27.225,45194.5,2673.0,7.04,154.114,0.635925,84790.0,0.018121,2.58872,117.99,842.785,35.4702,633.397
E01A006,4000.0,0.0,1.0,0.0,86400.0,639.0,639.0,639.0,0.0,2117.77,12140.0,48091.4,35.538,27.225,45194.5,2673.0,7.04,154.114,0.635925,84790.0,0.018121,2.58872,117.99,842.785,35.4702,633.397
E01A011,4000.0,0.0,1.0,0.0,86400.0,639.0,639.0,639.0,0.0,2117.77,12140.0,48091.4,35.538,27.225,45194.5,2673.0,7.04,154.114,0.635925,84790.0,0.018121,2.58872,117.99,842.785,35.4702,633.397
E01A012,4000.0,0.0,1.0,0.0,86400.0,639.0,639.0,639.0,0.0,2117.77,12140.0,48091.4,35.538,27.225,45194.5,2673.0,7.04,154.114,0.635925,84790.0,0.018121,2.58872,117.99,842.785,35.4702,633.397
E01A018,4000.0,0.0,1.0,0.0,86400.0,639.0,639.0,639.0,0.0,2117.77,12140.0,48091.4,35.538,27.225,45194.5,2673.0,7.04,154.114,0.635925,84790.0,0.018121,2.58872,117.99,842.785,35.4702,633.397
D01A020,9500.0,1.0,0.0,0.0,86400.0,647.0,456.0,475.0,191.0,6681.62,8663.0,48083.9,35.4576,27.225,45194.6,2673.0,7.04,146.504,0.636287,84838.2,0.848612,121.23,119.467,853.336,25.5525,456.294
D01A052,9500.0,1.0,0.0,0.0,86400.0,646.0,456.0,475.0,190.0,6500.04,8663.0,48083.4,35.4741,27.225,45194.6,2673.0,7.04,146.043,0.636419,84855.9,0.756682,108.097,119.282,852.017,25.3676,452.993
D01A063,9500.0,1.0,0.0,0.0,86400.0,646.0,452.0,476.0,194.0,2033.2,8587.0,48089.7,32.3528,36.3,45192.6,2673.0,8.8,146.683,0.635946,84792.8,1.21257,173.225,119.282,852.017,25.5525,456.294
E01A011,9500.0,1.0,0.0,0.0,86400.0,648.0,478.0,498.0,170.0,3101.95,9081.0,48091.8,32.1911,36.3,45192.9,2673.0,8.8,148.581,0.635923,84789.8,1.00219,143.17,119.652,854.655,27.2916,487.35
D01A052,7000.0,1.0,0.0,0.0,86400.0,639.0,639.0,639.0,0.0,2117.79,12140.0,48091.4,35.5315,27.225,45194.5,2673.0,7.04,154.114,0.635925,84790.0,0.0182875,2.6125,117.99,842.785,35.4702,633.397
D01A063,7000.0,1.0,0.0,0.0,86400.0,639.0,639.0,639.0,0.0,2756.8,12140.0,48098.5,32.2313,36.3,45192.8,2673.0,8.8,155.286,0.634714,84628.5,1.19086,170.123,117.99,842.785,35.4702,633.397
D01A008,7500.0,0.0,0.0,0.0,86400.0,639.0,639.0,639.0,0.0,2133.77,12140.0,48092.6,35.263,27.225,45195.0,2673.0,7.04,155.003,0.635813,84775.1,0.0185832,2.65475,117.99,842.785,36.3584,649.257
D01A020,7500.0,0.0,0.0,0.0,86400.0,646.0,502.0,516.0,144.0,5997.04,9537.0,48098.0,24.2,18.15,45225.4,2673.0,5.28,151.993,0.636112,84815.0,0.712307,101.758,119.282,852.017,31.3626,560.046
D01A031,7500.0,0.0,0.0,0.0,86400.0,639.0,639.0,639.0,0.0,2160.77,12140.0,48093.8,35.538,27.225,45194.5,2673.0,7.04,156.502,0.635604,84747.2,0.019381,2.76871,117.99,842.785,37.8571,676.02
D01A052,7500.0,0.0,0.0,0.0,86400.0,650.0,397.0,422.0,253.0,8400.09,7542.0,48083.9,35.4132,27.225,45194.7,2673.0,7.04,146.485,0.636087,84811.6,1.11325,159.035,120.021,857.293,24.7148,441.336
D01A057,7500.0,0.0,0.0,0.0,86400.0,639.0,639.0,639.0,0.0,2117.77,12140.0,48091.4,35.538,27.225,45194.5,2673.0,7.04,154.114,0.635925,84790.0,0.018121,2.58872,117.99,842.785,35.4702,633.397
D01A063,7500.0,0.0,0.0,0.0,86400.0,648.0,423.0,449.0,225.0,3775.67,8036.0,48089.8,32.5266,36.3,45192.2,2673.0,8.8,146.892,0.636094,84812.5,1.05196,150.28,119.652,854.655,25.5525,456.294
E01A001,7500.0,0.0,0.0,0.0,86400.0,639.0,639.0,639.0,0.0,2117.77,12140.0,48091.4,35.538,27.225,45194.5,2673.0,7.04,154.114,0.635925,84790.0,0.018121,2.58872,117.99,842.785,35.4702,633.397
E01A006,7500.0,0.0,0.0,0.0,86400.0,639.0,639.0,639.0,0.0,2117.77,12140.0,48091.4,35.538,27.225,45194.5,2673.0,7.04,154.114,0.635925,84790.0,0.018121,2.58872,117.99,842.785,35.4702,633.397
E01A011,7500.0,0.0,0.0,0.0,86400.0,658.0,448.0,471.0,210.0,4922.67,8511.0,48102.1,24.2,18.15,45225.4,2673.0,5.28,156.061,0.635833,84777.8,0.585012,83.5731,121.498,867.844,33.3421,595.395
E01A012,7500.0,0.0,0.0,0.0,86400.0,639.0,639.0,639.0,0.0,2117.77,12140.0,48091.4,35.538,27.225,45194.5,2673.0,7.04,154.114,0.635925,84790.0,0.018121,2.58872,117.99,842.785,35.4702,633.397
E01A018,7500.0,0.0,0.0,0.0,86400.0,651.0,273.0,316.0,378.0,5428.26,5186.0,48111.7,9.9,18.15,45256.2,2673.0,3.52,150.881,0.635967,84795.7,1.1394,162.771,120.944,863.887,28.1614,502.882
D01A052,5500.0,1.0,0.0,0.0,86400.0,639.0,639.0,639.0,0.0,2117.79,12140.0,48091.4,35.5316,27.225,45194.5,2673.0,7.04,154.114,0.635925,84790.0,0.0182845,2.61207,117.99,842.785,35.4702,633.397
D01A063,5500.0,1.0,0.0,0.0,86400.0,639.0,639.0,639.0,0.0,2756.79,12140.0,48098.5,32.2316,36.3,45192.8,2673.0,8.8,155.286,0.634714,84628.5,1.19085,170.122,117.99,842.785,35.4702,633.397
D01A008,9500.0,0.0,0.0,0.0,86400.0,639.0,639.0,639.0,0.0,2130.77,12140.0,48092.4,35.263,27.225,45195.0,2673.0,7.04,154.836,0.635835,84778.1,0.0184966,2.64237,117.99,842.785,36.1919,646.283
D01A020,9500.0,0.0,0.0,0.0,86400.0,656.0,441.0,464.0,215.0,5587.33,8378.0,48103.1,21.5632,18.15,45230.7,2673.0,5.28,154.454,0.636127,84816.9,0.606171,86.5958,121.129,865.206,32.0828,572.908
D01A031,9500.0,0.0,0.0,0.0,86400.0,639.0,639.0,639.0,0.0,2180.77,12140.0,48094.9,35.538,27.225,45194.5,2673.0,7.04,157.613,0.635455,84727.3,0.019967,2.85243,117.99,842.785,38.9673,695.845
D01A052,9500.0,0.0,0.0,0.0,86400.0,651.0,440.0,460.0,211.0,8215.46,8359.0,48104.7,11.55,9.075,45261.2,2673.0,1.76,148.162,0.636541,84872.1,0.917218,131.031,120.575,861.25,26.0337,464.888
D01A057,9500.0,0.0,0.0,0.0,86400.0,639.0,639.0,639.0,0.0,2117.77,12140.0,48091.4,35.538,27.225,45194.5,2673.0,7.04,154.114,0.635925,84790.0,0.018121,2.58872,117.99,842.785,35.4702,633.397
D01A063,9500.0,0.0,0.0,0.0,86400.0,646.0,402.0,432.0,244.0,2017.63,7637.0,48105.3,9.9,18.15,45256.2,2673.0,3.52,144.558,0.636702,84893.6,1.19662,170.946,119.836,855.974,22.8881,408.715
E01A001,9500.0,0.0,0.0,0.0,86400.0,639.0,639.0,639.0,0.0,2117.77,12140.0,48091.4,35.538,27.225,45194.5,2673.0,7.04,154.114,0.635925,84790.0,0.018121,2.58872,117.99,842.785,35.4702,633.397
E01A006,9500.0,0.0,0.0,0.0,86400.0,639.0,639.0,639.0,0.0,2117.77,12140.0,48091.4,35.538,27.225,45194.5,2673.0,7.04,154.114,0.635925,84790.0,0.018121,2.58872,117.99,842.785,35.4702,633.397
E01A011,9500.0,0.0,0.0,0.0,86400.0,654.0,549.0,559.0,105.0,5199.85,10430.0,48105.9,22.55,27.225,45220.5,2673.0,7.04,155.614,0.635957,84794.2,0.50615,72.3071,120.76,862.568,33.7123,602.006
E01A012,9500.0,0.0,0.0,0.0,86400.0,639.0,639.0,639.0,0.0,2117.77,12140.0,48091.4,35.538,27.225,45194.5,2673.0,7.04,154.114,0.635925,84790.0,0.018121,2.58872,117.99,842.785,35.4702,633.397
E01A018,9500.0,0.0,0.0,0.0,86400.0,650.0,571.0,578.0,79.0,5076.58,10848.0,48092.7,35.4229,27.225,45194.7,2673.0,7.04,155.349,0.635423,84723.1,0.554267,79.181,120.021,857.293,34.138,609.608
D01A008,10000.0,1.0,1.0,0.0,86400.0,642.0,549.0,558.0,93.0,4561.55,10430.0,48087.4,35.543,27.225,45194.5,2673.0,7.04,150.119,0.63619,84825.3,0.353513,50.5019,118.544,846.742,30.5855,546.169
D01A020,10000.0,1.0,1.0,0.0,86400.0,642.0,546.0,558.0,96.0,2300.59,10373.0,48094.1,32.2959,36.3,45192.7,2673.0,8.8,150.988,0.635266,84702.2,1.2611,180.157,118.544,846.742,30.5483,545.505
D01A052,10000.0,1.0,1.0,0.0,86400.0,641.0,579.0,585.0,62.0,3746.95,11000.0,48088.6,35.6339,27.225,45194.3,2673.0,7.04,151.379,0.636107,84814.2,0.24411,34.8728,118.359,845.423,32.1397,573.923
D01A063,10000.0,1.0,1.0,0.0,86400.0,641.0,577.0,585.0,64.0,2405.32,10962.0,48095.5,32.1839,36.3,45192.9,2673.0,8.8,152.287,0.635182,84691.0,1.15252,164.646,118.359,845.423,32.1397,573.923
D01A008,1000.0,0.0,0.0,0.0,86400.0,639.0,639.0,639.0,0.0,2117.77,12140.0,48091.4,35.538,27.225,45194.5,2673.0,7.04,154.114,0.635925,84790.0,0.018121,2.58872,117.99,842.785,35.4702,633.397
D01A020,1000.0,0.0,0.0,0.0,86400.0,639.0,639.0,639.0,0.0,2117.77,12140.0,48091.4,35.538,27.225,45194.5,2673.0,7.04,154.114,0.635925,84790.0,0.018121,2.58872,117.99,842.785,35.4702,633.397
D01A031,1000.0,0.0,0.0,0.0,86400.0,639.0,639.0,639.0,0.0,2117.77,12140.0,48091.4,35.538,27.225,45194.5,2673.0,7.04,154.114,0.635925,84790.0,0.018121,2.58872,117.99,842.785,35.4702,633.397
D01A052,1000.0,0.0,0.0,0.0,86400.0,639.0,639.0,639.0,0.0,2117.77,12140.0,48091.4,35.538,27.225,45194.5,2673.0,7.04,154.114,0.635925,84790.0,0.018121,2.58872,117.99,842.785,35.4702,633.397
D01A057,1000.0,0.0,0.0,0.0,86400.0,639.0,639.0,639.0,0.0,2117.77,12140.0,48091.4,35.538,27.225,45194.5,2673.0,7.04,154.114,0.635925,84790.0,0.018121,2.58872,117.99,842.785,35.4702,633.397
D01A063,1000.0,0.0,0.0,0.0,86400.0,639.0,639.0,639.0,0.0,2117.77,12140.0,48091.4,35.538,27.225,45194.5,2673.0,7.04,154.114,0.635925,84790.0,0.018121,2.58872,117.99,842.785,35.4702,633.397
E01A001,1000.0,0.0,0.0,0.0,86400.0,639.0,639.0,639.0,0.0,2117.77,12140.0,48091.4,35.538,27.225,45194.5,2673.0,7.04,154.114,0.635925,84790.0,0.018121,2.58872,117.99,842.785,35.4702,633.397
E01A006,1000.0,0.0,0.0,0.0,86400.0,639.0,639.0,639.0,0.0,2117.77,12140.0,48091.4,35.538,27.225,45194.5,2673.0,7.04,154.114,0.635925,84790.0,0.018121,2.58872,117.99,842.785,35.4702,633.397
E01A011,1000.0,0.0,0.0,0.0,86400.0,639.0,639.0,639.0,0.0,2117.77,12140.0,48091.4,35.538,27.225,45194.5,2673.0,7.04,154.114,0.635925,84790.0,0.018121,2.58872,117.99,842.785,35.4702,633.397
E01A012,1000.0,0.0,0.0,0.0,86400.0,639.0,639.0,639.0,0.0,2117.77,12140.0,48091.4,35.538,27.225,45194.5,2673.0,7.04,154.114,0.635925,84790.0,0.018121,2.58872,117.99,842.785,35.4702,633.397
E01A018,1000.0,0.0,0.0,0.0,86400.0,639.0,639.0,639.0,0.0,2117.77,12140.0,48091.4,35.538,27.225,45194.5,2673.0,7.04,154.114,0.635925,84790.0,0.018121,2.58872,117.99,842.785,35.4702,633.397
D01A008,9000.0,0.0,1.0,0.0,86400.0,639.0,639.0,639.0,0.0,2182.77,12140.0,48095.0,35.538,27.225,45194.5,2673.0,7.04,157.724,0.63544,84725.3,0.0199988,2.85697,117.99,842.785,39.0783,697.827
D01A020,9000.0,0.0,1.0,0.0,86400.0,660.0,461.0,481.0,199.0,6703.2,8758.0,48100.8,21.6272,18.15,45230.5,2673.0,5.28,152.212,0.636314,84841.8,0.788325,112.618,121.867,870.482,28.9197,516.424
D01A031,9000.0,0.0,1.0,0.0,86400.0,642.0,605.0,608.0,37.0,3782.53,11494.0,48094.4,35.491,27.225,45194.6,2673.0,7.04,157.124,0.635432,84724.3,0.162836,23.2623,118.544,846.742,37.7824,674.685
D01A052,9000.0,0.0,1.0,0.0,86400.0,654.0,450.0,473.0,204.0,4226.86,8549.0,48091.3,35.5486,27.225,45194.5,2673.0,7.04,154.054,0.635459,84727.9,0.760416,108.631,120.76,862.568,31.8989,569.623
D01A057,9000.0,0.0,1.0,0.0,86400.0,639.0,639.0,639.0,0.0,2117.77,12140.0,48091.4,35.538,27.225,45194.5,2673.0,7.04,154.114,0.635925,84790.0,0.018121,2.58872,117.99,842.785,35.4702,633.397
D01A063,9000.0,0.0,1.0,0.0,86400.0,652.0,424.0,449.0,228.0,5230.28,8055.0,48093.8,32.4667,36.3,45192.4,2673.0,8.8,150.87,0.63569,84758.7,0.979376,139.911,120.39,859.931,28.8642,515.432
E01A001,9000.0,0.0,1.0,0.0,86400.0,639.0,639.0,639.0,0.0,2151.77,12140.0,48093.6,35.263,27.225,45195.0,2673.0,7.04,156.002,0.635679,84757.2,0.0191032,2.72903,117.99,842.785,37.3576,667.099
E01A006,9000.0,0.0,1.0,0.0,86400.0,642.0,610.0,613.0,32.0,3070.24,11589.0,48103.4,20.1976,18.15,45233.4,2673.0,5.28,153.342,0.636548,84873.0,0.134211,19.1729,118.544,846.742,34.027,607.625
E01A011,9000.0,0.0,1.0,0.0,86400.0,651.0,520.0,534.0,131.0,4415.3,9879.0,48103.9,19.7531,27.225,45226.0,2673.0,7.04,150.804,0.636293,84839.0,0.875804,125.115,120.206,858.612,29.0867,519.406
E01A012,9000.0,0.0,1.0,0.0,86400.0,639.0,639.0,639.0,0.0,2117.77,12140.0,48091.4,35.538,27.225,45194.5,2673.0,7.04,154.114,0.635925,84790.0,0.018121,2.58872,117.99,842.785,35.4702,633.397
E01A018,9000.0,0.0,1.0,0.0,86400.0,643.0,554.0,563.0,89.0,4168.8,10525.0,48094.3,35.2004,27.225,45195.1,2673.0,7.04,156.715,0.635338,84711.7,0.345941,49.4201,118.728,848.06,37.0052,660.808
D01A008,6000.0,0.0,0.0,0.0,86400.0,639.0,639.0,639.0,0.0,2117.77,12140.0,48091.4,35.538,27.225,45194.5,2673.0,7.04,154.114,0.635925,84790.0,0.018121,2.58872,117.99,842.785,35.4702,633.397
D01A020,6000.0,0.0,0.0,0.0,86400.0,639.0,639.0,639.0,0.0,2117.77,12140.0,48091.4,35.538,27.225,45194.5,2673.0,7.04,154.114,0.635925,84790.0,0.018121,2.58872,117.99,842.785,35.4702,633.397
D01A031,6000.0,0.0,0.0,0.0,86400.0,639.0,639.0,639.0,0.0,2139.77,12140.0,48092.6,35.538,27.225,45194.5,2673.0,7.04,155.336,0.635761,84768.1,0.0187638,2.68054,117.99,842.785,36.6914,655.204
D01A052,6000.0,0.0,0.0,0.0,86400.0,660.0,511.0,522.0,149.0,9757.49,9708.0,48099.3,22.6982,18.15,45228.4,2673.0,5.28,151.808,0.636388,84851.7,0.735852,105.122,121.867,870.482,28.5683,510.149
D01A057,6000.0,0.0,0.0,0.0,86400.0,639.0,639.0,639.0,0.0,2117.77,12140.0,48091.4,35.538,27.225,45194.5,2673.0,7.04,154.114,0.635925,84790.0,0.018121,2.58872,117.99,842.785,35.4702,633.397
D01A063,6000.0,0.0,0.0,0.0,86400.0,644.0,498.0,516.0,146.0,2257.64,9461.0,48109.3,9.9,18.15,45256.2,2673.0,3.52,148.566,0.636178,84823.7,1.18869,169.813,119.098,850.698,27.6435,493.634
E01A001,6000.0,0.0,0.0,0.0,86400.0,639.0,639.0,639.0,0.0,2117.77,12140.0,48091.4,35.538,27.225,45194.5,2673.0,7.04,154.114,0.635925,84790.0,0.018121,2.58872,117.99,842.785,35.4702,633.397
E01A006,6000.0,0.0,0.0,0.0,86400.0,639.0,639.0,639.0,0.0,2117.77,12140.0,48091.4,35.538,27.225,45194.5,2673.0,7.04,154.114,0.635925,84790.0,0.018121,2.58872,117.99,842.785,35.4702,633.397
E01A011,6000.0,0.0,0.0,0.0,86400.0,639.0,639.0,639.0,0.0,2117.77,12140.0,48091.4,35.538,27.225,45194.5,2673.0,7.04,154.114,0.635925,84790.0,0.018121,2.58872,117.99,842.785,35.4702,633.397
E01A012,6000.0,0.0,0.0,0.0,86400.0,639.0,639.0,639.0,0.0,2117.77,12140.0,48091.4,35.538,27.225,45194.5,2673.0,7.04,154.114,0.635925,84790.0,0.018121,2.58872,117.99,842.785,35.4702,633.397
E01A018,6000.0,0.0,0.0,0.0,86400.0,639.0,639.0,639.0,0.0,2139.77,12140.0,48092.6,35.538,27.225,45194.5,2673.0,7.04,155.336,0.635761,84768.1,0.0187526,2.67895,117.99,842.785,36.6914,655.204
D01A020,9000.0,1.0,1.0,0.0,86400.0,647.0,456.0,475.0,191.0,6681.62,8663.0,48083.9,35.4575,27.225,45194.6,2673.0,7.04,146.504,0.636287,84838.2,0.848615,121.231,119.467,853.336,25.5525,456.294
D01A052,9000.0,1.0,1.0,0.0,86400.0,646.0,456.0,475.0,190.0,6500.04,8663.0,48083.4,35.4739,27.225,45194.6,2673.0,7.04,146.043,0.636419,84855.9,0.756687,108.098,119.282,852.017,25.3676,452.993
D01A063,9000.0,1.0,1.0,0.0,86400.0,646.0,452.0,476.0,194.0,2033.2,8587.0,48089.7,32.3529,36.3,45192.6,2673.0,8.8,146.683,0.635946,84792.8,1.21257,173.224,119.282,852.017,25.5525,456.294
E01A011,9000.0,1.0,1.0,0.0,86400.0,648.0,478.0,498.0,170.0,3101.95,9081.0,48091.8,32.1912,36.3,45192.9,2673.0,8.8,148.581,0.635923,84789.8,1.00219,143.169,119.652,854.655,27.2916,487.35
D01A008,7000.0,0.0,0.0,0.0,86400.0,639.0,639.0,639.0,0.0,2117.77,12140.0,48091.4,35.538,27.225,45194.5,2673.0,7.04,154.114,0.635925,84790.0,0.018121,2.58872,117.99,842.785,35.4702,633.397
D01A020,7000.0,0.0,0.0,0.0,86400.0,639.0,639.0,639.0,0.0,2117.77,12140.0,48091.4,35.538,27.225,45194.5,2673.0,7.04,154.114,0.635925,84790.0,0.018121,2.58872,117.99,842.785,35.4702,633.397
D01A031,7000.0,0.0,0.0,0.0,86400.0,639.0,639.0,639.0,0.0,2139.77,12140.0,48092.6,35.538,27.225,45194.5,2673.0,7.04,155.336,0.635761,84768.1,0.0187638,2.68054,117.99,842.785,36.6914,655.204
D01A052,7000.0,0.0,0.0,0.0,86400.0,660.0,511.0,522.0,149.0,9757.48,9708.0,48099.3,22.6982,18.15,45228.4,2673.0,5.28,151.808,0.636388,84851.7,0.735855,105.122,121.867,870.482,28.5683,510.149
D01A057,7000.0,0.0,0.0,0.0,86400.0,639.0,639.0,639.0,0.0,2117.77,12140.0,48091.4,35.538,27.225,45194.5,2673.0,7.04,154.114,0.635925,84790.0,0.018121,2.58872,117.99,842.785,35.4702,633.397
D01A063,7000.0,0.0,0.0,0.0,86400.0,644.0,498.0,516.0,146.0,2257.64,9461.0,48109.3,9.9,18.15,45256.2,2673.0,3.52,148.566,0.636178,84823.7,1.18869,169.813,119.098,850.698,27.6435,493.634
E01A001,7000.0,0.0,0.0,0.0,86400.0,639.0,639.0,639.0,0.0,2117.77,12140.0,48091.4,35.538,27.225,45194.5,2673.0,7.04,154.114,0.635925,84790.0,0.018121,2.58872,117.99,842.785,35.4702,633.397
E01A006,7000.0,0.0,0.0,0.0,86400.0,639.0,639.0,639.0,0.0,2117.77,12140.0,48091.4,35.538,27.225,45194.5,2673.0,7.04,154.114,0.635925,84790.0,0.018121,2.58872,117.99,842.785,35.4702,633.397
E01A011,7000.0,0.0,0.0,0.0,86400.0,639.0,639.0,639.0,0.0,2117.77,12140.0,48091.4,35.538,27.225,45194.5,2673.0,7.04,154.114,0.635925,84790.0,0.018121,2.58872,117.99,842.785,35.4702,633.397
E01A012,7000.0,0.0,0.0,0.0,86400.0,639.0,639.0,639.0,0.0,2117.77,12140.0,48091.4,35.538,27.225,45194.5,2673.0,7.04,154.114,0.635925,84790.0,0.018121,2.58872,117.99,842.785,35.4702,633.397
E01A018,7000.0,0.0,0.0,0.0,86400.0,639.0,639.0,639.0,0.0,2139.77,12140.0,48092.6,35.538,27.225,45194.5,2673.0,7.04,155.336,0.635761,84768.1,0.0187526,2.67895,117.99,842.785,36.6914,655.204
D01A008,9500.0,0.0,1.0,0.0,86400.0,639.0,639.0,639.0,0.0,2130.77,12140.0,48092.4,35.263,27.225,45195.0,2673.0,7.04,154.836,0.635835,84778.1,0.0184966,2.64237,117.99,842.785,36.1919,646.283
D01A020,9500.0,0.0,1.0,0.0,86400.0,656.0,441.0,464.0,215.0,5587.33,8378.0,48103.1,21.5632,18.15,45230.7,2673.0,5.28,154.454,0.636127,84816.9,0.606171,86.5958,121.129,865.206,32.0828,572.908
D01A031,9500.0,0.0,1.0,0.0,86400.0,639.0,639.0,639.0,0.0,2180.77,12140.0,48094.9,35.538,27.225,45194.5,2673.0,7.04,157.613,0.635455,84727.3,0.019967,2.85243,117.99,842.785,38.9673,695.845
D01A052,9500.0,0.0,1.0,0.0,86400.0,651.0,440.0,460.0,211.0,8215.46,8359.0,48104.7,11.55,9.075,45261.2,2673.0,1.76,148.162,0.636541,84872.1,0.917218,131.031,120.575,861.25,26.0337,464.888
D01A057,9500.0,0.0,1.0,0.0,86400.0,639.0,639.0,639.0,0.0,2117.77,12140.0,48091.4,35.538,27.225,45194.5,2673.0,7.04,154.114,0.635925,84790.0,0.018121,2.58872,117.99,842.785,35.4702,633.397
D01A063,9500.0,0.0,1.0,0.0,86400.0,646.0,402.0,432.0,244.0,2017.63,7637.0,48105.3,9.9,18.15,45256.2,2673.0,3.52,144.558,0.636702,84893.6,1.19662,170.946,119.836,855.974,22.8881,408.715
E01A001,9500.0,0.0,1.0,0.0,86400.0,639.0,639.0,639.0,0.0,2117.77,12140.0,48091.4,35.538,27.225,45194.5,2673.0,7.04,154.114,0.635925,84790.0,0.018121,2.58872,117.99,842.785,35.4702,633.397
E01A006,9500.0,0.0,1.0,0.0,86400.0,639.0,639.0,639.0,0.0,2117.77,12140.0,48091.4,35.538,27.225,45194.5,2673.0,7.04,154.114,0.635925,84790.0,0.018121,2.58872,117.99,842.785,35.4702,633.397
E01A011,9500.0,0.0,1.0,0.0,86400.0,654.0,549.0,559.0,105.0,5199.85,10430.0,48105.9,22.55,27.225,45220.5,2673.0,7.04,155.614,0.635957,84794.2,0.50615,72.3071,120.76,862.568,33.7123,602.006
E01A012,9500.0,0.0,1.0,0.0,86400.0,639.0,639.0,639.0,0.0,2117.77,12140.0,48091.4,35.538,27.225,45194.5,2673.0,7.04,154.114,0.635925,84790.0,0.018121,2.58872,117.99,842.785,35.4702,633.397
E01A018,9500.0,0.0,1.0,0.0,86400.0,650.0,571.0,578.0,79.0,5076.58,10848.0,48092.7,35.4229,27.225,45194.7,2673.0,7.04,155.349,0.635423,84723.1,0.554267,79.181,120.021,857.293,34.138,609.608
D01A008,4500.0,0.0,1.0,0.0,86400.0,639.0,639.0,639.0,0.0,2117.77,12140.0,48091.4,35.538,27.225,45194.5,2673.0,7.04,154.114,0.635925,84790.0,0.018121,2.58872,117.99,842.785,35.4702,633.397
D01A020,4500.0,0.0,1.0,0.0,86400.0,639.0,639.0,639.0,0.0,2117.77,12140.0,48091.4,35.538,27.225,45194.5,2673.0,7.04,154.114,0.635925,84790.0,0.018121,2.58872,117.99,842.785,35.4702,633.397
D01A031,4500.0,0.0,1.0,0.0,86400.0,639.0,639.0,639.0,0.0,2117.77,12140.0,48091.4,35.538,27.225,45194.5,2673.0,7.04,154.114,0.635925,84790.0,0.018121,2.58872,117.99,842.785,35.4702,633.397
D01A052,4500.0,0.0,1.0,0.0,86400.0,639.0,639.0,639.0,0.0,2117.77,12140.0,48091.4,35.538,27.225,45194.5,2673.0,7.04,154.114,0.635925,84790.0,0.018121,2.58872,117.99,842.785,35.4702,633.397
D01A057,4500.0,0.0,1.0,0.0,86400.0,639.0,639.0,639.0,0.0,2117.77,12140.0,48091.4,35.538,27.225,45194.5,2673.0,7.04,154.114,0.635925,84790.0,0.018121,2.58872,117.99,842.785,35.4702,633.397
D01A063,4500.0,0.0,1.0,0.0,86400.0,639.0,639.0,639.0,0.0,2117.77,12140.0,48091.4,35.538,27.225,45194.5,2673.0,7.04,154.114,0.635925,84790.0,0.018121,2.58872,117.99,842.785,35.4702,633.397
E01A001,4500.0,0.0,1.0,0.0,86400.0,639.0,639.0,639.0,0.0,2117.77,12140.0,48091.4,35.538,27.225,45194.5,2673.0,7.04,154.114,0.635925,84790.0,0.018121,2.58872,117.99,842.785,35.4702,633.397
E01A006,4500.0,0.0,1.0,0.0,86400.0,639.0,639.0,639.0,0.0,2117.77,12140.0,48091.4,35.538,27.225,45194.5,2673.0,7.04,154.114,0.635925,84790.0,0.018121,2.58872,117.99,842.785,35.4702,633.397
E01A011,4500.0,0.0,1.0,0.0,86400.0,639.0,639.0,639.0,0.0,2117.77,12140.0,48091.4,35.538,27.225,45194.5,2673.0,7.04,154.114,0.635925,84790.0,0.018121,2.58872,117.99,842.785,35.4702,633.397
E01A012,4500.0,0.0,1.0,0.0,86400.0,639.0,639.0,639.0,0.0,2117.77,12140.0,48091.4,35.538,27.225,45194.5,2673.0,7.04,154.114,0.635925,84790.0,0.018121,2.58872,117.99,842.785,35.4702,633.397
E01A018,4500.0,0.0,1.0,0.0,86400.0,639.0,639.0,639.0,0.0,2117.77,12140.0,48091.4,35.538,27.225,45194.5,2673.0,7.04,154.114,0.635925,84790.0,0.018121,2.58872,117.99,842.785,35.4702,633.397
D01A008,8500.0,0.0,1.0,0.0,86400.0,641.0,639.0,639.0,2.0,2406.92,12140.0,48093.7,35.2317,27.225,45195.1,2673.0,7.04,156.098,0.635693,84759.0,0.0230566,3.2938,118.359,845.423,37.08,662.143
D01A020,8500.0,0.0,1.0,0.0,86400.0,660.0,491.0,506.0,169.0,8107.34,9328.0,48112.7,12.9903,18.15,45247.8,2673.0,5.28,155.449,0.636288,84838.4,0.604558,86.3654,121.867,870.482,32.3406,577.511
D01A031,8500.0,0.0,1.0,0.0,86400.0,641.0,639.0,639.0,2.0,2408.92,12140.0,48093.1,35.5067,27.225,45194.5,2673.0,7.04,155.781,0.635713,84761.7,0.0390242,5.57488,118.359,845.423,36.747,656.196
D01A052,8500.0,0.0,1.0,0.0,86400.0,646.0,503.0,515.0,143.0,7896.96,9556.0,48106.9,11.55,9.075,45261.2,2673.0,1.76,150.402,0.63679,84905.3,0.714868,102.124,120.575,861.25,28.4757,508.494
D01A057,8500.0,0.0,1.0,0.0,86400.0,639.0,639.0,639.0,0.0,2117.77,12140.0,48091.4,35.538,27.225,45194.5,2673.0,7.04,154.114,0.635925,84790.0,0.018121,2.58872,117.99,842.785,35.4702,633.397
D01A063,8500.0,0.0,1.0,0.0,86400.0,647.0,481.0,499.0,166.0,4766.75,9138.0,48111.4,9.93125,27.225,45245.7,2673.0,7.04,148.493,0.636551,84873.5,1.15307,164.725,119.467,853.336,27.2361,486.359
E01A001,8500.0,0.0,1.0,0.0,86400.0,639.0,639.0,639.0,0.0,2139.77,12140.0,48092.6,35.538,27.225,45194.5,2673.0,7.04,155.336,0.635761,84768.1,0.0187573,2.67962,117.99,842.785,36.6914,655.204
E01A006,8500.0,0.0,1.0,0.0,86400.0,639.0,639.0,639.0,0.0,2139.77,12140.0,48092.6,35.538,27.225,45194.5,2673.0,7.04,155.336,0.635761,84768.1,0.0187573,2.67962,117.99,842.785,36.6914,655.204
E01A011,8500.0,0.0,1.0,0.0,86400.0,649.0,598.0,602.0,51.0,4702.8,11361.0,48118.0,11.0747,27.225,45243.4,2673.0,7.04,156.246,0.636048,84806.3,0.580856,82.9795,119.836,855.974,35.1927,628.441
E01A012,8500.0,0.0,1.0,0.0,86400.0,639.0,639.0,639.0,0.0,2117.77,12140.0,48091.4,35.538,27.225,45194.5,2673.0,7.04,154.114,0.635925,84790.0,0.018121,2.58872,117.99,842.785,35.4702,633.397
E01A018,8500.0,0.0,1.0,0.0,86400.0,644.0,608.0,611.0,36.0,3689.91,11551.0,48095.6,35.1137,27.225,45195.3,2673.0,7.04,157.887,0.635331,84710.8,0.204367,29.1953,118.913,849.379,38.1347,680.976
D01A008,4500.0,0.0,0.0,0.0,86400.0,639.0,639.0,639.0,0.0,2117.77,12140.0,48091.4,35.538,27.225,45194.5,2673.0,7.04,154.114,0.635925,84790.0,0.018121,2.58872,117.99,842.785,35.4702,633.397
D01A020,4500.0,0.0,0.0,0.0,86400.0,639.0,639.0,639.0,0.0,2117.77,12140.0,48091.4,35.538,27.225,45194.5,2673.0,7.04,154.114,0.635925,84790.0,0.018121,2.58872,117.99,842.785,35.4702,633.397
D01A031,4500.0,0.0,0.0,0.0,86400.0,639.0,639.0,639.0,0.0,2117.77,12140.0,48091.4,35.538,27.225,45194.5,2673.0,7.04,154.114,0.635925,84790.0,0.018121,2.58872,117.99,842.785,35.4702,633.397
D01A052,4500.0,0.0,0.0,0.0,86400.0,639.0,639.0,639.0,0.0,2117.77,12140.0,48091.4,35.538,27.225,45194.5,2673.0,7.04,154.114,0.635925,84790.0,0.018121,2.58872,117.99,842.785,35.4702,633.397
D01A057,4500.0,0.0,0.0,0.0,86400.0,639.0,639.0,639.0,0.0,2117.77,12140.0,48091.4,35.538,27.225,45194.5,2673.0,7.04,154.114,0.635925,84790.0,0.018121,2.58872,117.99,842.785,35.4702,633.397
D01A063,4500.0,0.0,0.0,0.0,86400.0,639.0,639.0,639.0,0.0,2117.77,12140.0,48091.4,35.538,27.225,45194.5,2673.0,7.04,154.114,0.635925,84790.0,0.018121,2.58872,117.99,842.785,35.4702,633.397
E01A001,4500.0,0.0,0.0,0.0,86400.0,639.0,639.0,639.0,0.0,2117.77,12140.0,48091.4,35.538,27.225,45194.5,2673.0,7.04,154.114,0.635925,84790.0,0.018121,2.58872,117.99,842.785,35.4702,633.397
E01A006,4500.0,0.0,0.0,0.0,86400.0,639.0,639.0,639.0,0.0,2117.77,12140.0,48091.4,35.538,27.225,45194.5,2673.0,7.04,154.114,0.635925,84790.0,0.018121,2.58872,117.99,842.785,35.4702,633.397
E01A011,4500.0,0.0,0.0,0.0,86400.0,639.0,639.0,639.0,0.0,2117.77,12140.0,48091.4,35.538,27.225,45194.5,2673.0,7.04,154.114,0.635925,84790.0,0.018121,2.58872,117.99,842.785,35.4702,633.397
E01A012,4500.0,0.0,0.0,0.0,86400.0,639.0,639.0,639.0,0.0,2117.77,12140.0,48091.4,35.538,27.225,45194.5,2673.0,7.04,154.114,0.635925,84790.0,0.018121,2.58872,117.99,842.785,35.4702,633.397
E01A018,4500.0,0.0,0.0,0.0,86400.0,639.0,639.0,639.0,0.0,2117.77,12140.0,48091.4,35.538,27.225,45194.5,2673.0,7.04,154.114,0.635925,84790.0,0.018121,2.58872,117.99,842.785,35.4702,633.397
D01A008,5000.0,0.0,1.0,0.0,86400.0,639.0,639.0,639.0,0.0,2117.77,12140.0,48091.4,35.538,27.225,45194.5,2673.0,7.04,154.114,0.635925,84790.0,0.018121,2.58872,117.99,842.785,35.4702,633.397
D01A020,5000.0,0.0,1.0,0.0,86400.0,639.0,639.0,639.0,0.0,2117.77,12140.0,48091.4,35.538,27.225,45194.5,2673.0,7.04,154.114,0.635925,84790.0,0.018121,2.58872,117.99,842.785,35.4702,633.397
D01A031,5000.0,0.0,1.0,0.0,86400.0,639.0,639.0,639.0,0.0,2117.77,12140.0,48091.4,35.538,27.225,45194.5,2673.0,7.04,154.114,0.635925,84790.0,0.018121,2.58872,117.99,842.785,35.4702,633.397
D01A052,5000.0,0.0,1.0,0.0,86400.0,639.0,639.0,639.0,0.0,2117.77,12140.0,48091.4,35.538,27.225,45194.5,2673.0,7.04,154.114,0.635925,84790.0,0.018121,2.58872,117.99,842.785,35.4702,633.397
D01A057,5000.0,0.0,1.0,0.0,86400.0,639.0,639.0,639.0,0.0,2117.77,12140.0,48091.4,35.538,27.225,45194.5,2673.0,7.04,154.114,0.635925,84790.0,0.018121,2.58872,117.99,842.785,35.4702,633.397
D01A063,5000.0,0.0,1.0,0.0,86400.0,639.0,639.0,639.0,0.0,2117.77,12140.0,48091.4,35.538,27.225,45194.5,2673.0,7.04,154.114,0.635925,84790.0,0.018121,2.58872,117.99,842.785,35.4702,633.397
E01A001,5000.0,0.0,1.0,0.0,86400.0,639.0,639.0,639.0,0.0,2117.77,12140.0,48091.4,35.538,27.225,45194.5,2673.0,7.04,154.114,0.635925,84790.0,0.018121,2.58872,117.99,842.785,35.4702,633.397
E01A006,5000.0,0.0,1.0,0.0,86400.0,639.0,639.0,639.0,0.0,2117.77,12140.0,48091.4,35.538,27.225,45194.5,2673.0,7.04,154.114,0.635925,84790.0,0.018121,2.58872,117.99,842.785,35.4702,633.397
E01A011,5000.0,0.0,1.0,0.0,86400.0,639.0,639.0,639.0,0.0,2117.77,12140.0,48091.4,35.538,27.225,45194.5,2673.0,7.04,154.114,0.635925,84790.0,0.018121,2.58872,117.99,842.785,35.4702,633.397
E01A012,5000.0,0.0,1.0,0.0,86400.0,639.0,639.0,639.0,0.0,2117.77,12140.0,48091.4,35.538,27.225,45194.5,2673.0,7.04,154.114,0.635925,84790.0,0.018121,2.58872,117.99,842.785,35.4702,633.397
E01A018,5000.0,0.0,1.0,0.0,86400.0,639.0,639.0,639.0,0.0,2117.77,12140.0,48091.4,35.538,27.225,45194.5,2673.0,7.04,154.114,0.635925,84790.0,0.018121,2.58872,117.99,842.785,35.4702,633.397
D01A008,1500.0,0.0,1.0,0.0,86400.0,639.0,639.0,639.0,0.0,2117.77,12140.0,48091.4,35.538,27.225,45194.5,2673.0,7.04,154.114,0.635925,84790.0,0.018121,2.58872,117.99,842.785,35.4702,633.397
D01A020,1500.0,0.0,1.0,0.0,86400.0,639.0,639.0,639.0,0.0,2117.77,12140.0,48091.4,35.538,27.225,45194.5,2673.0,7.04,154.114,0.635925,84790.0,0.018121,2.58872,117.99,842.785,35.4702,633.397
D01A031,1500.0,0.0,1.0,0.0,86400.0,639.0,639.0,639.0,0.0,2117.77,12140.0,48091.4,35.538,27.225,45194.5,2673.0,7.04,154.114,0.635925,84790.0,0.018121,2.58872,117.99,842.785,35.4702,633.397
D01A052,1500.0,0.0,1.0,0.0,86400.0,639.0,639.0,639.0,0.0,2117.77,12140.0,48091.4,35.538,27.225,45194.5,2673.0,7.04,154.114,0.635925,84790.0,0.018121,2.58872,117.99,842.785,35.4702,633.397
D01A057,1500.0,0.0,1.0,0.0,86400.0,639.0,639.0,639.0,0.0,2117.77,12140.0,48091.4,35.538,27.225,45194.5,2673.0,7.04,154.114,0.635925,84790.0,0.018121,2.58872,117.99,842.785,35.4702,633.397
D01A063,1500.0,0.0,1.0,0.0,86400.0,639.0,639.0,639.0,0.0,2117.77,12140.0,48091.4,35.538,27.225,45194.5,2673.0,7.04,154.114,0.635925,84790.0,0.018121,2.58872,117.99,842.785,35.4702,633.397
E01A001,1500.0,0.0,1.0,0.0,86400.0,639.0,639.0,639.0,0.0,2117.77,12140.0,48091.4,35.538,27.225,45194.5,2673.0,7.04,154.114,0.635925,84790.0,0.018121,2.58872,117.99,842.785,35.4702,633.397
E01A006,1500.0,0.0,1.0,0.0,86400.0,639.0,639.0,639.0,0.0,2117.77,12140.0,48091.4,35.538,27.225,45194.5,2673.0,7.04,154.114,0.635925,84790.0,0.018121,2.58872,117.99,842.785,35.4702,633.397
E01A011,1500.0,0.0,1.0,0.0,86400.0,639.0,639.0,639.0,0.0,2117.77,12140.0,48091.4,35.538,27.225,45194.5,2673.0,7.04,154.114,0.635925,84790.0,0.018121,2.58872,117.99,842.785,35.4702,633.397
E01A012,1500.0,0.0,1.0,0.0,86400.0,639.0,639.0,639.0,0.0,2117.77,12140.0,48091.4,35.538,27.225,45194.5,2673.0,7.04,154.114,0.635925,84790.0,0.018121,2.58872,117.99,842.785,35.4702,633.397
E01A018,1500.0,0.0,1.0,0.0,86400.0,639.0,639.0,639.0,0.0,2117.77,12140.0,48091.4,35.538,27.225,45194.5,2673.0,7.04,154.114,0.635925,84790.0,0.018121,2.58872,117.99,842.785,35.4702,633.397
D01A008,5500.0,0.0,1.0,0.0,86400.0,640.0,639.0,639.0,1.0,2248.34,12140.0,48091.7,35.5224,27.225,45194.5,2673.0,7.04,154.373,0.635906,84787.4,0.0181216,2.5888,118.175,844.104,35.5441,634.716
D01A020,5500.0,0.0,1.0,0.0,86400.0,640.0,639.0,639.0,1.0,2248.34,12140.0,48091.7,35.5224,27.225,45194.5,2673.0,7.04,154.373,0.635906,84787.4,0.0181216,2.5888,118.175,844.104,35.5441,634.716
D01A031,5500.0,0.0,1.0,0.0,86400.0,640.0,638.0,638.0,2.0,2382.6,12121.0,48092.1,35.5224,27.225,45194.5,2673.0,7.04,154.763,0.635851,84780.2,0.0201615,2.88021,118.175,844.104,35.9327,641.655
D01A052,5500.0,0.0,1.0,0.0,86400.0,659.0,532.0,541.0,127.0,9031.65,10107.0,48102.0,23.6031,27.225,45218.3,2673.0,7.04,152.759,0.636153,84820.4,0.631989,90.2842,121.683,869.163,29.8079,532.283
D01A057,5500.0,0.0,1.0,0.0,86400.0,640.0,639.0,639.0,1.0,2248.34,12140.0,48091.7,35.5224,27.225,45194.5,2673.0,7.04,154.373,0.635906,84787.4,0.0181241,2.58916,118.175,844.104,35.5441,634.716
D01A063,5500.0,0.0,1.0,0.0,86400.0,647.0,402.0,430.0,245.0,4332.34,7637.0,48094.6,32.4887,36.3,45192.3,2673.0,8.8,151.695,0.635375,84716.6,1.11788,159.697,119.467,853.336,30.4744,544.186
E01A001,5500.0,0.0,1.0,0.0,86400.0,640.0,639.0,639.0,1.0,2248.34,12140.0,48091.7,35.5224,27.225,45194.5,2673.0,7.04,154.373,0.635906,84787.4,0.0181221,2.58887,118.175,844.104,35.5441,634.716
E01A006,5500.0,0.0,1.0,0.0,86400.0,640.0,639.0,639.0,1.0,2248.34,12140.0,48091.7,35.5224,27.225,45194.5,2673.0,7.04,154.373,0.635906,84787.4,0.0181222,2.58888,118.175,844.104,35.5441,634.716
E01A011,5500.0,0.0,1.0,0.0,86400.0,640.0,639.0,639.0,1.0,2248.34,12140.0,48091.7,35.5224,27.225,45194.5,2673.0,7.04,154.373,0.635906,84787.4,0.0181212,2.58875,118.175,844.104,35.5441,634.716
E01A012,5500.0,0.0,1.0,0.0,86400.0,640.0,639.0,639.0,1.0,2248.34,12140.0,48091.7,35.5224,27.225,45194.5,2673.0,7.04,154.373,0.635906,84787.4,0.0181234,2.58906,118.175,844.104,35.5441,634.716
E01A018,5500.0,0.0,1.0,0.0,86400.0,655.0,493.0,508.0,162.0,7128.93,9366.0,48095.0,27.5164,27.225,45210.5,2673.0,7.04,149.717,0.636403,84853.8,0.622808,88.9726,120.944,863.887,27.5137,491.315
D01A008,3500.0,0.0,0.0,0.0,86400.0,639.0,639.0,639.0,0.0,2117.77,12140.0,48091.4,35.538,27.225,45194.5,2673.0,7.04,154.114,0.635925,84790.0,0.018121,2.58872,117.99,842.785,35.4702,633.397
D01A020,3500.0,0.0,0.0,0.0,86400.0,639.0,639.0,639.0,0.0,2117.77,12140.0,48091.4,35.538,27.225,45194.5,2673.0,7.04,154.114,0.635925,84790.0,0.018121,2.58872,117.99,842.785,35.4702,633.397
D01A031,3500.0,0.0,0.0,0.0,86400.0,639.0,639.0,639.0,0.0,2117.77,12140.0,48091.4,35.538,27.225,45194.5,2673.0,7.04,154.114,0.635925,84790.0,0.018121,2.58872,117.99,842.785,35.4702,633.397
D01A052,3500.0,0.0,0.0,0.0,86400.0,639.0,639.0,639.0,0.0,2117.77,12140.0,48091.4,35.538,27.225,45194.5,2673.0,7.04,154.114,0.635925,84790.0,0.018121,2.58872,117.99,842.785,35.4702,633.397
D01A057,3500.0,0.0,0.0,0.0,86400.0,639.0,639.0,639.0,0.0,2117.77,12140.0,48091.4,35.538,27.225,45194.5,2673.0,7.04,154.114,0.635925,84790.0,0.018121,2.58872,117.99,842.785,35.4702,633.397
D01A063,3500.0,0.0,0.0,0.0,86400.0,639.0,639.0,639.0,0.0,2117.77,12140.0,48091.4,35.538,27.225,45194.5,2673.0,7.04,154.114,0.635925,84790.0,0.018121,2.58872,117.99,842.785,35.4702,633.397
E01A001,3500.0,0.0,0.0,0.0,86400.0,639.0,639.0,639.0,0.0,2117.77,12140.0,48091.4,35.538,27.225,45194.5,2673.0,7.04,154.114,0.635925,84790.0,0.018121,2.58872,117.99,842.785,35.4702,633.397
E01A006,3500.0,0.0,0.0,0.0,86400.0,639.0,639.0,639.0,0.0,2117.77,12140.0,48091.4,35.538,27.225,45194.5,2673.0,7.04,154.114,0.635925,84790.0,0.018121,2.58872,117.99,842.785,35.4702,633.397
E01A011,3500.0,0.0,0.0,0.0,86400.0,639.0,639.0,639.0,0.0,2117.77,12140.0,48091.4,35.538,27.225,45194.5,2673.0,7.04,154.114,0.635925,84790.0,0.018121,2.58872,117.99,842.785,35.4702,633.397
E01A012,3500.0,0.0,0.0,0.0,86400.0,639.0,639.0,639.0,0.0,2117.77,12140.0,48091.4,35.538,27.225,45194.5,2673.0,7.04,154.114,0.635925,84790.0,0.018121,2.58872,117.99,842.785,35.4702,633.397
E01A018,3500.0,0.0,0.0,0.0,86400.0,639.0,639.0,639.0,0.0,2117.77,12140.0,48091.4,35.538,27.225,45194.5,2673.0,7.04,154.114,0.635925,84790.0,0.018121,2.58872,117.99,842.785,35.4702,633.397
D01A008,7000.0,0.0,1.0,0.0,86400.0,639.0,639.0,639.0,0.0,2117.77,12140.0,48091.4,35.538,27.225,45194.5,2673.0,7.04,154.114,0.635925,84790.0,0.018121,2.58872,117.99,842.785,35.4702,633.397
D01A020,7000.0,0.0,1.0,0.0,86400.0,639.0,639.0,639.0,0.0,2117.77,12140.0,48091.4,35.538,27.225,45194.5,2673.0,7.04,154.114,0.635925,84790.0,0.018121,2.58872,117.99,842.785,35.4702,633.397
D01A031,7000.0,0.0,1.0,0.0,86400.0,639.0,639.0,639.0,0.0,2139.77,12140.0,48092.6,35.538,27.225,45194.5,2673.0,7.04,155.336,0.635761,84768.1,0.0187638,2.68054,117.99,842.785,36.6914,655.204
D01A052,7000.0,0.0,1.0,0.0,86400.0,660.0,511.0,522.0,149.0,9757.48,9708.0,48099.3,22.6982,18.15,45228.4,2673.0,5.28,151.808,0.636388,84851.7,0.735855,105.122,121.867,870.482,28.5683,510.149
D01A057,7000.0,0.0,1.0,0.0,86400.0,639.0,639.0,639.0,0.0,2117.77,12140.0,48091.4,35.538,27.225,45194.5,2673.0,7.04,154.114,0.635925,84790.0,0.018121,2.58872,117.99,842.785,35.4702,633.397
D01A063,7000.0,0.0,1.0,0.0,86400.0,644.0,498.0,516.0,146.0,2257.64,9461.0,48109.3,9.9,18.15,45256.2,2673.0,3.52,148.566,0.636178,84823.7,1.18869,169.813,119.098,850.698,27.6435,493.634
E01A001,7000.0,0.0,1.0,0.0,86400.0,639.0,639.0,639.0,0.0,2117.77,12140.0,48091.4,35.538,27.225,45194.5,2673.0,7.04,154.114,0.635925,84790.0,0.018121,2.58872,117.99,842.785,35.4702,633.397
E01A006,7000.0,0.0,1.0,0.0,86400.0,639.0,639.0,639.0,0.0,2117.77,12140.0,48091.4,35.538,27.225,45194.5,2673.0,7.04,154.114,0.635925,84790.0,0.018121,2.58872,117.99,842.785,35.4702,633.397
E01A011,7000.0,0.0,1.0,0.0,86400.0,639.0,639.0,639.0,0.0,2117.77,12140.0,48091.4,35.538,27.225,45194.5,2673.0,7.04,154.114,0.635925,84790.0,0.018121,2.58872,117.99,842.785,35.4702,633.397
E01A012,7000.0,0.0,1.0,0.0,86400.0,639.0,639.0,639.0,0.0,2117.77,12140.0,48091.4,35.538,27.225,45194.5,2673.0,7.04,154.114,0.635925,84790.0,0.018121,2.58872,117.99,842.785,35.4702,633.397
E01A018,7000.0,0.0,1.0,0.0,86400.0,639.0,639.0,639.0,0.0,2139.77,12140.0,48092.6,35.538,27.225,45194.5,2673.0,7.04,155.336,0.635761,84768.1,0.0187526,2.67895,117.99,842.785,36.6914,655.204
D01A008,2500.0,0.0,1.0,0.0,86400.0,639.0,639.0,639.0,0.0,2117.77,12140.0,48091.4,35.538,27.225,45194.5,2673.0,7.04,154.114,0.635925,84790.0,0.018121,2.58872,117.99,842.785,35.4702,633.397
D01A020,2500.0,0.0,1.0,0.0,86400.0,639.0,639.0,639.0,0.0,2117.77,12140.0,48091.4,35.538,27.225,45194.5,2673.0,7.04,154.114,0.635925,84790.0,0.018121,2.58872,117.99,842.785,35.4702,633.397
D01A031,2500.0,0.0,1.0,0.0,86400.0,639.0,639.0,639.0,0.0,2117.77,12140.0,48091.4,35.538,27.225,45194.5,2673.0,7.04,154.114,0.635925,84790.0,0.018121,2.58872,117.99,842.785,35.4702,633.397
D01A052,2500.0,0.0,1.0,0.0,86400.0,639.0,639.0,639.0,0.0,2117.77,12140.0,48091.4,35.538,27.225,45194.5,2673.0,7.04,154.114,0.635925,84790.0,0.018121,2.58872,117.99,842.785,35.4702,633.397
D01A057,2500.0,0.0,1.0,0.0,86400.0,639.0,639.0,639.0,0.0,2117.77,12140.0,48091.4,35.538,27.225,45194.5,2673.0,7.04,154.114,0.635925,84790.0,0.018121,2.58872,117.99,842.785,35.4702,633.397
D01A063,2500.0,0.0,1.0,0.0,86400.0,639.0,639.0,639.0,0.0,2117.77,12140.0,48091.4,35.538,27.225,45194.5,2673.0,7.04,154.114,0.635925,84790.0,0.018121,2.58872,117.99,842.785,35.4702,633.397
E01A001,2500.0,0.0,1.0,0.0,86400.0,639.0,639.0,639.0,0.0,2117.77,12140.0,48091.4,35.538,27.225,45194.5,2673.0,7.04,154.114,0.635925,84790.0,0.018121,2.58872,117.99,842.785,35.4702,633.397
E01A006,2500.0,0.0,1.0,0.0,86400.0,639.0,639.0,639.0,0.0,2117.77,12140.0,48091.4,35.538,27.225,45194.5,2673.0,7.04,154.114,0.635925,84790.0,0.018121,2.58872,117.99,842.785,35.4702,633.397
E01A011,2500.0,0.0,1.0,0.0,86400.0,639.0,639.0,639.0,0.0,2117.77,12140.0,48091.4,35.538,27.225,45194.5,2673.0,7.04,154.114,0.635925,84790.0,0.018121,2.58872,117.99,842.785,35.4702,633.397
E01A012,2500.0,0.0,1.0,0.0,86400.0,639.0,639.0,639.0,0.0,2117.77,12140.0,48091.4,35.538,27.225,45194.5,2673.0,7.04,154.114,0.635925,84790.0,0.018121,2.58872,117.99,842.785,35.4702,633.397
E01A018,2500.0,0.0,1.0,0.0,86400.0,639.0,639.0,639.0,0.0,2117.77,12140.0,48091.4,35.538,27.225,45194.5,2673.0,7.04,154.114,0.635925,84790.0,0.018121,2.58872,117.99,842.785,35.4702,633.397
D01A008,6500.0,0.0,1.0,0.0,86400.0,639.0,639.0,639.0,0.0,2117.77,12140.0,48091.4,35.538,27.225,45194.5,2673.0,7.04,154.114,0.635925,84790.0,0.018121,2.58872,117.99,842.785,35.4702,633.397
D01A020,6500.0,0.0,1.0,0.0,86400.0,639.0,639.0,639.0,0.0,2117.77,12140.0,48091.4,35.538,27.225,45194.5,2673.0,7.04,154.114,0.635925,84790.0,0.018121,2.58872,117.99,842.785,35.4702,633.397
D01A031,6500.0,0.0,1.0,0.0,86400.0,639.0,639.0,639.0,0.0,2139.77,12140.0,48092.6,35.538,27.225,45194.5,2673.0,7.04,155.336,0.635761,84768.1,0.0187638,2.68054,117.99,842.785,36.6914,655.204
D01A052,6500.0,0.0,1.0,0.0,86400.0,660.0,511.0,522.0,149.0,9757.48,9708.0,48099.3,22.6982,18.15,45228.4,2673.0,5.28,151.808,0.636388,84851.7,0.735854,105.122,121.867,870.482,28.5683,510.149
D01A057,6500.0,0.0,1.0,0.0,86400.0,639.0,639.0,639.0,0.0,2117.77,12140.0,48091.4,35.538,27.225,45194.5,2673.0,7.04,154.114,0.635925,84790.0,0.018121,2.58872,117.99,842.785,35.4702,633.397
D01A063,6500.0,0.0,1.0,0.0,86400.0,644.0,498.0,516.0,146.0,2257.64,9461.0,48109.3,9.9,18.15,45256.2,2673.0,3.52,148.566,0.636178,84823.7,1.18869,169.813,119.098,850.698,27.6435,493.634
E01A001,6500.0,0.0,1.0,0.0,86400.0,639.0,639.0,639.0,0.0,2117.77,12140.0,48091.4,35.538,27.225,45194.5,2673.0,7.04,154.114,0.635925,84790.0,0.018121,2.58872,117.99,842.785,35.4702,633.397
E01A006,6500.0,0.0,1.0,0.0,86400.0,639.0,639.0,639.0,0.0,2117.77,12140.0,48091.4,35.538,27.225,45194.5,2673.0,7.04,154.114,0.635925,84790.0,0.018121,2.58872,117.99,842.785,35.4702,633.397
E01A011,6500.0,0.0,1.0,0.0,86400.0,639.0,639.0,639.0,0.0,2117.77,12140.0,48091.4,35.538,27.225,45194.5,2673.0,7.04,154.114,0.635925,84790.0,0.018121,2.58872,117.99,842.785,35.4702,633.397
E01A012,6500.0,0.0,1.0,0.0,86400.0,639.0,639.0,639.0,0.0,2117.77,12140.0,48091.4,35.538,27.225,45194.5,2673.0,7.04,154.114,0.635925,84790.0,0.018121,2.58872,117.99,842.785,35.4702,633.397
E01A018,6500.0,0.0,1.0,0.0,86400.0,639.0,639.0,639.0,0.0,2139.77,12140.0,48092.6,35.538,27.225,45194.5,2673.0,7.04,155.336,0.635761,84768.1,0.0187526,2.67895,117.99,842.785,36.6914,655.204
D01A052,7500.0,1.0,0.0,0.0,86400.0,647.0,455.0,475.0,192.0,5698.3,8644.0,48083.7,35.6602,27.225,45194.2,2673.0,7.04,146.527,0.636395,84852.7,0.72355,103.364,119.467,853.336,25.6997,458.924
D01A063,7500.0,1.0,0.0,0.0,86400.0,646.0,422.0,450.0,224.0,1715.61,8017.0,48088.5,32.1523,36.3,45193.0,2673.0,8.8,145.294,0.635965,84795.3,1.39667,199.524,119.282,852.017,23.9794,428.204
E01A011,7500.0,1.0,0.0,0.0,86400.0,645.0,487.0,503.0,158.0,5575.21,9252.0,48086.3,35.5589,27.225,45194.4,2673.0,7.04,149.033,0.636129,84817.2,0.620593,88.6561,119.098,850.698,28.6789,512.123
E01A018,7500.0,1.0,0.0,0.0,86400.0,646.0,540.0,552.0,106.0,3372.43,10259.0,48094.7,32.1665,36.3,45193.0,2673.0,8.8,151.432,0.635615,84748.7,0.892236,127.462,119.282,852.017,30.6222,546.824
D01A052,7000.0,1.0,1.0,0.0,86400.0,639.0,639.0,639.0,0.0,2117.79,12140.0,48091.4,35.5315,27.225,45194.5,2673.0,7.04,154.114,0.635925,84790.0,0.0182875,2.6125,117.99,842.785,35.4702,633.397
D01A063,7000.0,1.0,1.0,0.0,86400.0,639.0,639.0,639.0,0.0,2756.8,12140.0,48098.5,32.2313,36.3,45192.8,2673.0,8.8,155.286,0.634714,84628.5,1.19086,170.123,117.99,842.785,35.4702,633.397
D01A008,8000.0,0.0,1.0,0.0,86400.0,639.0,639.0,639.0,0.0,2161.77,12140.0,48093.8,35.538,27.225,45194.5,2673.0,7.04,156.557,0.635597,84746.2,0.0193921,2.7703,117.99,842.785,37.9126,677.011
D01A020,8000.0,0.0,1.0,0.0,86400.0,659.0,409.0,437.0,250.0,4819.42,7770.0,48106.2,14.7426,18.15,45244.3,2673.0,5.28,150.673,0.636643,84885.7,0.841609,120.23,121.683,869.163,27.5123,491.291
D01A031,8000.0,0.0,1.0,0.0,86400.0,641.0,610.0,613.0,31.0,2998.67,11589.0,48094.0,35.4357,27.225,45194.7,2673.0,7.04,156.61,0.63552,84736.0,0.128205,18.315,118.359,845.423,37.4869,669.409
D01A052,8000.0,0.0,1.0,0.0,86400.0,652.0,457.0,476.0,195.0,7274.22,8682.0,48092.0,35.591,27.225,45194.4,2673.0,7.04,154.816,0.635371,84716.1,0.713165,101.881,120.39,859.931,33.0769,590.66
D01A057,8000.0,0.0,1.0,0.0,86400.0,639.0,639.0,639.0,0.0,2117.77,12140.0,48091.4,35.538,27.225,45194.5,2673.0,7.04,154.114,0.635925,84790.0,0.018121,2.58872,117.99,842.785,35.4702,633.397
D01A063,8000.0,0.0,1.0,0.0,86400.0,650.0,403.0,431.0,247.0,4514.82,7656.0,48095.2,32.3629,36.3,45192.6,2673.0,8.8,152.143,0.635531,84737.5,0.938457,134.065,120.021,857.293,30.5483,545.505
E01A001,8000.0,0.0,1.0,0.0,86400.0,639.0,639.0,639.0,0.0,2117.77,12140.0,48091.4,35.538,27.225,45194.5,2673.0,7.04,154.114,0.635925,84790.0,0.018121,2.58872,117.99,842.785,35.4702,633.397
E01A006,8000.0,0.0,1.0,0.0,86400.0,639.0,639.0,639.0,0.0,2139.77,12140.0,48092.6,35.538,27.225,45194.5,2673.0,7.04,155.336,0.635761,84768.1,0.0187573,2.67962,117.99,842.785,36.6914,655.204
E01A011,8000.0,0.0,1.0,0.0,86400.0,652.0,586.0,591.0,66.0,5552.04,11133.0,48100.1,32.0892,36.3,45193.1,2673.0,8.8,156.808,0.635305,84707.3,0.553063,79.0089,120.39,859.931,35.2294,629.096
E01A012,8000.0,0.0,1.0,0.0,86400.0,639.0,639.0,639.0,0.0,2117.77,12140.0,48091.4,35.538,27.225,45194.5,2673.0,7.04,154.114,0.635925,84790.0,0.018121,2.58872,117.99,842.785,35.4702,633.397
E01A018,8000.0,0.0,1.0,0.0,86400.0,644.0,575.0,582.0,69.0,3756.11,10924.0,48092.4,35.6613,27.225,45194.2,2673.0,7.04,155.291,0.635444,84725.9,0.438422,62.6317,118.913,849.379,35.3037,630.424
D01A008,9000.0,0.0,0.0,0.0,86400.0,639.0,639.0,639.0,0.0,2182.77,12140.0,48095.0,35.538,27.225,45194.5,2673.0,7.04,157.724,0.63544,84725.3,0.0199988,2.85697,117.99,842.785,39.0783,697.827
D01A020,9000.0,0.0,0.0,0.0,86400.0,660.0,461.0,481.0,199.0,6703.2,8758.0,48100.8,21.6272,18.15,45230.5,2673.0,5.28,152.212,0.636314,84841.8,0.788325,112.618,121.867,870.482,28.9197,516.424
D01A031,9000.0,0.0,0.0,0.0,86400.0,642.0,605.0,608.0,37.0,3782.53,11494.0,48094.4,35.491,27.225,45194.6,2673.0,7.04,157.124,0.635432,84724.3,0.162836,23.2623,118.544,846.742,37.7824,674.685
D01A052,9000.0,0.0,0.0,0.0,86400.0,654.0,450.0,473.0,204.0,4226.86,8549.0,48091.3,35.5486,27.225,45194.5,2673.0,7.04,154.054,0.635459,84727.9,0.760416,108.631,120.76,862.568,31.8989,569.623
D01A057,9000.0,0.0,0.0,0.0,86400.0,639.0,639.0,639.0,0.0,2117.77,12140.0,48091.4,35.538,27.225,45194.5,2673.0,7.04,154.114,0.635925,84790.0,0.018121,2.58872,117.99,842.785,35.4702,633.397
D01A063,9000.0,0.0,0.0,0.0,86400.0,652.0,424.0,449.0,228.0,5230.28,8055.0,48093.8,32.4667,36.3,45192.4,2673.0,8.8,150.87,0.63569,84758.7,0.979376,139.911,120.39,859.931,28.8642,515.432
E01A001,9000.0,0.0,0.0,0.0,86400.0,639.0,639.0,639.0,0.0,2151.77,12140.0,48093.6,35.263,27.225,45195.0,2673.0,7.04,156.002,0.635679,84757.2,0.0191032,2.72903,117.99,842.785,37.3576,667.099
E01A006,9000.0,0.0,0.0,0.0,86400.0,642.0,610.0,613.0,32.0,3070.24,11589.0,48103.4,20.1976,18.15,45233.4,2673.0,5.28,153.342,0.636548,84873.0,0.134211,19.1729,118.544,846.742,34.027,607.625
E01A011,9000.0,0.0,0.0,0.0,86400.0,651.0,520.0,534.0,131.0,4415.3,9879.0,48103.9,19.7531,27.225,45226.0,2673.0,7.04,150.804,0.636293,84839.0,0.875804,125.115,120.206,858.612,29.0867,519.406
E01A012,9000.0,0.0,0.0,0.0,86400.0,639.0,639.0,639.0,0.0,2117.77,12140.0,48091.4,35.538,27.225,45194.5,2673.0,7.04,154.114,0.635925,84790.0,0.018121,2.58872,117.99,842.785,35.4702,633.397
E01A018,9000.0,0.0,0.0,0.0,86400.0,643.0,554.0,563.0,89.0,4168.8,10525.0,48094.3,35.2004,27.225,45195.1,2673.0,7.04,156.715,0.635338,84711.7,0.345941,49.4201,118.728,848.06,37.0052,660.808
D01A008,3500.0,0.0,1.0,0.0,86400.0,639.0,639.0,639.0,0.0,2117.77,12140.0,48091.4,35.538,27.225,45194.5,2673.0,7.04,154.114,0.635925,84790.0,0.018121,2.58872,117.99,842.785,35.4702,633.397
D01A020,3500.0,0.0,1.0,0.0,86400.0,639.0,639.0,639.0,0.0,2117.77,12140.0,48091.4,35.538,27.225,45194.5,2673.0,7.04,154.114,0.635925,84790.0,0.018121,2.58872,117.99,842.785,35.4702,633.397
D01A031,3500.0,0.0,1.0,0.0,86400.0,639.0,639.0,639.0,0.0,2117.77,12140.0,48091.4,35.538,27.225,45194.5,2673.0,7.04,154.114,0.635925,84790.0,0.018121,2.58872,117.99,842.785,35.4702,633.397
D01A052,3500.0,0.0,1.0,0.0,86400.0,639.0,639.0,639.0,0.0,2117.77,12140.0,48091.4,35.538,27.225,45194.5,2673.0,7.04,154.114,0.635925,84790.0,0.018121,2.58872,117.99,842.785,35.4702,633.397
D01A057,3500.0,0.0,1.0,0.0,86400.0,639.0,639.0,639.0,0.0,2117.77,12140.0,48091.4,35.538,27.225,45194.5,2673.0,7.04,154.114,0.635925,84790.0,0.018121,2.58872,117.99,842.785,35.4702,633.397
D01A063,3500.0,0.0,1.0,0.0,86400.0,639.0,639.0,639.0,0.0,2117.77,12140.0,48091.4,35.538,27.225,45194.5,2673.0,7.04,154.114,0.635925,84790.0,0.018121,2.58872,117.99,842.785,35.4702,633.397
E01A001,3500.0,0.0,1.0,0.0,86400.0,639.0,639.0,639.0,0.0,2117.77,12140.0,48091.4,35.538,27.225,45194.5,2673.0,7.04,154.114,0.635925,84790.0,0.018121,2.58872,117.99,842.785,35.4702,633.397
E01A006,3500.0,0.0,1.0,0.0,86400.0,639.0,639.0,639.0,0.0,2117.77,12140.0,48091.4,35.538,27.225,45194.5,2673.0,7.04,154.114,0.635925,84790.0,0.018121,2.58872,117.99,842.785,35.4702,633.397
E01A011,3500.0,0.0,1.0,0.0,86400.0,639.0,639.0,639.0,0.0,2117.77,12140.0,48091.4,35.538,27.225,45194.5,2673.0,7.04,154.114,0.635925,84790.0,0.018121,2.58872,117.99,842.785,35.4702,633.397
E01A012,3500.0,0.0,1.0,0.0,86400.0,639.0,639.0,639.0,0.0,2117.77,12140.0,48091.4,35.538,27.225,45194.5,2673.0,7.04,154.114,0.635925,84790.0,0.018121,2.58872,117.99,842.785,35.4702,633.397
E01A018,3500.0,0.0,1.0,0.0,86400.0,639.0,639.0,639.0,0.0,2117.77,12140.0,48091.4,35.538,27.225,45194.5,2673.0,7.04,154.114,0.635925,84790.0,0.018121,2.58872,117.99,842.785,35.4702,633.397
D01A052,6000.0,1.0,0.0,0.0,86400.0,639.0,639.0,639.0,0.0,2117.8,12140.0,48091.4,35.5314,27.225,45194.5,2673.0,7.04,154.114,0.635925,84790.0,0.0182915,2.61307,117.99,842.785,35.4702,633.397
D01A063,6000.0,1.0,0.0,0.0,86400.0,639.0,639.0,639.0,0.0,2756.79,12140.0,48098.5,32.2316,36.3,45192.8,2673.0,8.8,155.286,0.634714,84628.5,1.19086,170.122,117.99,842.785,35.4702,633.397
D01A008,5000.0,0.0,0.0,0.0,86400.0,639.0,639.0,639.0,0.0,2117.77,12140.0,48091.4,35.538,27.225,45194.5,2673.0,7.04,154.114,0.635925,84790.0,0.018121,2.58872,117.99,842.785,35.4702,633.397
D01A020,5000.0,0.0,0.0,0.0,86400.0,639.0,639.0,639.0,0.0,2117.77,12140.0,48091.4,35.538,27.225,45194.5,2673.0,7.04,154.114,0.635925,84790.0,0.018121,2.58872,117.99,842.785,35.4702,633.397
D01A031,5000.0,0.0,0.0,0.0,86400.0,639.0,639.0,639.0,0.0,2117.77,12140.0,48091.4,35.538,27.225,45194.5,2673.0,7.04,154.114,0.635925,84790.0,0.018121,2.58872,117.99,842.785,35.4702,633.397
D01A052,5000.0,0.0,0.0,0.0,86400.0,639.0,639.0,639.0,0.0,2117.77,12140.0,48091.4,35.538,27.225,45194.5,2673.0,7.04,154.114,0.635925,84790.0,0.018121,2.58872,117.99,842.785,35.4702,633.397
D01A057,5000.0,0.0,0.0,0.0,86400.0,639.0,639.0,639.0,0.0,2117.77,12140.0,48091.4,35.538,27.225,45194.5,2673.0,7.04,154.114,0.635925,84790.0,0.018121,2.58872,117.99,842.785,35.4702,633.397
D01A063,5000.0,0.0,0.0,0.0,86400.0,639.0,639.0,639.0,0.0,2117.77,12140.0,48091.4,35.538,27.225,45194.5,2673.0,7.04,154.114,0.635925,84790.0,0.018121,2.58872,117.99,842.785,35.4702,633.397
E01A001,5000.0,0.0,0.0,0.0,86400.0,639.0,639.0,639.0,0.0,2117.77,12140.0,48091.4,35.538,27.225,45194.5,2673.0,7.04,154.114,0.635925,84790.0,0.018121,2.58872,117.99,842.785,35.4702,633.397
E01A006,5000.0,0.0,0.0,0.0,86400.0,639.0,639.0,639.0,0.0,2117.77,12140.0,48091.4,35.538,27.225,45194.5,2673.0,7.04,154.114,0.635925,84790.0,0.018121,2.58872,117.99,842.785,35.4702,633.397
E01A011,5000.0,0.0,0.0,0.0,86400.0,639.0,639.0,639.0,0.0,2117.77,12140.0,48091.4,35.538,27.225,45194.5,2673.0,7.04,154.114,0.635925,84790.0,0.018121,2.58872,117.99,842.785,35.4702,633.397
E01A012,5000.0,0.0,0.0,0.0,86400.0,639.0,639.0,639.0,0.0,2117.77,12140.0,48091.4,35.538,27.225,45194.5,2673.0,7.04,154.114,0.635925,84790.0,0.018121,2.58872,117.99,842.785,35.4702,633.397
E01A018,5000.0,0.0,0.0,0.0,86400.0,639.0,639.0,639.0,0.0,2117.77,12140.0,48091.4,35.538,27.225,45194.5,2673.0,7.04,154.114,0.635925,84790.0,0.018121,2.58872,117.99,842.785,35.4702,633.397
D01A008,500.0,0.0,1.0,0.0,86400.0,639.0,639.0,639.0,0.0,2117.77,12140.0,48091.4,35.538,27.225,45194.5,2673.0,7.04,154.114,0.635925,84790.0,0.018121,2.58872,117.99,842.785,35.4702,633.397
D01A020,500.0,0.0,1.0,0.0,86400.0,639.0,639.0,639.0,0.0,2117.77,12140.0,48091.4,35.538,27.225,45194.5,2673.0,7.04,154.114,0.635925,84790.0,0.018121,2.58872,117.99,842.785,35.4702,633.397
D01A031,500.0,0.0,1.0,0.0,86400.0,639.0,639.0,639.0,0.0,2117.77,12140.0,48091.4,35.538,27.225,45194.5,2673.0,7.04,154.114,0.635925,84790.0,0.018121,2.58872,117.99,842.785,35.4702,633.397
D01A052,500.0,0.0,1.0,0.0,86400.0,639.0,639.0,639.0,0.0,2117.77,12140.0,48091.4,35.538,27.225,45194.5,2673.0,7.04,154.114,0.635925,84790.0,0.018121,2.58872,117.99,842.785,35.4702,633.397
D01A057,500.0,0.0,1.0,0.0,86400.0,639.0,639.0,639.0,0.0,2117.77,12140.0,48091.4,35.538,27.225,45194.5,2673.0,7.04,154.114,0.635925,84790.0,0.018121,2.58872,117.99,842.785,35.4702,633.397
D01A063,500.0,0.0,1.0,0.0,86400.0,639.0,639.0,639.0,0.0,2117.77,12140.0,48091.4,35.538,27.225,45194.5,2673.0,7.04,154.114,0.635925,84790.0,0.018121,2.58872,117.99,842.785,35.4702,633.397
E01A001,500.0,0.0,1.0,0.0,86400.0,639.0,639.0,639.0,0.0,2117.77,12140.0,48091.4,35.538,27.225,45194.5,2673.0,7.04,154.114,0.635925,84790.0,0.018121,2.58872,117.99,842.785,35.4702,633.397
E01A006,500.0,0.0,1.0,0.0,86400.0,639.0,639.0,639.0,0.0,2117.77,12140.0,48091.4,35.538,27.225,45194.5,2673.0,7.04,154.114,0.635925,84790.0,0.018121,2.58872,117.99,842.785,35.4702,633.397
E01A011,500.0,0.0,1.0,0.0,86400.0,639.0,639.0,639.0,0.0,2117.77,12140.0,48091.4,35.538,27.225,45194.5,2673.0,7.04,154.114,0.635925,84790.0,0.018121,2.58872,117.99,842.785,35.4702,633.397
E01A012,500.0,0.0,1.0,0.0,86400.0,639.0,639.0,639.0,0.0,2117.77,12140.0,48091.4,35.538,27.225,45194.5,2673.0,7.04,154.114,0.635925,84790.0,0.018121,2.58872,117.99,842.785,35.4702,633.397
E01A018,500.0,0.0,1.0,0.0,86400.0,639.0,639.0,639.0,0.0,2117.77,12140.0,48091.4,35.538,27.225,45194.5,2673.0,7.04,154.114,0.635925,84790.0,0.018121,2.58872,117.99,842.785,35.4702,633.397
D01A020,9000.0,1.0,0.0,0.0,86400.0,647.0,456.0,475.0,191.0,6681.62,8663.0,48083.9,35.4575,27.225,45194.6,2673.0,7.04,146.504,0.636287,84838.2,0.848615,121.231,119.467,853.336,25.5525,456.294
D01A052,9000.0,1.0,0.0,0.0,86400.0,646.0,456.0,475.0,190.0,6500.04,8663.0,48083.4,35.4739,27.225,45194.6,2673.0,7.04,146.043,0.636419,84855.9,0.756687,108.098,119.282,852.017,25.3676,452.993
D01A063,9000.0,1.0,0.0,0.0,86400.0,646.0,452.0,476.0,194.0,2033.2,8587.0,48089.7,32.3529,36.3,45192.6,2673.0,8.8,146.683,0.635946,84792.8,1.21257,173.224,119.282,852.017,25.5525,456.294
E01A011,9000.0,1.0,0.0,0.0,86400.0,648.0,478.0,498.0,170.0,3101.95,9081.0,48091.8,32.1912,36.3,45192.9,2673.0,8.8,148.581,0.635923,84789.8,1.00219,143.169,119.652,854.655,27.2916,487.35
D01A020,9500.0,1.0,1.0,0.0,86400.0,647.0,456.0,475.0,191.0,6681.62,8663.0,48083.9,35.4576,27.225,45194.6,2673.0,7.04,146.504,0.636287,84838.2,0.848612,121.23,119.467,853.336,25.5525,456.294
D01A052,9500.0,1.0,1.0,0.0,86400.0,646.0,456.0,475.0,190.0,6500.04,8663.0,48083.4,35.4741,27.225,45194.6,2673.0,7.04,146.043,0.636419,84855.9,0.756682,108.097,119.282,852.017,25.3676,452.993
D01A063,9500.0,1.0,1.0,0.0,86400.0,646.0,452.0,476.0,194.0,2033.2,8587.0,48089.7,32.3528,36.3,45192.6,2673.0,8.8,146.683,0.635946,84792.8,1.21257,173.225,119.282,852.017,25.5525,456.294
E01A011,9500.0,1.0,1.0,0.0,86400.0,648.0,478.0,498.0,170.0,3101.95,9081.0,48091.8,32.1911,36.3,45192.9,2673.0,8.8,148.581,0.635923,84789.8,1.00219,143.17,119.652,854.655,27.2916,487.35
D01A052,6500.0,1.0,1.0,0.0,86400.0,639.0,639.0,639.0,0.0,2117.79,12140.0,48091.4,35.5315,27.225,45194.5,2673.0,7.04,154.114,0.635925,84790.0,0.0182887,2.61267,117.99,842.785,35.4702,633.397
D01A063,6500.0,1.0,1.0,0.0,86400.0,639.0,639.0,639.0,0.0,2756.79,12140.0,48098.5,32.2314,36.3,45192.8,2673.0,8.8,155.286,0.634714,84628.5,1.19086,170.123,117.99,842.785,35.4702,633.397
D01A008,4000.0,0.0,0.0,0.0,86400.0,639.0,639.0,639.0,0.0,2117.77,12140.0,48091.4,35.538,27.225,45194.5,2673.0,7.04,154.114,0.635925,84790.0,0.018121,2.58872,117.99,842.785,35.4702,633.397
D01A020,4000.0,0.0,0.0,0.0,86400.0,639.0,639.0,639.0,0.0,2117.77,12140.0,48091.4,35.538,27.225,45194.5,2673.0,7.04,154.114,0.635925,84790.0,0.018121,2.58872,117.99,842.785,35.4702,633.397
D01A031,4000.0,0.0,0.0,0.0,86400.0,639.0,639.0,639.0,0.0,2117.77,12140.0,48091.4,35.538,27.225,45194.5,2673.0,7.04,154.114,0.635925,84790.0,0.018121,2.58872,117.99,842.785,35.4702,633.397
D01A052,4000.0,0.0,0.0,0.0,86400.0,639.0,639.0,639.0,0.0,2117.77,12140.0,48091.4,35.538,27.225,45194.5,2673.0,7.04,154.114,0.635925,84790.0,0.018121,2.58872,117.99,842.785,35.4702,633.397
D01A057,4000.0,0.0,0.0,0.0,86400.0,639.0,639.0,639.0,0.0,2117.77,12140.0,48091.4,35.538,27.225,45194.5,2673.0,7.04,154.114,0.635925,84790.0,0.018121,2.58872,117.99,842.785,35.4702,633.397
D01A063,4000.0,0.0,0.0,0.0,86400.0,639.0,639.0,639.0,0.0,2117.77,12140.0,48091.4,35.538,27.225,45194.5,2673.0,7.04,154.114,0.635925,84790.0,0.018121,2.58872,117.99,842.785,35.4702,633.397
E01A001,4000.0,0.0,0.0,0.0,86400.0,639.0,639.0,639.0,0.0,2117.77,12140.0,48091.4,35.538,27.225,45194.5,2673.0,7.04,154.114,0.635925,84790.0,0.018121,2.58872,117.99,842.785,35.4702,633.397
E01A006,4000.0,0.0,0.0,0.0,86400.0,639.0,639.0,639.0,0.0,2117.77,12140.0,48091.4,35.538,27.225,45194.5,2673.0,7.04,154.114,0.635925,84790.0,0.018121,2.58872,117.99,842.785,35.4702,633.397
E01A011,4000.0,0.0,0.0,0.0,86400.0,639.0,639.0,639.0,0.0,2117.77,12140.0,48091.4,35.538,27.225,45194.5,2673.0,7.04,154.114,0.635925,84790.0,0.018121,2.58872,117.99,842.785,35.4702,633.397
E01A012,4000.0,0.0,0.0,0.0,86400.0,639.0,639.0,639.0,0.0,2117.77,12140.0,48091.4,35.538,27.225,45194.5,2673.0,7.04,154.114,0.635925,84790.0,0.018121,2.58872,117.99,842.785,35.4702,633.397
E01A018,4000.0,0.0,0.0,0.0,86400.0,639.0,639.0,639.0,0.0,2117.77,12140.0,48091.4,35.538,27.225,45194.5,2673.0,7.04,154.114,0.635925,84790.0,0.018121,2.58872,117.99,842.785,35.4702,633.397
D01A008,2500.0,0.0,0.0,0.0,86400.0,639.0,639.0,639.0,0.0,2117.77,12140.0,48091.4,35.538,27.225,45194.5,2673.0,7.04,154.114,0.635925,84790.0,0.018121,2.58872,117.99,842.785,35.4702,633.397
D01A020,2500.0,0.0,0.0,0.0,86400.0,639.0,639.0,639.0,0.0,2117.77,12140.0,48091.4,35.538,27.225,45194.5,2673.0,7.04,154.114,0.635925,84790.0,0.018121,2.58872,117.99,842.785,35.4702,633.397
D01A031,2500.0,0.0,0.0,0.0,86400.0,639.0,639.0,639.0,0.0,2117.77,12140.0,48091.4,35.538,27.225,45194.5,2673.0,7.04,154.114,0.635925,84790.0,0.018121,2.58872,117.99,842.785,35.4702,633.397
D01A052,2500.0,0.0,0.0,0.0,86400.0,639.0,639.0,639.0,0.0,2117.77,12140.0,48091.4,35.538,27.225,45194.5,2673.0,7.04,154.114,0.635925,84790.0,0.018121,2.58872,117.99,842.785,35.4702,633.397
D01A057,2500.0,0.0,0.0,0.0,86400.0,639.0,639.0,639.0,0.0,2117.77,12140.0,48091.4,35.538,27.225,45194.5,2673.0,7.04,154.114,0.635925,84790.0,0.018121,2.58872,117.99,842.785,35.4702,633.397
D01A063,2500.0,0.0,0.0,0.0,86400.0,639.0,639.0,639.0,0.0,2117.77,12140.0,48091.4,35.538,27.225,45194.5,2673.0,7.04,154.114,0.635925,84790.0,0.018121,2.58872,117.99,842.785,35.4702,633.397
E01A001,2500.0,0.0,0.0,0.0,86400.0,639.0,639.0,639.0,0.0,2117.77,12140.0,48091.4,35.538,27.225,45194.5,2673.0,7.04,154.114,0.635925,84790.0,0.018121,2.58872,117.99,842.785,35.4702,633.397
E01A006,2500.0,0.0,0.0,0.0,86400.0,639.0,639.0,639.0,0.0,2117.77,12140.0,48091.4,35.538,27.225,45194.5,2673.0,7.04,154.114,0.635925,84790.0,0.018121,2.58872,117.99,842.785,35.4702,633.397
E01A011,2500.0,0.0,0.0,0.0,86400.0,639.0,639.0,639.0,0.0,2117.77,12140.0,48091.4,35.538,27.225,45194.5,2673.0,7.04,154.114,0.635925,84790.0,0.018121,2.58872,117.99,842.785,35.4702,633.397
E01A012,2500.0,0.0,0.0,0.0,86400.0,639.0,639.0,639.0,0.0,2117.77,12140.0,48091.4,35.538,27.225,45194.5,2673.0,7.04,154.114,0.635925,84790.0,0.018121,2.58872,117.99,842.785,35.4702,633.397
E01A018,2500.0,0.0,0.0,0.0,86400.0,639.0,639.0,639.0,0.0,2117.77,12140.0,48091.4,35.538,27.225,45194.5,2673.0,7.04,154.114,0.635925,84790.0,0.018121,2.58872,117.99,842.785,35.4702,633.397
D01A052,5500.0,1.0,1.0,0.0,86400.0,639.0,639.0,639.0,0.0,2117.79,12140.0,48091.4,35.5316,27.225,45194.5,2673.0,7.04,154.114,0.635925,84790.0,0.0182845,2.61207,117.99,842.785,35.4702,633.397
D01A063,5500.0,1.0,1.0,0.0,86400.0,639.0,639.0,639.0,0.0,2756.79,12140.0,48098.5,32.2316,36.3,45192.8,2673.0,8.8,155.286,0.634714,84628.5,1.19085,170.122,117.99,842.785,35.4702,633.397
D01A052,6500.0,1.0,0.0,0.0,86400.0,639.0,639.0,639.0,0.0,2117.79,12140.0,48091.4,35.5315,27.225,45194.5,2673.0,7.04,154.114,0.635925,84790.0,0.0182887,2.61267,117.99,842.785,35.4702,633.397
D01A063,6500.0,1.0,0.0,0.0,86400.0,639.0,639.0,639.0,0.0,2756.79,12140.0,48098.5,32.2314,36.3,45192.8,2673.0,8.8,155.286,0.634714,84628.5,1.19086,170.123,117.99,842.785,35.4702,633.397
D01A008,10000.0,0.0,0.0,0.0,86400.0,661.0,472.0,492.0,189.0,5401.94,8967.0,48101.1,21.4882,18.15,45230.8,2673.0,5.28,152.403,0.636387,84851.6,0.703047,100.435,122.052,871.801,29.0119,518.07
D01A020,10000.0,0.0,0.0,0.0,86400.0,649.0,447.0,471.0,202.0,2900.22,8492.0,48091.1,32.4363,36.3,45192.4,2673.0,8.8,148.146,0.636102,84813.6,0.882007,126.001,119.836,855.974,26.792,478.429
D01A031,10000.0,0.0,0.0,0.0,86400.0,639.0,639.0,639.0,0.0,2117.77,12140.0,48091.4,35.538,27.225,45194.5,2673.0,7.04,154.114,0.635925,84790.0,0.018121,2.58872,117.99,842.785,35.4702,633.397
D01A052,10000.0,0.0,0.0,0.0,86400.0,651.0,352.0,381.0,299.0,9927.95,6687.0,48089.3,22.7745,18.15,45228.3,2673.0,5.28,141.887,0.637224,84963.2,1.11668,159.526,120.206,858.612,19.9273,355.844
D01A057,10000.0,0.0,0.0,0.0,86400.0,639.0,639.0,639.0,0.0,2117.77,12140.0,48091.4,35.538,27.225,45194.5,2673.0,7.04,154.114,0.635925,84790.0,0.018121,2.58872,117.99,842.785,35.4702,633.397
D01A063,10000.0,0.0,0.0,0.0,86400.0,648.0,344.0,382.0,304.0,1313.12,6535.0,48102.6,9.9,18.15,45256.2,2673.0,3.52,141.816,0.636928,84923.8,1.41512,202.16,119.836,855.974,19.9273,355.844
E01A001,10000.0,0.0,0.0,0.0,86400.0,639.0,639.0,639.0,0.0,2161.77,12140.0,48093.8,35.538,27.225,45194.5,2673.0,7.04,156.557,0.635597,84746.2,0.0193937,2.77053,117.99,842.785,37.9126,677.011
E01A006,10000.0,0.0,0.0,0.0,86400.0,639.0,639.0,639.0,0.0,2117.77,12140.0,48091.4,35.538,27.225,45194.5,2673.0,7.04,154.114,0.635925,84790.0,0.018121,2.58872,117.99,842.785,35.4702,633.397
E01A011,10000.0,0.0,0.0,0.0,86400.0,643.0,609.0,612.0,34.0,3392.07,11570.0,48091.8,35.4754,27.225,45194.6,2673.0,7.04,154.473,0.635738,84765.1,0.231035,33.0049,118.728,848.06,34.878,622.821
E01A012,10000.0,0.0,0.0,0.0,86400.0,639.0,639.0,639.0,0.0,2117.77,12140.0,48091.4,35.538,27.225,45194.5,2673.0,7.04,154.114,0.635925,84790.0,0.018121,2.58872,117.99,842.785,35.4702,633.397
E01A018,10000.0,0.0,0.0,0.0,86400.0,639.0,639.0,639.0,0.0,2118.77,12140.0,48091.4,35.538,27.225,45194.5,2673.0,7.04,154.17,0.635918,84789.0,0.0181503,2.59289,117.99,842.785,35.5258,634.388
D01A020,8000.0,1.0,1.0,0.0,86400.0,644.0,488.0,504.0,156.0,5294.38,9271.0,48084.8,35.5743,27.225,45194.4,2673.0,7.04,147.532,0.636318,84842.4,0.616997,88.1424,118.913,849.379,27.3655,488.669
D01A052,8000.0,1.0,1.0,0.0,86400.0,644.0,513.0,529.0,131.0,2119.93,9746.0,48086.1,35.4245,27.225,45194.7,2673.0,7.04,148.716,0.636234,84831.2,0.542359,77.4799,118.913,849.379,28.6238,511.14
D01A063,8000.0,1.0,1.0,0.0,86400.0,644.0,514.0,530.0,130.0,2389.67,9765.0,48092.9,32.1253,36.3,45193.0,2673.0,8.8,149.638,0.63548,84730.7,1.26229,180.327,118.913,849.379,28.8275,514.777
E01A011,8000.0,1.0,1.0,0.0,86400.0,645.0,598.0,602.0,47.0,4318.53,11361.0,48097.5,32.3275,36.3,45192.6,2673.0,8.8,154.473,0.635218,84695.8,0.861103,123.015,119.098,850.698,33.8788,604.979
D01A008,6500.0,0.0,0.0,0.0,86400.0,639.0,639.0,639.0,0.0,2117.77,12140.0,48091.4,35.538,27.225,45194.5,2673.0,7.04,154.114,0.635925,84790.0,0.018121,2.58872,117.99,842.785,35.4702,633.397
D01A020,6500.0,0.0,0.0,0.0,86400.0,639.0,639.0,639.0,0.0,2117.77,12140.0,48091.4,35.538,27.225,45194.5,2673.0,7.04,154.114,0.635925,84790.0,0.018121,2.58872,117.99,842.785,35.4702,633.397
D01A031,6500.0,0.0,0.0,0.0,86400.0,639.0,639.0,639.0,0.0,2139.77,12140.0,48092.6,35.538,27.225,45194.5,2673.0,7.04,155.336,0.635761,84768.1,0.0187638,2.68054,117.99,842.785,36.6914,655.204
D01A052,6500.0,0.0,0.0,0.0,86400.0,660.0,511.0,522.0,149.0,9757.48,9708.0,48099.3,22.6982,18.15,45228.4,2673.0,5.28,151.808,0.636388,84851.7,0.735854,105.122,121.867,870.482,28.5683,510.149
D01A057,6500.0,0.0,0.0,0.0,86400.0,639.0,639.0,639.0,0.0,2117.77,12140.0,48091.4,35.538,27.225,45194.5,2673.0,7.04,154.114,0.635925,84790.0,0.018121,2.58872,117.99,842.785,35.4702,633.397
D01A063,6500.0,0.0,0.0,0.0,86400.0,644.0,498.0,516.0,146.0,2257.64,9461.0,48109.3,9.9,18.15,45256.2,2673.0,3.52,148.566,0.636178,84823.7,1.18869,169.813,119.098,850.698,27.6435,493.634
E01A001,6500.0,0.0,0.0,0.0,86400.0,639.0,639.0,639.0,0.0,2117.77,12140.0,48091.4,35.538,27.225,45194.5,2673.0,7.04,154.114,0.635925,84790.0,0.018121,2.58872,117.99,842.785,35.4702,633.397
E01A006,6500.0,0.0,0.0,0.0,86400.0,639.0,639.0,639.0,0.0,2117.77,12140.0,48091.4,35.538,27.225,45194.5,2673.0,7.04,154.114,0.635925,84790.0,0.018121,2.58872,117.99,842.785,35.4702,633.397
E01A011,6500.0,0.0,0.0,0.0,86400.0,639.0,639.0,639.0,0.0,2117.77,12140.0,48091.4,35.538,27.225,45194.5,2673.0,7.04,154.114,0.635925,84790.0,0.018121,2.58872,117.99,842.785,35.4702,633.397
E01A012,6500.0,0.0,0.0,0.0,86400.0,639.0,639.0,639.0,0.0,2117.77,12140.0,48091.4,35.538,27.225,45194.5,2673.0,7.04,154.114,0.635925,84790.0,0.018121,2.58872,117.99,842.785,35.4702,633.397
E01A018,6500.0,0.0,0.0,0.0,86400.0,639.0,639.0,639.0,0.0,2139.77,12140.0,48092.6,35.538,27.225,45194.5,2673.0,7.04,155.336,0.635761,84768.1,0.0187526,2.67895,117.99,842.785,36.6914,655.204
D01A008,6000.0,0.0,1.0,0.0,86400.0,639.0,639.0,639.0,0.0,2117.77,12140.0,48091.4,35.538,27.225,45194.5,2673.0,7.04,154.114,0.635925,84790.0,0.018121,2.58872,117.99,842.785,35.4702,633.397
D01A020,6000.0,0.0,1.0,0.0,86400.0,639.0,639.0,639.0,0.0,2117.77,12140.0,48091.4,35.538,27.225,45194.5,2673.0,7.04,154.114,0.635925,84790.0,0.018121,2.58872,117.99,842.785,35.4702,633.397
D01A031,6000.0,0.0,1.0,0.0,86400.0,639.0,639.0,639.0,0.0,2139.77,12140.0,48092.6,35.538,27.225,45194.5,2673.0,7.04,155.336,0.635761,84768.1,0.0187638,2.68054,117.99,842.785,36.6914,655.204
D01A052,6000.0,0.0,1.0,0.0,86400.0,660.0,511.0,522.0,149.0,9757.49,9708.0,48099.3,22.6982,18.15,45228.4,2673.0,5.28,151.808,0.636388,84851.7,0.735852,105.122,121.867,870.482,28.5683,510.149
D01A057,6000.0,0.0,1.0,0.0,86400.0,639.0,639.0,639.0,0.0,2117.77,12140.0,48091.4,35.538,27.225,45194.5,2673.0,7.04,154.114,0.635925,84790.0,0.018121,2.58872,117.99,842.785,35.4702,633.397
D01A063,6000.0,0.0,1.0,0.0,86400.0,644.0,498.0,516.0,146.0,2257.64,9461.0,48109.3,9.9,18.15,45256.2,2673.0,3.52,148.566,0.636178,84823.7,1.18869,169.813,119.098,850.698,27.6435,493.634
E01A001,6000.0,0.0,1.0,0.0,86400.0,639.0,639.0,639.0,0.0,2117.77,12140.0,48091.4,35.538,27.225,45194.5,2673.0,7.04,154.114,0.635925,84790.0,0.018121,2.58872,117.99,842.785,35.4702,633.397
E01A006,6000.0,0.0,1.0,0.0,86400.0,639.0,639.0,639.0,0.0,2117.77,12140.0,48091.4,35.538,27.225,45194.5,2673.0,7.04,154.114,0.635925,84790.0,0.018121,2.58872,117.99,842.785,35.4702,633.397
E01A011,6000.0,0.0,1.0,0.0,86400.0,639.0,639.0,639.0,0.0,2117.77,12140.0,48091.4,35.538,27.225,45194.5,2673.0,7.04,154.114,0.635925,84790.0,0.018121,2.58872,117.99,842.785,35.4702,633.397
E01A012,6000.0,0.0,1.0,0.0,86400.0,639.0,639.0,639.0,0.0,2117.77,12140.0,48091.4,35.538,27.225,45194.5,2673.0,7.04,154.114,0.635925,84790.0,0.018121,2.58872,117.99,842.785,35.4702,633.397
E01A018,6000.0,0.0,1.0,0.0,86400.0,639.0,639.0,639.0,0.0,2139.77,12140.0,48092.6,35.538,27.225,45194.5,2673.0,7.04,155.336,0.635761,84768.1,0.0187526,2.67895,117.99,842.785,36.6914,655.204
D01A008,500.0,0.0,0.0,0.0,86400.0,639.0,639.0,639.0,0.0,2117.77,12140.0,48091.4,35.538,27.225,45194.5,2673.0,7.04,154.114,0.635925,84790.0,0.018121,2.58872,117.99,842.785,35.4702,633.397
D01A020,500.0,0.0,0.0,0.0,86400.0,639.0,639.0,639.0,0.0,2117.77,12140.0,48091.4,35.538,27.225,45194.5,2673.0,7.04,154.114,0.635925,84790.0,0.018121,2.58872,117.99,842.785,35.4702,633.397
D01A031,500.0,0.0,0.0,0.0,86400.0,639.0,639.0,639.0,0.0,2117.77,12140.0,48091.4,35.538,27.225,45194.5,2673.0,7.04,154.114,0.635925,84790.0,0.018121,2.58872,117.99,842.785,35.4702,633.397
D01A052,500.0,0.0,0.0,0.0,86400.0,639.0,639.0,639.0,0.0,2117.77,12140.0,48091.4,35.538,27.225,45194.5,2673.0,7.04,154.114,0.635925,84790.0,0.018121,2.58872,117.99,842.785,35.4702,633.397
D01A057,500.0,0.0,0.0,0.0,86400.0,639.0,639.0,639.0,0.0,2117.77,12140.0,48091.4,35.538,27.225,45194.5,2673.0,7.04,154.114,0.635925,84790.0,0.018121,2.58872,117.99,842.785,35.4702,633.397
D01A063,500.0,0.0,0.0,0.0,86400.0,639.0,639.0,639.0,0.0,2117.77,12140.0,48091.4,35.538,27.225,45194.5,2673.0,7.04,154.114,0.635925,84790.0,0.018121,2.58872,117.99,842.785,35.4702,633.397
E01A001,500.0,0.0,0.0,0.0,86400.0,639.0,639.0,639.0,0.0,2117.77,12140.0,48091.4,35.538,27.225,45194.5,2673.0,7.04,154.114,0.635925,84790.0,0.018121,2.58872,117.99,842.785,35.4702,633.397
E01A006,500.0,0.0,0.0,0.0,86400.0,639.0,639.0,639.0,0.0,2117.77,12140.0,48091.4,35.538,27.225,45194.5,2673.0,7.04,154.114,0.635925,84790.0,0.018121,2.58872,117.99,842.785,35.4702,633.397
E01A011,500.0,0.0,0.0,0.0,86400.0,639.0,639.0,639.0,0.0,2117.77,12140.0,48091.4,35.538,27.225,45194.5,2673.0,7.04,154.114,0.635925,84790.0,0.018121,2.58872,117.99,842.785,35.4702,633.397
E01A012,500.0,0.0,0.0,0.0,86400.0,639.0,639.0,639.0,0.0,2117.77,12140.0,48091.4,35.538,27.225,45194.5,2673.0,7.04,154.114,0.635925,84790.0,0.018121,2.58872,117.99,842.785,35.4702,633.397
E01A018,500.0,0.0,0.0,0.0,86400.0,639.0,639.0,639.0,0.0,2117.77,12140.0,48091.4,35.538,27.225,45194.5,2673.0,7.04,154.114,0.635925,84790.0,0.018121,2.58872,117.99,842.785,35.4702,633.397
D01A052,6000.0,1.0,1.0,0.0,86400.0,639.0,639.0,639.0,0.0,2117.8,12140.0,48091.4,35.5314,27.225,45194.5,2673.0,7.04,154.114,0.635925,84790.0,0.0182915,2.61307,117.99,842.785,35.4702,633.397
D01A063,6000.0,1.0,1.0,0.0,86400.0,639.0,639.0,639.0,0.0,2756.79,12140.0,48098.5,32.2316,36.3,45192.8,2673.0,8.8,155.286,0.634714,84628.5,1.19086,170.122,117.99,842.785,35.4702,633.397
D01A008,3000.0,0.0,1.0,0.0,86400.0,639.0,639.0,639.0,0.0,2117.77,12140.0,48091.4,35.538,27.225,45194.5,2673.0,7.04,154.114,0.635925,84790.0,0.018121,2.58872,117.99,842.785,35.4702,633.397
D01A020,3000.0,0.0,1.0,0.0,86400.0,639.0,639.0,639.0,0.0,2117.77,12140.0,48091.4,35.538,27.225,45194.5,2673.0,7.04,154.114,0.635925,84790.0,0.018121,2.58872,117.99,842.785,35.4702,633.397
D01A031,3000.0,0.0,1.0,0.0,86400.0,639.0,639.0,639.0,0.0,2117.77,12140.0,48091.4,35.538,27.225,45194.5,2673.0,7.04,154.114,0.635925,84790.0,0.018121,2.58872,117.99,842.785,35.4702,633.397
D01A052,3000.0,0.0,1.0,0.0,86400.0,639.0,639.0,639.0,0.0,2117.77,12140.0,48091.4,35.538,27.225,45194.5,2673.0,7.04,154.114,0.635925,84790.0,0.018121,2.58872,117.99,842.785,35.4702,633.397
D01A057,3000.0,0.0,1.0,0.0,86400.0,639.0,639.0,639.0,0.0,2117.77,12140.0,48091.4,35.538,27.225,45194.5,2673.0,7.04,154.114,0.635925,84790.0,0.018121,2.58872,117.99,842.785,35.4702,633.397
D01A063,3000.0,0.0,1.0,0.0,86400.0,639.0,639.0,639.0,0.0,2117.77,12140.0,48091.4,35.538,27.225,45194.5,2673.0,7.04,154.114,0.635925,84790.0,0.018121,2.58872,117.99,842.785,35.4702,633.397
E01A001,3000.0,0.0,1.0,0.0,86400.0,639.0,639.0,639.0,0.0,2117.77,12140.0,48091.4,35.538,27.225,45194.5,2673.0,7.04,154.114,0.635925,84790.0,0.018121,2.58872,117.99,842.785,35.4702,633.397
E01A006,3000.0,0.0,1.0,0.0,86400.0,639.0,639.0,639.0,0.0,2117.77,12140.0,48091.4,35.538,27.225,45194.5,2673.0,7.04,154.114,0.635925,84790.0,0.018121,2.58872,117.99,842.785,35.4702,633.397
E01A011,3000.0,0.0,1.0,0.0,86400.0,639.0,639.0,639.0,0.0,2117.77,12140.0,48091.4,35.538,27.225,45194.5,2673.0,7.04,154.114,0.635925,84790.0,0.018121,2.58872,117.99,842.785,35.4702,633.397
E01A012,3000.0,0.0,1.0,0.0,86400.0,639.0,639.0,639.0,0.0,2117.77,12140.0,48091.4,35.538,27.225,45194.5,2673.0,7.04,154.114,0.635925,84790.0,0.018121,2.58872,117.99,842.785,35.4702,633.397
E01A018,3000.0,0.0,1.0,0.0,86400.0,639.0,639.0,639.0,0.0,2117.77,12140.0,48091.4,35.538,27.225,45194.5,2673.0,7.04,154.114,0.635925,84790.0,0.018121,2.58872,117.99,842.785,35.4702,633.397
D01A008,1500.0,0.0,0.0,0.0,86400.0,639.0,639.0,639.0,0.0,2117.77,12140.0,48091.4,35.538,27.225,45194.5,2673.0,7.04,154.114,0.635925,84790.0,0.018121,2.58872,117.99,842.785,35.4702,633.397
D01A020,1500.0,0.0,0.0,0.0,86400.0,639.0,639.0,639.0,0.0,2117.77,12140.0,48091.4,35.538,27.225,45194.5,2673.0,7.04,154.114,0.635925,84790.0,0.018121,2.58872,117.99,842.785,35.4702,633.397
D01A031,1500.0,0.0,0.0,0.0,86400.0,639.0,639.0,639.0,0.0,2117.77,12140.0,48091.4,35.538,27.225,45194.5,2673.0,7.04,154.114,0.635925,84790.0,0.018121,2.58872,117.99,842.785,35.4702,633.397
D01A052,1500.0,0.0,0.0,0.0,86400.0,639.0,639.0,639.0,0.0,2117.77,12140.0,48091.4,35.538,27.225,45194.5,2673.0,7.04,154.114,0.635925,84790.0,0.018121,2.58872,117.99,842.785,35.4702,633.397
D01A057,1500.0,0.0,0.0,0.0,86400.0,639.0,639.0,639.0,0.0,2117.77,12140.0,48091.4,35.538,27.225,45194.5,2673.0,7.04,154.114,0.635925,84790.0,0.018121,2.58872,117.99,842.785,35.4702,633.397
D01A063,1500.0,0.0,0.0,0.0,86400.0,639.0,639.0,639.0,0.0,2117.77,12140.0,48091.4,35.538,27.225,45194.5,2673.0,7.04,154.114,0.635925,84790.0,0.018121,2.58872,117.99,842.785,35.4702,633.397
E01A001,1500.0,0.0,0.0,0.0,86400.0,639.0,639.0,639.0,0.0,2117.77,12140.0,48091.4,35.538,27.225,45194.5,2673.0,7.04,154.114,0.635925,84790.0,0.018121,2.58872,117.99,842.785,35.4702,633.397
E01A006,1500.0,0.0,0.0,0.0,86400.0,639.0,639.0,639.0,0.0,2117.77,12140.0,48091.4,35.538,27.225,45194.5,2673.0,7.04,154.114,0.635925,84790.0,0.018121,2.58872,117.99,842.785,35.4702,633.397
E01A011,1500.0,0.0,0.0,0.0,86400.0,639.0,639.0,639.0,0.0,2117.77,12140.0,48091.4,35.538,27.225,45194.5,2673.0,7.04,154.114,0.635925,84790.0,0.018121,2.58872,117.99,842.785,35.4702,633.397
E01A012,1500.0,0.0,0.0,0.0,86400.0,639.0,639.0,639.0,0.0,2117.77,12140.0,48091.4,35.538,27.225,45194.5,2673.0,7.04,154.114,0.635925,84790.0,0.018121,2.58872,117.99,842.785,35.4702,633.397
E01A018,1500.0,0.0,0.0,0.0,86400.0,639.0,639.0,639.0,0.0,2117.77,12140.0,48091.4,35.538,27.225,45194.5,2673.0,7.04,154.114,0.635925,84790.0,0.018121,2.58872,117.99,842.785,35.4702,633.397
D01A020,8500.0,1.0,0.0,0.0,86400.0,642.0,549.0,558.0,93.0,4561.54,10430.0,48087.3,35.545,27.225,45194.5,2673.0,7.04,150.065,0.636196,84826.1,0.355281,50.7544,118.544,846.742,30.5299,545.178
D01A052,8500.0,1.0,0.0,0.0,86400.0,643.0,548.0,557.0,95.0,4826.36,10411.0,48087.6,35.4608,27.225,45194.6,2673.0,7.04,150.214,0.636174,84823.2,0.375393,53.6276,118.728,848.06,30.4744,544.186
D01A063,8500.0,1.0,0.0,0.0,86400.0,643.0,524.0,538.0,119.0,3090.67,9955.0,48093.1,32.2134,36.3,45192.9,2673.0,8.8,149.925,0.635434,84724.6,1.25197,178.852,118.728,848.06,29.3087,523.37
E01A011,8500.0,1.0,0.0,0.0,86400.0,642.0,546.0,558.0,96.0,2266.59,10373.0,48094.1,32.2981,36.3,45192.7,2673.0,8.8,150.997,0.635326,84710.1,1.1961,170.872,118.544,846.742,30.6222,546.824
D01A020,8000.0,1.0,0.0,0.0,86400.0,644.0,488.0,504.0,156.0,5294.38,9271.0,48084.8,35.5743,27.225,45194.4,2673.0,7.04,147.532,0.636318,84842.4,0.616997,88.1424,118.913,849.379,27.3655,488.669
D01A052,8000.0,1.0,0.0,0.0,86400.0,644.0,513.0,529.0,131.0,2119.93,9746.0,48086.1,35.4245,27.225,45194.7,2673.0,7.04,148.716,0.636234,84831.2,0.542359,77.4799,118.913,849.379,28.6238,511.14
D01A063,8000.0,1.0,0.0,0.0,86400.0,644.0,514.0,530.0,130.0,2389.67,9765.0,48092.9,32.1253,36.3,45193.0,2673.0,8.8,149.638,0.63548,84730.7,1.26229,180.327,118.913,849.379,28.8275,514.777
E01A011,8000.0,1.0,0.0,0.0,86400.0,645.0,598.0,602.0,47.0,4318.53,11361.0,48097.5,32.3275,36.3,45192.6,2673.0,8.8,154.473,0.635218,84695.8,0.861103,123.015,119.098,850.698,33.8788,604.979
D01A052,7500.0,1.0,1.0,0.0,86400.0,647.0,455.0,475.0,192.0,5698.3,8644.0,48083.7,35.6602,27.225,45194.2,2673.0,7.04,146.527,0.636395,84852.7,0.72355,103.364,119.467,853.336,25.6997,458.924
D01A063,7500.0,1.0,1.0,0.0,86400.0,646.0,422.0,450.0,224.0,1715.61,8017.0,48088.5,32.1523,36.3,45193.0,2673.0,8.8,145.294,0.635965,84795.3,1.39667,199.524,119.282,852.017,23.9794,428.204
E01A011,7500.0,1.0,1.0,0.0,86400.0,645.0,487.0,503.0,158.0,5575.21,9252.0,48086.3,35.5589,27.225,45194.4,2673.0,7.04,149.033,0.636129,84817.2,0.620593,88.6561,119.098,850.698,28.6789,512.123
E01A018,7500.0,1.0,1.0,0.0,86400.0,646.0,540.0,552.0,106.0,3372.43,10259.0,48094.7,32.1665,36.3,45193.0,2673.0,8.8,151.432,0.635615,84748.7,0.892236,127.462,119.282,852.017,30.6222,546.824
D01A008,2000.0,0.0,0.0,0.0,86400.0,639.0,639.0,639.0,0.0,2117.77,12140.0,48091.4,35.538,27.225,45194.5,2673.0,7.04,154.114,0.635925,84790.0,0.018121,2.58872,117.99,842.785,35.4702,633.397
D01A020,2000.0,0.0,0.0,0.0,86400.0,639.0,639.0,639.0,0.0,2117.77,12140.0,48091.4,35.538,27.225,45194.5,2673.0,7.04,154.114,0.635925,84790.0,0.018121,2.58872,117.99,842.785,35.4702,633.397
D01A031,2000.0,0.0,0.0,0.0,86400.0,639.0,639.0,639.0,0.0,2117.77,12140.0,48091.4,35.538,27.225,45194.5,2673.0,7.04,154.114,0.635925,84790.0,0.018121,2.58872,117.99,842.785,35.4702,633.397
D01A052,2000.0,0.0,0.0,0.0,86400.0,639.0,639.0,639.0,0.0,2117.77,12140.0,48091.4,35.538,27.225,45194.5,2673.0,7.04,154.114,0.635925,84790.0,0.018121,2.58872,117.99,842.785,35.4702,633.397
D01A057,2000.0,0.0,0.0,0.0,86400.0,639.0,639.0,639.0,0.0,2117.77,12140.0,48091.4,35.538,27.225,45194.5,2673.0,7.04,154.114,0.635925,84790.0,0.018121,2.58872,117.99,842.785,35.4702,633.397
D01A063,2000.0,0.0,0.0,0.0,86400.0,639.0,639.0,639.0,0.0,2117.77,12140.0,48091.4,35.538,27.225,45194.5,2673.0,7.04,154.114,0.635925,84790.0,0.018121,2.58872,117.99,842.785,35.4702,633.397
E01A001,2000.0,0.0,0.0,0.0,86400.0,639.0,639.0,639.0,0.0,2117.77,12140.0,48091.4,35.538,27.225,45194.5,2673.0,7.04,154.114,0.635925,84790.0,0.018121,2.58872,117.99,842.785,35.4702,633.397
E01A006,2000.0,0.0,0.0,0.0,86400.0,639.0,639.0,639.0,0.0,2117.77,12140.0,48091.4,35.538,27.225,45194.5,2673.0,7.04,154.114,0.635925,84790.0,0.018121,2.58872,117.99,842.785,35.4702,633.397
E01A011,2000.0,0.0,0.0,0.0,86400.0,639.0,639.0,639.0,0.0,2117.77,12140.0,48091.4,35.538,27.225,45194.5,2673.0,7.04,154.114,0.635925,84790.0,0.018121,2.58872,117.99,842.785,35.4702,633.397
E01A012,2000.0,0.0,0.0,0.0,86400.0,639.0,639.0,639.0,0.0,2117.77,12140.0,48091.4,35.538,27.225,45194.5,2673.0,7.04,154.114,0.635925,84790.0,0.018121,2.58872,117.99,842.785,35.4702,633.397
E01A018,2000.0,0.0,0.0,0.0,86400.0,639.0,639.0,639.0,0.0,2117.77,12140.0,48091.4,35.538,27.225,45194.5,2673.0,7.04,154.114,0.635925,84790.0,0.018121,2.58872,117.99,842.785,35.4702,633.397
D01A020,8500.0,1.0,1.0,0.0,86400.0,642.0,549.0,558.0,93.0,4561.54,10430.0,48087.3,35.545,27.225,45194.5,2673.0,7.04,150.065,0.636196,84826.1,0.355281,50.7544,118.544,846.742,30.5299,545.178
D01A052,8500.0,1.0,1.0,0.0,86400.0,643.0,548.0,557.0,95.0,4826.36,10411.0,48087.6,35.4608,27.225,45194.6,2673.0,7.04,150.214,0.636174,84823.2,0.375393,53.6276,118.728,848.06,30.4744,544.186
D01A063,8500.0,1.0,1.0,0.0,86400.0,643.0,524.0,538.0,119.0,3090.67,9955.0,48093.1,32.2134,36.3,45192.9,2673.0,8.8,149.925,0.635434,84724.6,1.25197,178.852,118.728,848.06,29.3087,523.37
E01A011,8500.0,1.0,1.0,0.0,86400.0,642.0,546.0,558.0,96.0,2266.59,10373.0,48094.1,32.2981,36.3,45192.7,2673.0,8.8,150.997,0.635326,84710.1,1.1961,170.872,118.544,846.742,30.6222,546.824
